user_id,join_date,user_grade
AG3D6O4STAQKAY2UVGEUV46KN35Q,2023-04-13,일반
AHMY5CWJMMK5BJRBBSNLYT3ONILA,2023-12-15,일반
AHCTC6ULH4XB6YHDY6PCH2R772LQ,2023-09-28,일반
AGYHHIERNXKA6P5T7CZLXKVPT7IQ,2023-04-17,일반
AG4OGOFWXJZTQ2HKYIOCOY3KXF2Q,2023-03-13,일반
AENGU523SXMOS7JPDTW52PNNVWGQ,2023-07-08,VIP
AEQJHCVTNINBS4FKTBGQRQTGTE5Q,2023-01-21,일반
AFC3FFC5PKFF5PMA52S3VCHOZ5FQ,2023-04-13,일반
AECPFYFQVRUWC3KGNLJIOREFP5LQ,2023-05-02,일반
AGYYVPDD7YG7FYNBXNGXZJT525AQ,2023-08-03,일반
AHONIZU3ICIEHQIGQ6R2VFRSBXOQ,2023-11-27,VIP
AFPHD2CRPDZMWMBL7WXRSVYWS5JA,2023-03-29,일반
AEZ346GX3HJ4O4XNRPHCNHXQURMQ,2023-04-10,VIP
AEPSWFPNECKO34PUC7I56ITGXR6Q,2023-12-26,일반
AHWVEHR5DYLVFTO2KF3IZATFQSWQ,2023-06-01,VIP
AH4QT33M55677I7ISQOAKEQWACYQ,2023-05-11,일반
AGU3BBQ2V2DDAMOAKGFAWDDQ6QHA,2023-05-30,VIP
AESFLDV2PT363T2AQLWQOWZ4N3OA,2023-11-05,일반
AHTPQRIMGUD4BYR5YIHBH3CCGEFQ,2023-09-15,일반
AEUVWXYP5LT7PZLLZENEO2NODPBQ,2023-12-10,일반
AHC7MPW55DOO6WNCOQVA2VHOD26A,2023-10-21,VIP
AFDI6FRPFBTNBG7BAEB7JDJSMKDQ,2023-07-11,일반
AFQKCEEEKXCOHTDG4WUN3XPPHJQQ,2023-10-04,일반
AHKUUFNMBZIDLSSPA4FEHIO2EC7Q,2023-06-10,VIP
AEWAZDZZJLQUYVOVGBEUKSLXHQ5A,2023-11-10,일반
AG5HTSFRRE6NL3M5SGCUQBP7YSCA,2023-01-22,일반
AH725ST5NW2Y4JZPKUNTIJCUK2BA,2023-09-10,일반
AHV3TXIFCJPMS4D5JATCEUR266MQ,2023-08-24,일반
AGWIGDEMFIIUAOXYY2QATNBSUGHA,2023-12-11,VIP
AFSTSLQUV4EVEXWKBOLEFHL2H5YQ,2023-02-18,일반
AGAKDNBHY2FKX7I4ACRGILU7QL7A,2023-02-28,일반
AFNWJUWJRHCC6HN52KMG5AKZY37Q,2023-06-19,VIP
AE3Q6KSUK5P75D5HFYHCRAOLODSA,2023-07-07,일반
AFUGIFH5ZAFXRDSZHM4QB2KPKFUQ,2023-09-28,일반
AFK4NJOLFSJGWLOJIUIAROJF6YVA,2023-07-09,일반
AFUOTYRFUXVPEBGIXVZZ7DR3CZUA,2023-06-24,일반
AFDLRSXKDZ6U3U3KD46SQLFGZQRA,2023-02-20,일반
AH5VLM66SIK7J3IRG4NY7XVOQ55A,2023-12-30,VIP
AE3MQNNHHLUHXURL5S7IAR7JTGNQ,2023-02-24,일반
AFSEOFZY67MYC7UAJU264Z5NFTLA,2023-09-01,일반
AEQ2YMXSZWEOHK2EHTNLOS56YTZQ,2023-11-16,일반
AGRVINWECNY7323CWFXZYYIZOFTQ,2023-05-11,일반
AHBAT6VLOXWGYDL57KHCNCLPXAKA,2023-11-03,VIP
AF7NDY2H6JVYTSQOZP76GCATQ34Q,2023-05-15,VIP
AFV7ZA733ZLME4KNLZPMPCBUNPPA,2023-01-21,일반
AHFAAPSY2MJ5HYOU2VQDJ7AQY4NQ,2023-11-25,일반
AH2WGV2PEBUTICRPBEEVKF24G5LA,2023-06-16,일반
AEP4MK3EKOBDKTGPJTRN5RBDIODA,2023-10-01,일반
AG7C6DAADCTRQJG2BRS3RIKDT52Q,2023-03-30,일반
AFU7BOMPVJ7Q3TTA4G67RASTGYIQ,2023-11-12,일반
AER5ZGIXXVYG3AWZTRZT7M2BYCEA,2023-01-14,일반
AHE76XQSOLGOP5ZEKTIW6KUPDWBQ,2023-08-30,일반
AGXTMB2XHZBEWZ2UIX7ODZ4XTU6Q,2023-09-22,일반
AHNM2XVU745EDPNGUOAG74PTSNRA,2023-12-12,일반
AH5RWQ4S72IVLZD6O75OPCFIVDXQ,2023-02-22,일반
AG322TYKVPLPBDXE7ABEUK5QTALQ,2023-12-06,일반
AHW6E5LQ2BDYOIVLAJGDH45J5V5Q,2023-04-02,일반
AF74RSGCHPZITVFSZN76K6GKPICA,2023-09-21,VIP
AHDD7ZNB47QA2JLYU53HD4ML3VNQ,2023-02-04,일반
AHV3ELGDSOWBYUQLXSPDCSHBQRHQ,2023-07-25,일반
AEJU4L3ZM2GTILSJZZSNSF6VUOIA,2023-03-22,일반
AFVD66VQMSHPDT3A6HBBBGKRXBZA,2023-02-19,VIP
AELKHQXVSSG6NHXLFJLLNEFRQQUQ,2023-12-26,VIP
AGYSMAC6V6RFJJOHG2FIRPOZ6CSQ,2023-01-02,일반
AGV3IEFANZCKECFGUM42MRH5FNOA,2023-02-23,일반
AEBO7NWCNXKT4AESAN443HQH35FQ,2023-04-16,VIP
AE7GD3VRRYQEAHDR7FXJIR23INYA,2023-09-17,일반
AHPAW24BI5X2GCX5M2LHI72VSJJQ,2023-11-06,일반
AE2VXY4CFO36MDSIMPG43XHNF4GA,2023-07-10,일반
AHHQEKUNVETALN7DTRHUQ2WAWEKQ,2023-08-06,일반
AFMIFTNTUD5PIHGONWOTRMMZ5EBA,2023-02-13,일반
AHOJBIZVVIIFJKRREY4B6ESVA4KA,2023-06-11,일반
AGYLPKPZHVYKKZHOTHCTYVEDAJ4A,2023-07-21,일반
AGTTU64JMX722LYCN3SOWLFPKPAQ,2023-09-27,VIP
AFWD4ZTM7473CDWARHCDQKK73MTA,2023-12-17,일반
AEXCQM3FDLX3YL3UJWWUIAIUJT4A,2023-10-31,VIP
AHUKYUWRUVRTB3IQGISXWTSPAWLQ,2023-09-28,일반
AFWW4UEXAJH7EAB5LTMKMSGLUN2Q,2023-08-03,일반
AFM5JL37WY7G6MLQUI4WAXUJME7Q,2023-09-09,일반
AFECO24WYFOU2KL7C3DMHTEHRU7Q,2023-07-09,VIP
AEYJ5I6JZZPOJB6MGWRQOHRQLPSQ,2023-10-23,일반
AFY5TVFOMVHGBPBTIJODYDQRZM5Q,2023-08-01,일반
AE3O6366WGEQAANKJ76QETTUQQTQ,2023-07-27,VIP
AEQIJCPWSBCDKUO5VROXXHWX3PPA,2023-08-25,일반
AGVIAQK2HQ47P7UVXHW2NBAEU7YQ,2023-12-04,VIP
AE3D5CJ2GDUP5SQ3AAYMVAGDTX7A,2023-02-22,일반
AH77IQRYD54XCRMCO7XEAIAYCLPA,2023-10-07,VIP
AEA2HQHMFG3ZGJFOLLJQ65WKIZUQ,2023-08-05,일반
AGUAYQHARAKR2VZTRP276KAGETKQ,2023-09-09,일반
AFKTST2773VUOKUHE7FCR6QCAURQ,2023-07-07,일반
AEGLHOQOWUUUQEDV6EWXTSHIUE7A,2023-02-10,일반
AEHQYGI5L4FFALBMC5XMT5KXSZCA,2023-06-06,일반
AHJFXFGDAXEHIG2ZLUWVMZ3LWPBA,2023-01-15,일반
AEP4CW3UI7AJ7XM7PAAKVCB6U3ZA,2023-10-28,일반
AHIWCPCQ2Z4HWEM7V4HGTLVZQM6Q,2023-03-06,일반
AHT4JDEYWRIQGCA2WAQJ6E2POHCQ,2023-12-11,일반
AF2XXVO7JUBUVAOBTJ3MNH4DGUFQ,2023-11-23,일반
AH6VDJLLPBXKCWXMLBKMBCQ2ESGA,2023-01-09,VIP
AE642RIGZIT2VPQJOLNUZ34QVWJQ,2023-12-10,일반
AFLHNKQH5UQZU3ATISKSMRE2KEDQ,2023-05-09,일반
AF2L4MCRCIDOOREQJN7QPQ4QBZCA,2023-05-16,일반
AGKLZ4SUHAU47KJXDVHBBEWJODUA,2023-03-04,일반
AHESCOYXLCXB56F4JO45X4CZQCYA,2023-05-19,일반
AGGHDE6KFZHEDUDJBD5R27AYMEWA,2023-03-22,일반
AGSGSRTEZBQY64WO2HKQTV7TWFSA,2023-06-12,일반
AEYD5HVYAJ23CR6PTWOOIKUOIDHA,2023-10-16,VIP
AFRMNW6TDHDZBP2UHF2K3MEAEYUA,2023-09-18,일반
AHICHCW6EC3BNV2IDAEAJPBG4HZQ,2023-08-19,일반
AGWFKE7RNP6EVC4JFLFSL76EEVVQ,2023-02-10,일반
AGEOQQHGNELZNEUKJAJUA7NTPBLA,2023-01-28,일반
AFS3QBSOMCE2FAZFUYZ3NBFQDLMQ,2023-05-15,일반
AGJYG6ZWCWD74WNE6Y37XZ2VUSMA,2023-07-20,일반
AHEVOQADJSSRX7DS325HSFLMP7VQ,2023-11-24,일반
AG7XYZRCSKX6G2OLO7DVZWIZ3PUQ,2023-09-25,일반
AE2THTCCQLBIUSWPF4CPXC6GGP7Q,2023-02-02,일반
AHUJZOV34DFEN55QQ5XOYKVKHV6Q,2023-02-17,일반
AELX4DI77ZHURZTDLYFU7XMP7R6Q,2023-03-03,VIP
AE2ODWBBOBD2SITDDIEJ644OSRFQ,2023-08-04,일반
AFLW4WXYQ3G6HU5LBQORDDZO3FOQ,2023-10-20,VIP
AGGRC2P6M43GDEWCAHGYAILCSKTQ,2023-04-09,VIP
AFB5KJR4Q5FICAHBOPDPUTB3O7QQ,2023-06-21,일반
AHW3QBHDOUMXODZ4EAMHD5JMDIDQ,2023-12-26,일반
AGXRGH7DLS3RVFS5KWU4PGR3H3GQ,2023-08-02,일반
AFLIHOX2HH7S2OJAD63UAHKMY34Q,2023-02-04,VIP
AEHBE4U3HD6G2TMSHKE7TNZYOWCA,2023-08-15,일반
AFHKIURZM4R62UEXTOCZLI2FPQ6A,2023-04-11,일반
AEW6K4E5A4RUWRFFUDINQE5WWBSQ,2023-05-11,일반
AG4LMDCRAAKD4U2FZ6B6N75KTHXA,2023-09-14,VIP
AHBNKB74LGTYUOKPAJBSKNFV45CA,2023-01-05,일반
AFIECTV45ADX5YPTE2VU6ORRHTGQ,2023-08-06,VIP
AFDUJI7KG7VMZF4JGJHV4DBCA4OA,2023-09-12,일반
AEUWKSX5ZL7DWOOYVDOWJKBHOVXA,2023-12-25,일반
AHEJW5MYVFOQBEXD6BIUBB3PJBPQ,2023-10-10,일반
AEM2Y22BKLFYL5BK7SC56Q75ODOQ,2023-07-26,일반
AHWDVB4OO4S3YS5RYQZIDBNV6BUQ,2023-01-15,일반
AFCEDQXVCB4LUUBWXRJS6KRU62FQ,2023-12-12,일반
AFNYIBWKJLJQKY4BGK77ZOTVMORA,2023-02-11,VIP
AFCTNNMP2LZLY5466YJ5AY3JE5ZA,2023-06-28,일반
AG3XBWOAL65DJSBHJ7LQ2K54HJKQ,2023-03-04,VIP
AF2ZFMLJS4UBCGZO4FMJTEPP6MHA,2023-12-18,일반
AFBZMRHC4GXUU7KNAK4OBKORDF6Q,2023-08-19,VIP
AHSIQL276K7X2UP72QOOOWNVRSXA,2023-08-29,일반
AF3D6X5NQWOBOEVVH2Y37N55AKZQ,2023-02-21,VIP
AFWOTSQXCQJLZ653Y7ACEZADKGYQ,2023-04-06,VIP
AEO5FHWNOSFBT554DKQAG4ICBGFQ,2023-08-10,일반
AGIQ5Y7Q4MKZ542KKVFZLAIZV6GQ,2023-08-19,일반
AFD53TWXXCPJAYQJ7REZPW34AKKQ,2023-08-25,일반
AHBMHE56M3IAD7Z4KXUKREAZX3WQ,2023-05-23,일반
AFR4YULNFZZC5DJOWH2KNFAOM6BQ,2023-06-20,VIP
AEP5UMK4KDMGZGBHBLZDB2R37OMA,2023-01-29,일반
AHLKQWAPXICPCSCIPIF6C6FOENOQ,2023-02-05,일반
AHTBS46SCEBGWK4SUH3FOQEORR3Q,2023-01-13,일반
AHEVO4Q5NM4YXMG2HDDXC5XMBGRQ,2023-06-09,VIP
AFZPH7ZAWX5VDY3HOBNYRDGIDBVA,2023-11-23,VIP
AFURD6VVHRG4HZ36KXGXYUTVUDLA,2023-07-06,일반
AHJF5BZJNDLXJXSW74ZPLHGO7GUA,2023-08-31,일반
AFUS52CHEA75E2YGQ6SYGP3PKBGA,2023-03-27,일반
AGS3YC22FW2PCSH3I7ODDXETZ6BA,2023-10-11,일반
AGGI2H2AGOIX6IBDJRWULYUP5DPQ,2023-03-07,일반
AG4TU4LCQXF2XTLMMGMFTNWL3OOA,2023-06-19,일반
AHIKJUDTVJ4T6DV6IUGFYZ5LXMPA,2023-02-14,일반
AE55KTFVNXYFD5FPYWP2OUPEYNPQ,2023-03-03,일반
AEBWA5I4QFCA3P3OBEPMELBGN4GQ,2023-05-14,일반
AHMGAC6QM62UXNEOCZIHLHSXPP2Q,2023-10-11,일반
AFHROSCGIXUPV3FYQ7H5QOD46Q7Q,2023-01-28,일반
AEAMIR3CMSA32IDEINSJKHRNANTA,2023-04-18,일반
AF355FTXYAKFH5NYPRTE7SL3WO3Q,2023-02-13,일반
AG5DWPD54QGSLWJ6QUFERLPNAX4Q,2023-12-06,일반
AFSMISGEYDYIP3Z42UTQU4AKOYZQ,2023-10-13,일반
AF5ILQY4KFDTO5XHHBJ42W5DXCZQ,2023-11-27,일반
AFBK3X6D3AHEHSYYXPL4L6JEMSLQ,2023-05-08,VIP
AFNB6YVNGE6IT3AWQVSIG2TJ5L3Q,2023-12-14,일반
AGGKMIGXUM3JRNVY7HZ3JHPJ7WTQ,2023-08-19,일반
AFMECPERM2GI2XQJSBWEPZKODISQ,2023-07-09,일반
AETPKXNOTUEX5GH7WL7XQHDR5M7Q,2023-08-13,일반
AERFCJ6BOMVO5YW5XM5Z2ESOIK3A,2023-10-10,일반
AGVUE2NFN2MQEOQ4PR525B2ZI5PQ,2023-05-01,일반
AFO4M4BQ2WS7A3LPKJY45B5C7DYQ,2023-04-26,일반
AG6CREU25N6P2H7RCHNIU6GGJ5BA,2023-08-21,일반
AHFITGJEF76CXALJZLYP6OIC4EOA,2023-09-16,일반
AG54MN24SX3EMMON4AMBUNL74K3Q,2023-12-25,일반
AF3GETWWBGMLASY2KKNNBS2VO6DQ,2023-07-17,일반
AHEIPXMFMVWHNPLGUXUIV5XNP2SA,2023-05-17,일반
AFWQRBBVJWYTYUFQHUJE63S6VXJQ,2023-11-14,일반
AFUT7ANZTZYGLXU65EQ2D5OP6UMA,2023-06-14,VIP
AGT7YYJVUC6ZHRKQHVUQZMDNLXEA,2023-08-13,일반
AE7OMK3IQJR2U2JZE2HQ4BKSPA6A,2023-11-03,일반
AGCRCU432TIF4J2EL7GBEWOIULGQ,2023-08-22,VIP
AERQBL3BISJQVHO3RLOOA4HKZX5A,2023-06-21,일반
AHIWNZ2HBQAHVE4OWODM6WH4PMOQ,2023-06-01,일반
AH2347WTE3DZ3TIZUB5LCLZPAYEQ,2023-11-11,일반
AHIH3QL5XONYJWEXF7VKLFHZBDJA,2023-06-09,VIP
AFYR53OTBUX2RNAKUZHUJ4RFJJNQ,2023-04-06,VIP
AHR735YWWYFTQI5VGEEYP3DZPB6Q,2023-08-21,일반
AEO5NTPVZBDP7EHO2NOJ3Q6QPN3A,2023-06-29,일반
AF7S5C6MJ7XPJ26E3U3Z5TIWHRMA,2023-04-23,일반
AGY65IJP7XREWO3GUDT46474CYKA,2023-11-14,일반
AE2E632GMYL5U2ESNXOX5UT5D34A,2023-02-21,일반
AFHE44JRHYO42EGIWNM2GC75ZIJA,2023-09-25,일반
AEMJJHRL3DAOOLBWHIDSFW56MJWQ,2023-10-22,일반
AHZWJCVEIEI76H2VGMUSN5D735IQ,2023-04-23,일반
AH2DFUHFTG4CKQFVGZSB4JHXSAWA,2023-04-11,일반
AGYTSAUTXMOPROERNJPXNEB2XWNQ,2023-04-23,일반
AF5JWNCDVWTXOFCICR6IYNOEQENQ,2023-03-22,일반
AEEFM3W6RGC2KDYG5B6N7VQXR4QA,2023-07-06,VIP
AGRT55DXEGF2EOL63HOKKKBB2KFA,2023-04-23,일반
AF6R7AMFHIWTMNFF6WPGFDOF7Z5A,2023-01-02,일반
AEGXNM3XGAHJGUJ7MIFPE7QFMJHA,2023-05-10,일반
AFA332YHUPB6I7KMME7SOFX5RKQQ,2023-08-08,일반
AH3LHRL5P4YAVOQQCH72G2PJFXSA,2023-02-23,VIP
AGUUHLF34AIEIOE5KULXXVWKBCMA,2023-12-09,일반
AHWY6IG3PXBBJMLVFMHHKM25BVCQ,2023-08-12,일반
AEOKB3ECJUM6UQOBFKMEMQVVHL4A,2023-08-13,일반
AEYA6LQE25O2P6C7XV62XM3YV2EQ,2023-05-06,일반
AHMKSLALVS62JUHSHAI3FUXWDYYA,2023-05-10,VIP
AFZIZOK5KDBOB5QCHUQRR2ZWUYKA,2023-02-22,일반
AGBX233C7B7D7YZEL7ZLFWMQKFDQ,2023-06-21,일반
AFKSU4D3IE4KNDBVVBEA3AHDD2YQ,2023-08-06,일반
AHJK4PVBRGDX4N5LYA4EKHULJOPQ,2023-06-09,일반
AFW6NV5N3FUXV3CNUACPSYC5AB3Q,2023-07-17,VIP
AGOCMOZJWGI5VHFT2RZLTQFZLKPQ,2023-09-04,일반
AGX3GCRGFU4IHAJZRUP655EEGSQA,2023-11-20,VIP
AEG5JOZOUBWEAZOGQQR6YDVPTL6A,2023-07-22,일반
AGUQYXAUPX5VOWYZTIWXMUIGVGCQ,2023-07-03,일반
AGHYCMV7RJ5D76UEZDZJPPEUGU5Q,2023-05-03,일반
AGKG3U55NSBTQ4QBDCGLUGSEEICA,2023-09-12,일반
AEK7TJPOW2SWCHCQOA7OEGXDZPCA,2023-10-21,일반
AH4QNGP7K2SO6FBWTS4Y274VHV6A,2023-10-07,일반
AH6CX2UTCOW6LXS74QK3TCQOHRIQ,2023-11-21,일반
AG4T75DAKCNZ6EPYPMKBGV6J54JQ,2023-04-08,일반
AF4GBAADHEMI3ZLPBAIZWYWN7GJA,2023-07-17,일반
AGOMXFNBIQBEWLN4JDC65FDPTBDQ,2023-08-28,일반
AHMKXORT3VNMB75C3EUBYMFYELFQ,2023-05-24,일반
AEKJRELVNMICYPOYTKMVF52YX2WQ,2023-04-07,일반
AHQPBXZSJ3XZILPJVXE4BN7ZL26A,2023-07-20,일반
AGELSEJKLWPVNPXQ7DGK63PEQF5A,2023-05-04,VIP
AGGBXJFPXZVOJMMB6MMQOPLCJWGA,2023-07-06,일반
AEWA5TH6PMRZXMFY5MHCIU2MNFHA,2023-11-22,VIP
AHPDFQLNLMNV5X4QNH6J7IUMREAQ,2023-12-15,일반
AGKQKPUOEC3LQR7GHBQYAHPTU4SA,2023-09-16,일반
AEQWVGESA7TDGK7KZ4DAJQGYH32A,2023-05-28,일반
AECGAMNNIMW5QOPOBXRYQAKMQGEA,2023-09-09,일반
AEA5X2W76STDCKVMFZ2WP7H7QFUA,2023-12-12,일반
AEWMPOUFVOFZ3WMJGHLOYQ7VGUJQ,2023-05-27,일반
AGLVW6SUWTW35HT5AYQR4CKA5IOA,2023-05-28,일반
AFSU7KWDY4KGQSFFCRXJ4IPJREAQ,2023-12-18,일반
AHS7DI2FACP3P3FNVH7263NLW2TA,2023-07-18,일반
AELNHGVCLQTWAEFDH244JJZZSVAQ,2023-11-04,VIP
AF477BP57JM7Z4JD4PYB2K33R6AQ,2023-05-08,일반
AGTDD34Y77OB36JNYQWQDN7MHECQ,2023-02-08,일반
AG7POKBSWQUO4VOYD4HDWYKMMJ4Q,2023-12-04,일반
AFZS6H2ZFJEJHRWIJ3IYL7V6KRPA,2023-12-26,일반
AHCYM2ECKI2MNOIDHDG4PT6IIN6A,2023-05-09,일반
AECZ4IP3TBM4EUG52BZAOQV3EKIA,2023-09-24,일반
AH6RQDXZYKAUPNBOYC4NAZERTFOQ,2023-05-31,VIP
AFTVETL4HGH4KRUF4NXGJUEDPBAQ,2023-10-25,일반
AF2IRSQZKMBGX44YDNUPYRHWXOZQ,2023-04-09,일반
AF6VSSXOI3Y4PZCNRJ3L27NCXPYA,2023-09-20,VIP
AHQKC4MLLVOPBTKJFDBGTXFRKLYQ,2023-09-09,VIP
AGX5ELLH3KJJ4CY2DJJOXDSOEI6Q,2023-05-24,일반
AGJ23TWSY6YFMAVSEAOAUEWO4QLQ,2023-12-12,VIP
AFOHB4M2RWSUQ3SSZWPMD2FPH6PQ,2023-04-22,일반
AFVHKKOI25DAQSETPL7Z5W5SIVUA,2023-03-01,VIP
AE55WJERHR4C7SEAIWX4JJHFSZBA,2023-01-02,일반
AHUH7OYN3LAUATF5EGA575WCDI6A,2023-10-31,일반
AFQRX6TAM6CHKARXIXR25X4Y2K2A,2023-09-11,일반
AFIAYICSN46TZ373SYU2DLQH7MHQ,2023-05-20,일반
AE7O44O3ZCU6YCS56X4UBNSMN2DA,2023-02-06,일반
AG7KTA6KY5FALZELPIEMQBXP6TYA,2023-06-09,일반
AFW2YA3CWHADWVPZJRCSYJJ2O3YA,2023-01-09,일반
AGOGMKLERURWSCD4RIH53WPEVTWA,2023-08-21,일반
AHXAYZML25KY3YMOTME234UUGWXQ,2023-04-09,일반
AGDOVGWZKEQ3M6DA2GHV6WUZT5SA,2023-05-27,일반
AGEUXHN7U2Q26CM6TFOTW7GZXFXQ,2023-10-31,일반
AHYXZVXUY3QTBP7IBFIUBSZVH2XQ,2023-07-27,일반
AGO4OKG6KVBAAE52Q62JBKHRDFFQ,2023-05-11,VIP
AGOARJLTS744KQC3BTKT5KQVOJUA,2023-06-01,일반
AF6XISKAQXTX3Q5RUF2M2VKOJ66A,2023-02-23,일반
AEP6PYK2DLTD5UCMURSUNUE4IE5A,2023-04-30,일반
AHJSNMHQQWE6LMFRATH5LLJBQQXQ,2023-06-10,일반
AHRUMHBZ7IAQPLH4W5Y3A6HLQFVA,2023-04-26,일반
AGSJW5TCLJEKW4HAJAA4XRRNDAWQ,2023-03-16,일반
AFPK3KEV3ZSEJ7K6U6C3LERQ2E7A,2023-04-23,VIP
AE43YOKQNGCH4SSBHBYFXDSPX6YA,2023-04-14,일반
AF6UDET5A7UZVF6X6PLTCNPAG2JA,2023-12-06,일반
AG4NQECOQ6XL3YXY2ARSILF65W6Q,2023-09-11,일반
AGQKQGF2M565PCZ2RPUYM7HIWH3Q,2023-08-15,VIP
AF5PAF6QWH67HHLGCH6LBYQJPPUQ,2023-04-22,일반
AEYHTCWWZYU3JQBU6SLNFFT3OMVQ,2023-04-09,일반
AENQPV63OVBZHJ7L7V37M2ADFY7Q,2023-06-02,일반
AH7J7BCTWAMK2REWT4AMA2V5DPUQ,2023-12-15,일반
AFZSC27UUKDN5VYQVMAPYZNQTULA,2023-12-04,일반
AHM56NVJXROPTI5WICZITI4YAZAA,2023-07-13,일반
AEWZZXQWEU2QSVBCT7AJQ3FXMZWA,2023-11-06,VIP
AFBLTBDVC23HRPXW2OQ2JDV3BNNQ,2023-06-12,일반
AGCX23QVQFBCYCAUWQNM4YHMKMQA,2023-07-27,일반
AHB43CZ4RHLJ5S6CBOWX6MEI7J4Q,2023-06-18,일반
AHP24JLRZ2DTLBEX22A6DVUJDSBA,2023-06-10,일반
AGLKKKJCKHZ32S7MCK46JWDZ2A3A,2023-03-09,일반
AHXCZCBKCKFAOJJ2GOCQS3OKPQOQ,2023-10-16,일반
AHZ4UBDUCUMY6IGCR67LB4P5RBXA,2023-10-04,일반
AHCGV72I3RKXOSSUNK3SQOB677NA,2023-10-31,일반
AFTCOTLY72MCSV5WHMHSZ67ZZG6A,2023-05-15,일반
AEF55HUCR2L3DMBXVV4SGD55JKIQ,2023-07-14,일반
AEM356PVXFHAXWV56KDO75FS5WPA,2023-05-08,VIP
AHVTFTBEBRRJCG72ZG7ABDNQSAOA,2023-02-02,일반
AHFTFGF2YB5ZEUB3NC3KOBGZBG5Q,2023-06-25,일반
AEI36WUCG27UYFAGDF7HX74VEGIA,2023-01-22,일반
AGW3NGXVSGUB34Q5V6ACANURQMGQ,2023-08-26,일반
AEIMBDWSM42YEDEE6476WUXFZJHQ,2023-06-07,VIP
AHM5MCT3ZO5Q2MBYZUDB6UI5AXLA,2023-02-07,일반
AFTPXYKUNENYJVDOC55L2CJXPXFQ,2023-08-18,일반
AE47XF2766XJOEOI42DVP2HMB4YQ,2023-12-31,일반
AH6JPV326WGUKC2J4EGVP3IN6ZLA,2023-02-20,일반
AF4X3QT4KW3DV2HUMQVSOJDISOOQ,2023-09-21,일반
AG46FAHE6KV3OQCLJYKRDZWNNYGQ,2023-10-10,일반
AFG6OH7UYU5ZITX4NE2KQR3DX5SA,2023-01-27,VIP
AFCZMUBZNRVRW2EJJKK5PN2YQZVQ,2023-08-14,VIP
AHDMHAUOY75NWLNOF3X4UPNKXFSQ,2023-10-04,일반
AHWCWBYXHX4QO7ZOFUYIUFTTAJIQ,2023-10-13,일반
AGA2PZGWMQIRA46VYOTICFE7KCBA,2023-04-07,VIP
AHI2QJ4CLTCQWACDIC2LDFJPDAPA,2023-10-11,일반
AEXAFY7V2ZRZI2GD2J6KDOWBZUBQ,2023-11-13,일반
AHAEBXTXQDY355AGFMFX3Z2VAAUQ,2023-10-31,일반
AETRIARSUFSMNG5LFJZMW6CBJMMQ,2023-05-27,VIP
AEHQQTEDMSXRGSBDDEIH3JF4AOMQ,2023-01-04,VIP
AGMG74N6WQGI376W7GEJJ4XD3ARQ,2023-02-04,일반
AG7QMBEFFY2LJJKKEVWMJU2BMNRQ,2023-07-11,일반
AH5G2FWQ6AJBXK2IDCA22BNQTT2A,2023-02-18,일반
AEEV73PQDYYMSQSW46LQMZ526YVQ,2023-01-17,일반
AHWB25RGISH5XJ2YQCR4J6FDBPOQ,2023-06-21,일반
AE2PYPC3OF2HEF4NCE63FBFFFOMQ,2023-08-08,일반
AHYUM6XUA4K6V4QEAPT5MLQQIDPA,2023-06-07,일반
AG6U2ZW7UGA562DK4W6NVANEMKDA,2023-02-15,VIP
AFALQ6JKOEKVRVI3BZ2G5PJ63HQQ,2023-01-06,일반
AGAXJLX3K3I7WQKQA4Q4NT2IJ2WQ,2023-04-09,일반
AF7IXQKBUL6NEIQG4R53LMJJUGXQ,2023-08-21,일반
AFODI4XXHXHBFFUHK7N5LVKWEXTQ,2023-02-06,일반
AGNONTMQDE5KLLDEEB57Z3C5WAEA,2023-10-07,일반
AEW6KBDGJEWIOQKAW3FP74GMV6TA,2023-12-15,VIP
AEGT7WPGXXMSH5J3LZLL6CPJ7QMQ,2023-10-29,VIP
AEKCUG7WMX6KMP6VFBWI3ICW5CBQ,2023-06-30,일반
AF2544C4RGIBQX7Y4JMKMSMXMRRQ,2023-04-05,일반
AHDFR3PDKEBV72HXRL3RJJLS3YYA,2023-04-09,VIP
AHYUZ2BLKNN6UJLFYWCXCEFZTOVQ,2023-07-07,일반
AHBST4ZJ5665DV2TCR4W4J2OI3DA,2023-04-26,일반
AGHPOFCHZ73Q2Q2IFTCJLUSEL2NQ,2023-07-10,일반
AHOMYGLSLJLCOT7Z24PZSVJY3LJQ,2023-09-10,VIP
AESJE2EZD7S7WOYBN7RE7ZF3J2MA,2023-06-10,일반
AF23GXF525XSMXPJBEHP4SPKOZNQ,2023-09-13,일반
AFX5NHAAOUKKENAT6GWNKY3X5YTQ,2023-11-19,VIP
AFWJSD4AVIM6DC3YA63G2QPENQSQ,2023-05-08,일반
AGKSW3FNH3REYN3OKPKJN4KWXLMQ,2023-01-18,일반
AEI7HJU4RFV6NR5WSRDQV5ZSRYSA,2023-10-08,일반
AGFN3SLEECW6DYL2CVGLIHJCVVHA,2023-08-11,VIP
AGY7ZX7WDDSGAZJBPPS3MCIL7U7A,2023-02-23,일반
AEX422U2J6S45PAKDJIFJB7WNVLQ,2023-02-27,VIP
AEHU6ETDR7HVQOGLKITDETHZEO7A,2023-11-19,일반
AE7VL5JTR7ZZ67UPBM6KP2NYEOYQ,2023-12-26,일반
AFIU4APGHOFMXEOVMSQMYKMZ46QQ,2023-06-23,VIP
AEOFYPCJJQYCKISUR6EC66IZH23Q,2023-10-07,일반
AFZSMXS2MILXOSTT2ZEJDE3W7TLQ,2023-04-24,일반
AFREYXJZFUSZT7YHDJ4JOF67O6VQ,2023-10-15,일반
AGMQDZGGSEBXX4KBJOBAGIFI36OA,2023-12-08,일반
AHJ7INNUX3KZSEZRJKFMRJAX7TZA,2023-05-31,일반
AGYTCTSUZJJZTK2XVADTQI5MYUFQ,2023-05-07,일반
AFZHLQMILG47ZESR5TLNB5QK66HQ,2023-06-04,일반
AF36YUJUEUU3SA42PFAULM2F5RYA,2023-09-30,VIP
AESE26BMILSD6E4AVO3YM76G4UPA,2023-04-14,일반
AFFB6IUQ46CEIYZ2U7OAYVKAL5RQ,2023-10-26,VIP
AGHGLXUVEHN4NFA3CCYIUFWBIC4A,2023-09-03,일반
AELBYFRFAGLMXQQJKVDUWO7QX2VQ,2023-06-25,일반
AHF4A3ZGP7G6JLXAAJ77O2QDJSEQ,2023-02-08,일반
AEGZCGGDNS4ZRNPG3CDULRVB5Z5A,2023-06-19,일반
AE4YGDAAZX7ZDDGP4BTONW72CMIA,2023-09-04,일반
AEOM4KLP4SKKVSOCAMP7ORLGPGUA,2023-01-26,일반
AE4VKQV43AJEZDWE4WVJWFDY6RVA,2023-12-21,VIP
AGAUULKME2K6WYOHPLL5XT5XLQGA,2023-11-02,VIP
AFP5TMKVX6PTNYNMLHFCVDXCTN4A,2023-01-13,일반
AGNYTWD4ORSSUWNGICU3TRNRMRIA,2023-11-12,VIP
AGQCT5HPQJXUN2FVZNCBSEQIYDPQ,2023-11-09,일반
AHWMHRT7TOMXLYI3XYM4K4OY3NEQ,2023-02-05,일반
AEXIFRBO4546MRMJHYKE2AH26VCQ,2023-06-22,VIP
AGH3POHLPXABF3I4ASSGTRXAUPPA,2023-01-20,일반
AEHVZHMJQYG456XUPYSWK7PWAJAA,2023-11-17,일반
AFBPPGDHU5S2IR5WEPYWGR4ABK4Q,2023-09-21,일반
AGEYWCB2JWQR7C3RF2SEK26PTK2A,2023-05-22,일반
AGWXGUALH6VESAYTZGWBZBUDTWFA,2023-05-23,일반
AHCG74BCEDINDMRYYF2QPYY3OHJQ,2023-04-02,일반
AHHGEASO3BOC2ET23MDU64DKQ5OQ,2023-12-20,VIP
AF7TKY6E2EO7NSSPHFYFGE4FJDOA,2023-11-18,일반
AFDCSF36NJYXASQOJCQWFQTN7SDQ,2023-10-15,일반
AGHRDOQP7F74DK6KEXSY2NLLKZVQ,2023-08-03,일반
AF7HUEJWED3ZUCLTT2MNQDL5BQOA,2023-12-08,일반
AH62QNZEYJYC6LNXAJ4BXL6JZZEQ,2023-02-20,일반
AFMQH2YLIY5ST5VNIUADLQYIUNAA,2023-06-02,일반
AF5TLUDL3JKYZS74QEAMDMPXC3ZQ,2023-07-05,VIP
AF57UETI4YHWNPSAOF2OVMNVV2JQ,2023-03-04,VIP
AHNI4LKKPLQLDFCWJZ24SX4BGT7Q,2023-07-09,VIP
AED54H4JXQGZT6GANH6PJN4SNU7Q,2023-05-05,VIP
AF652OHBGHAEER2HLOH45T6E65CQ,2023-05-30,일반
AFJLA3VGFKFSX3VC6UC4ZAYVR4DQ,2023-11-10,VIP
AFGQN6RWDATMEVHEO5POPH6VYFRQ,2023-02-27,일반
AENYOOBQJZGYT4GNQRR3YEKI7KAQ,2023-12-08,일반
AHKZN2KHHR7CQWCGJDX26C5TBHXQ,2023-11-01,일반
AHMJ5EEDULQII3FGSNR7PSHQABVA,2023-06-29,일반
AEA4764BEJKLL5UEYQ75K6TRRD3A,2023-06-19,일반
AHDIDVECFGA6OQRNUBPUO6366UGQ,2023-11-22,VIP
AFSII6HTAHTHGXERUNDOISNWZUNQ,2023-09-28,일반
AF64ON4HPPVD43H6PK3CHPTTYSSQ,2023-02-23,일반
AELNBR4H6235Y7NVYNCGNABDIDFQ,2023-04-11,일반
AF35OXRSRJ335IGMNW5FYCJDLHOA,2023-09-21,일반
AE3CFONNMANNC5QPYIAXV67EUYUQ,2023-02-22,일반
AHCWRQHRUAVMTMUH5NYNB3P4NWEA,2023-03-01,일반
AGKZVBLHK472MSGAAUABFRZL7SYQ,2023-04-18,일반
AF42EMTPEJAL4LNEPPX77TN77UHA,2023-01-05,일반
AHBMZRY43T2GTYDVNFMUVASIBTPA,2023-04-13,일반
AECCRE6ZTCPFGPVWDNY3IYYHCMOQ,2023-07-15,일반
AHOURK4XKLPPC4VHEDJ25NP64NPQ,2023-09-19,일반
AFC5K7RQQYKFB5PV47KAX2CHVIIQ,2023-12-31,일반
AHEVOBT5PFXMIS5A7GAXRG52XARQ,2023-12-16,일반
AHNOMOD65QU6QKFP3AMH5QPGQO6A,2023-02-16,일반
AGN2VH6RTYG5CM3YVH34VGYJFO4A,2023-12-21,일반
AEITVIFC7WZAEQDIVWPB4KUGKLRQ,2023-11-07,일반
AHQVFZCGAMMHEBBOY4SXBSRF3ZDQ,2023-11-04,일반
AECB6RAIS3NCSRCNMUWNZAQARNMA,2023-05-24,일반
AE43KS43Y6L62UBGG6K64AD5OISA,2023-09-26,일반
AGCBWB4YSTCDFAERTYIJ52KVW6EQ,2023-05-04,일반
AGPWASWUND4PQYWAP6ICZEPQCWZA,2023-04-16,VIP
AFHT4L657CBTBKZ2UZEYQBAROXNA,2023-06-07,VIP
AFQEZSS2I5IGAKZY3Y3CGDZLCJIA,2023-05-27,일반
AG6WSLLXZY52HSQUY5PRCXTCYQYQ,2023-05-25,일반
AHGJ2DNFP3OJWO73XW2R7TDXI7WA,2023-04-30,일반
AGIC6PASSVB4T3KTZHK6ADD23GCA,2023-11-15,VIP
AH4TEK5IQCC2BSF2KSQNKQEXAPLA,2023-10-02,VIP
AFJIYRZTBOJBOWYQ5RNA36DBBXOA,2023-04-02,일반
AGCRWRS4RJYVGVKINV3VAR4CGDWA,2023-02-27,VIP
AEGPWBXEAWPF6XRT7EZJOYJQA6DQ,2023-12-12,일반
AF5BU6DZ446HN4DTCO7W7AWXBJBA,2023-08-17,일반
AF6SKHWKK53BMAI6UVJA5FJMLK3A,2023-04-27,일반
AHIWSTMUSIYZAZQAMOLMPJHR7NMA,2023-11-14,일반
AHYDC5KBSNP2LD5ZV5SXO3CQSCDQ,2023-10-06,VIP
AGACLGW4IBQOHLA6UJBIUNGVBRMQ,2023-05-07,일반
AGFX4BFHOC6FXDFPD2O24RCD32NQ,2023-05-09,일반
AGMXX5UGO3VXFAN2HOVYOWQYTRYA,2023-02-27,VIP
AGNGZAPY5HMB7OOQAXQ3MH5OLVSA,2023-05-02,VIP
AHR4VQLVSWORK3A35U3QA6IOEEBA,2023-01-01,일반
AFXQSBDW6232K22UMJWF5PMYX5RQ,2023-08-27,일반
AG4IENR3HNMEINBTJS3PET6VQY3Q,2023-10-17,일반
AEYIYXI67FZ3H57OBTA2BGZBGTHQ,2023-04-06,일반
AFUSP4NL7DIIS7CADTLDHGFLNOMQ,2023-05-06,VIP
AEJG6XAZFMVQ7NRKCXG3ZCC3DIVA,2023-04-28,VIP
AFIS3N547NISE4TGX3YU6F4X2AGQ,2023-02-17,일반
AGIJM2HE6GKI3I75OJ7PODHPP67Q,2023-03-30,일반
AGNXWXFWLOYZAYJ5PRIM2NB57E4A,2023-08-25,일반
AGZU6C2XL3X2B4NEWLQJDSJ75QGA,2023-09-29,VIP
AHY62YAUHMMGFKSBGCECVGKXY2UQ,2023-07-08,일반
AEMGDIDXCHHDMTAJHRNXBUWISFQQ,2023-07-11,일반
AHQNYNRXESALGWMUFS6ITFGOVGMQ,2023-03-10,일반
AH7GOHZT6M5G6ELWPDTVZVKRZ7ZA,2023-10-05,일반
AEHIRIOGHJKVTFYHFZVQ322CMZMA,2023-12-15,일반
AFUU5Q42TD7WLXRGKOBMRGUZWRFQ,2023-09-04,일반
AFUV6WMMWSY6UM3P6ATQ6SME3H7A,2023-03-17,VIP
AHVZCQP5SYIVGZJK4LRP55ZXWETA,2023-06-03,VIP
AF6YDBL3KYIK3LBKKDIHUMOLKN4Q,2023-05-24,일반
AHKL2U5BIK4ZODWORRJ5RWNLL2TQ,2023-03-27,일반
AFKZHMXRXMRTVZLMHATTD53AVKRA,2023-07-04,일반
AGFTWXF3QWIHMPN7SMTSHB6HNJ7Q,2023-10-12,일반
AE4G376L73UNPWICYOSYO2KNXYJA,2023-08-08,일반
AHGFA5MNVOFDMIL3322YZ6IOA5VA,2023-03-10,VIP
AGUR3CFYVZUMDJQIESKOIQOGV7AA,2023-02-16,일반
AEOIHOJD3O5MYSVWZOBDUJGYWZGQ,2023-04-04,일반
AF6LAYTAGSTBKL2QUF3WFB6OMCPQ,2023-08-26,VIP
AHKXH7KSF7CPJCJMHB6B35VPTETA,2023-07-23,VIP
AFELQLNWTS4QJNCCA4ZDTWHVORJQ,2023-08-06,일반
AGGE54AKRMX2XMQWQQTSUOPL7CHA,2023-12-07,일반
AG7ZAJNX4XZ5LTA4NLWBHTCX2V5A,2023-02-08,일반
AGYSVNZMQT5LOVKHSCYDE7OAPKVA,2023-04-10,일반
AHAI6EM7F7W3GV3SUIDSKWTBJOSA,2023-10-16,일반
AGE6O2NLNA3NUGORPU4SDK2S23QQ,2023-09-11,일반
AEXZDEFVFQ3LW6DKHRGXLPWF63DQ,2023-08-10,VIP
AHU4FNYTFWSGG5TMN53LED2U7X2Q,2023-12-23,일반
AEH463ZLT7U67XS3DWK2Y27GLVWQ,2023-01-23,일반
AGOXDFXDUHGRNK5JD2YNYIZ72AEQ,2023-09-07,일반
AEDLXBJM6UISEM4SXR6YUIY4KNCQ,2023-01-10,일반
AGHUNVKMP4YTSSYUDMEX3JJJ5I3Q,2023-09-03,VIP
AH5IBUYCUMQE3ZLKBJ3PLWNMXDIQ,2023-11-21,일반
AEGZSNGSJJAEMJ3RRNVZTKUILOHA,2023-04-10,일반
AGX46OTZ7C4VDXH4UA7ZAZIZUMYQ,2023-10-17,일반
AEDLLY6JXNCVYIW227SBCPVYHNUA,2023-06-29,일반
AGTJ44UNO6K5X567YLQPYGN3TV4Q,2023-08-11,일반
AFYCBABBI2GCQRSCKIRHPLQNO72A,2023-09-07,일반
AG55XGEMTFKS7BXQTNFKHFTMMW5A,2023-05-27,일반
AGQYGAK76B74HUWOOUOFTXH2LAZA,2023-04-06,일반
AHFHIY2KE5PQIJ6H7PKV6N7OLIZA,2023-09-14,일반
AFJVYK4FXVGRSTSLGVUE5JGB2NVA,2023-11-21,VIP
AEVJIJSEUXPBRKOQ2PB4JNBUTFRA,2023-01-04,VIP
AGRLDCPA7VJZZTV4GUIODVQ3DTHA,2023-01-16,일반
AEUDATTJUCKFQ5ETVLUU57ZZ3XXQ,2023-10-07,일반
AEGR6ZYWXPEZWM7JUEBWQHAOPS2A,2023-12-02,일반
AEETOHX32FYDRI6SIAW7L76Q2NHQ,2023-09-04,일반
AELSOXQRZBOFSSY4HJUR4Y7ASQBA,2023-09-15,일반
AFJ6ALITTDOSUNPSFLRGDVIAEWBQ,2023-06-09,VIP
AHH2TIJJ2IGD5H3DJO3FROUHRRSQ,2023-12-06,VIP
AF37X7ZH7JPA6H5Q64NV6QFIBCYA,2023-06-01,일반
AFKT7LV4XE6XJ2VTHCBHPQECW2RQ,2023-06-27,일반
AE7GGDNBOHD2JQ2X5JPD666SAQOQ,2023-06-12,VIP
AENNAVVG4GBJKDQKJXQUEKQKTXGQ,2023-02-02,VIP
AFPSO7EYQBYVEJGD4TAT7YFCM6UQ,2023-06-28,일반
AFV5W5BR6PKGHPIG3J6TNFK7BSXQ,2023-04-11,일반
AHILALAA7Q6SQRTFJVLT75P37FXQ,2023-09-25,일반
AGU76WKSU62DUNTPCMTC4FCUNRTQ,2023-11-19,일반
AEOVR6JEQTAC77BXE5AJMWJGG5PA,2023-03-06,일반
AFIFHW5QMFMTWXNZ2JORBMINL3CQ,2023-06-17,일반
AG36G3XPHERLKRDG7XYQ2IWJWPIQ,2023-11-26,일반
AFEOAY5PB4XEYIOL6DY5WJBOYSKQ,2023-02-12,일반
AF2EHSXFZWWS2YEN22DV2ZCJDZZA,2023-02-13,일반
AGUFRJ5TPSUUBZBNRWHDRJV4VMQA,2023-10-12,일반
AGYEIMSVEDOLA2OV3DIOGX2IMCBA,2023-01-12,VIP
AFRONQAZPYZARLWLDQM2VXS7ZTIQ,2023-04-05,VIP
AGA5INGXTDEODK7X55L4WXF6DJNQ,2023-10-29,일반
AHTI2CPD7SANQV7GK4FHIKCWJ7VA,2023-09-10,일반
AFUYGZVKVTGAEIOV2UCYF5JPXSCA,2023-08-30,VIP
AHFVYKQ2L4PSG4EKGA4GLQKQT2NA,2023-02-04,일반
AENTXYVP4NNTWTHTYFRTOOY2MEAA,2023-08-03,일반
AGJS36PNW27URDEUJGCT2OLR3Z6A,2023-12-03,일반
AFG6LFTPXXKNHXVGXPDM6P3CCAHA,2023-03-31,일반
AEBHZQJ4R2TZ57GOCSTMIP53F4JQ,2023-09-21,일반
AHSESHUAGEFQ62M3KYV3EK5K77FQ,2023-04-03,VIP
AFB3MTOE4VW2XO6RTJGIWJYH5OBQ,2023-03-31,일반
AF7CJCAKRIAY4BVN77BTSZYXXIZA,2023-04-25,일반
AHW6UBYJXSPOMQVGP74VQ74BO55Q,2023-04-15,VIP
AGIAEJN4RPI6Z5ABV733VJMBUZLA,2023-07-15,일반
AHUELVJPFM3FEIMF2DE7OTNQD5VQ,2023-11-10,일반
AHPVTM2FDYB3YW3MXB523JWJTLQA,2023-04-24,일반
AEC5PUIW4OSIDDQED7WLXG2S7TOQ,2023-03-16,일반
AGVXOHPJT64ZRYKHIDKVJSJGK6CQ,2023-08-05,일반
AFQHWSQ7JR7VCM4SWXXIOB4V3VDA,2023-10-04,일반
AFXWZKJCBIHCQFOR2RFYUE7UQDSA,2023-09-06,일반
AGD7VGYGPRKMQY3XXC4U3XIDF5CQ,2023-06-13,일반
AH23AKG5YNJYJ4Y6OYI5H6UBQMLQ,2023-12-23,일반
AGKNJPIVMVEHKL6ZFBAQ3CTFZ2KQ,2023-07-11,일반
AFR7B35PQ2DLHGMFBSCRIUUVLRWQ,2023-08-15,일반
AFZBEV4BOWGRSEH2PK7D65ZW66PA,2023-06-26,일반
AFXQ3YGENWMRX36NXEBSR2ROPG5Q,2023-04-09,일반
AHD5PGE5RBBE2T3G427T32V7OROA,2023-02-05,VIP
AELM6ILLTWBSXJXOKMNA2GM3DTKQ,2023-04-06,일반
AFXYY4Z4QM34XOLVVYKZSNZGBBBA,2023-06-01,일반
AFHZLQ2Q3GSCQCWMF4N66DXXVJCQ,2023-05-31,일반
AF62LB4BMTMNZXCHTSXSEKCXZFLQ,2023-07-09,일반
AE5KLF5JEOL4PMUGKERILYLPDSNA,2023-08-12,일반
AHDJJLKORMH72SSEBWOVAKE66EHA,2023-02-06,VIP
AHEONKS6KOZ4SIOZNOLYFGQBXU4A,2023-09-25,VIP
AEUPILALWUFFD34CNWRYX4PFQKSA,2023-07-02,일반
AEKWBYGLEXUNRAJKVPO6HMF52W7A,2023-01-13,일반
AETM4APJU6TQILR5HKP3CSPYQL5A,2023-10-06,일반
AFOGCVLE7W7ZM5OW3XW7JXCNSIVA,2023-08-05,일반
AFLFHQMJXDKP4FNRZVNDLBCI7ULA,2023-12-21,일반
AGLH5KPYCT4MGPQ34MNWKLR6NXEA,2023-12-27,일반
AEXK37TSBFHSP2TYE63YPKETWQ7Q,2023-10-13,VIP
AEKMVX2VDNNX4ZFXI67SGKMJGZAQ,2023-09-30,일반
AFEIIEKX6JEHS3CPGCSIYLGCNKFA,2023-03-03,일반
AFDYUQAM7Y56P4R5CREI5OBPHSLA,2023-03-25,일반
AGEPZSRFODWZ4XUTXO2HNWLJIMJA,2023-08-05,일반
AH25HG24NISHLQPFOZA77WS5CUFQ,2023-12-08,일반
AFZ7US7H622UBLYL4ZX2XEHT7FHQ,2023-07-06,VIP
AFDDH5QGUJ2NHJZBIAPEQVUIQCKA,2023-01-19,일반
AHFENRYJG4LPXDTUGEMG335VICSQ,2023-06-26,일반
AGSV37DJ5QTUYOXFJNPD4W7GXVFA,2023-04-10,일반
AGDEVIAYABTMIJLTYWTUS5M5VBTA,2023-08-21,일반
AFKDGUQ5TMGT3PXBDHAWPRE5CACQ,2023-03-17,VIP
AHWENSYYF2QDH3EX4REMVGBEMMLQ,2023-09-22,일반
AGJOGZAGBMX7PBCUAILD2YIM5MAA,2023-10-11,일반
AF5EHUH4GWB7JZ3PZ53Z2DOYK5WQ,2023-07-25,VIP
AHHT4VWMFYSASNW6RH2Q65C6YNDA,2023-08-11,일반
AGMJ6TDLOVZIR5ZU65TLJFSLG2BQ,2023-02-21,일반
AGPK7U5SHXBYBXEWBTRCIAZSB6LQ,2023-12-05,일반
AHXYETFF4XMSAI4VAHP24XL5SSTA,2023-05-24,VIP
AGMUJCTMBNQBOGHL6UPSSF4KSNUA,2023-03-10,일반
AGEUQD256CS42A6PDKDB75VZRADA,2023-04-09,일반
AHGA46UDDADBRAB5FOHX6XY2DBVQ,2023-01-25,일반
AHUVYZMQ6PWI54UXP7SLLS4ZU46A,2023-02-22,일반
AHVS66CFEP5AXDC35N4ME4SU4X5Q,2023-05-31,일반
AEC4ANXPPWN4RV5YG4JXEVPUXTHA,2023-05-24,일반
AGDQOOPS6XJBBWHH34E4NJJUCN6Q,2023-02-26,일반
AE7QAFZ3XNWF3O4BK4WIGFB3JGIQ,2023-02-08,일반
AFVQ5YGAAENELAHUFPH2MAVYIWTQ,2023-04-19,일반
AHTWP7R2AL6U4QIX73CNJ7Y7BBDQ,2023-06-30,일반
AEHQERYQKTKY5OMTF5KOWEIVCSQA,2023-02-11,VIP
AGHYPI3NVH2LTDBF4N7QXV5CQEVA,2023-07-05,일반
AHCA5SEFUQQWPNVIGU2QCAWNMDKA,2023-08-11,일반
AGACKHUULXIV2SLNKKA6GWQOP7JQ,2023-05-02,일반
AHX6DQRYIJWTTXZ22B35O624OAYQ,2023-05-13,일반
AEH6JRDO3GFF5AKVH7SZUP2UPNZA,2023-06-12,VIP
AH4UFMXJR52M6C4NX7QU4XASBENQ,2023-08-03,VIP
AFVGMSHRL5NQJERZVEKY4JTQ26VQ,2023-08-09,VIP
AEQH7UPNWWVMWQAZ2TKCXLZNLVLA,2023-08-23,일반
AF2IITAFGAYGRB5HXE2INA4YXL5Q,2023-11-27,일반
AEXRM3SMHD5HJC5BMNDNQSEMGLYA,2023-05-26,일반
AFOYOG3YKIOLPTLR3RZNRGUHHEAQ,2023-08-27,일반
AENFRNJLSQPJICHCPKWOMUBY6RZQ,2023-03-17,일반
AGFJSRWCBODKCJT6UZRNZJGS7REA,2023-01-09,VIP
AGEJSKUSIVTSJWJU7VP34MUN2TAQ,2023-03-15,일반
AG4MIJFPUX7ACHTA37OTFR2POWAQ,2023-09-10,일반
AGKBVK7XMXHCSEHT2ENTPCTVRBIA,2023-08-18,일반
AGGNPDA4Y5XGITWNNOOODFOYXUDA,2023-01-07,VIP
AEUAAKEA5FFOZ66HNIUQI3OJQDQA,2023-06-23,일반
AGDR4WFX53YFXTBXAHC65MMBDERA,2023-05-21,일반
AFOEBFZC6LMNNTBEC22LCUGEO5QA,2023-06-17,VIP
AGDWLF5AV4ORJG6IXPD65BSQ4WHQ,2023-06-19,일반
AERP2HDU5NDVDVWH2VDXZY3ITHRQ,2023-10-10,일반
AFLUBMW56L2YZFC7R3RZVLC7YGAA,2023-05-02,일반
AEVQ23BWUEEHRN4SPRKHA57N6SOQ,2023-07-13,일반
AGYFSXQSHFHYAB4GM2SRCFCQBFQA,2023-01-05,VIP
AFYFP2TSUS4LLHR6CY5NJQZZIG7Q,2023-01-29,일반
AH5JH2QLZDYXTHIDXBBLTDHQUALA,2023-06-14,일반
AGY6OOO6NIXEY5CJIHB4LUUUQJLQ,2023-12-05,일반
AHCJ2GWM5V4XDOBLR4UU2RV4ERKA,2023-05-16,일반
AFBURR5C3CR7XL4WPXXV5ZEDDZPA,2023-12-31,일반
AFWFYPM37ORBVNKGLW4EETQML7TQ,2023-11-17,일반
AHFT6MCOAFZXAUNCYQYPBI7YYF4A,2023-12-08,일반
AHA2QGFQYDUQ57OW7ATIM3QVTIIA,2023-05-25,일반
AFI5YRB4PKR26ECAXNTMOWMXMEQA,2023-11-23,VIP
AHQC27SWWMUOTO3W7NGIG7KPX2AQ,2023-08-05,일반
AH3ZNJWSAOEWIBD3NFLGHZZOOMIQ,2023-10-28,일반
AFAFMRV4L35642NQMP3WELYPQ6ZQ,2023-05-12,일반
AG6GKJFYOVO2OJCRV73FBUIBAJLQ,2023-10-19,VIP
AEWU6OTDLIVY6F2UAY2UYYQSGOPQ,2023-03-11,일반
AFOPBEQ5YUOBWJ7TBDFITQFZSN3Q,2023-09-09,일반
AETRLRK4QNNUXN3RRQ7BWMBAFXCA,2023-10-02,일반
AFXO2ER7GFIH4WDPPZX6LRZX3X7Q,2023-12-30,일반
AFKENW6K3CFMTD3EGXQCUGK5XWWA,2023-07-01,일반
AHW52L6QGPO7TTN7LC3B5JVJNRDQ,2023-06-16,VIP
AGDOSBSPQWBNRA3G4IV3YWOVIOXQ,2023-04-01,VIP
AFOTDDBZZITX2HTAZ7HBQ3I4BZYA,2023-07-21,일반
AEEXKG5AG3K2ZV5EDWTS44RP245Q,2023-12-12,일반
AGHPERSZ5ZUKU6VDRTYPQ3IOGQUQ,2023-01-19,일반
AHY6R6FREC2FHKQYBVIBR3XJKPVA,2023-02-08,일반
AFCKW7CNBDUGWITOVBVJGAQYTW6A,2023-05-06,VIP
AHDC2HUUNEL6GRJRX5TTOVKITONQ,2023-06-22,일반
AEBMIYML42WN2LWWZ4VIYP6IYPJA,2023-05-21,일반
AGMWSX5A6BMRWUFEIC4KPWXAJ4YQ,2023-08-30,일반
AGIBHP2JIWGT67DQJYQTYMAXKTQA,2023-08-08,일반
AE53NI5ENHBJCJOCII2GH6FLUOUA,2023-05-06,일반
AFI7P52BGRV2NZVRGTJLLCBGJC6Q,2023-02-27,일반
AHJ7V4RXBRFQB2OARDFFSNWHNIRQ,2023-05-28,일반
AGKCX7P476LO5R2Q3HYVXO2BCSFQ,2023-11-13,VIP
AGD3F3J523RVZPEJGZE7WPFJXONA,2023-12-27,일반
AFAKUEWJWYAKREBPXLV2MNKZXMLA,2023-01-01,일반
AGM4RYZ46NPKH7I2SDZXAUHSB52A,2023-12-14,일반
AHNAIWL3HMBBFWPLJWSHF5XIGJLQ,2023-07-09,일반
AELBEUEZY4ZDRRUYDKANK4BUZOHQ,2023-07-10,일반
AEVI32AU5HIKNCR3VPGFHSFDOL2Q,2023-11-08,일반
AH2YUV5UZMGORXEBW3SJV4N3V2FQ,2023-04-27,일반
AHUJ3IACIKHRFAYWD3TAKH3SXKZA,2023-05-14,일반
AGHKFSJFKP7E3JJOXV3C6UPGZKQA,2023-02-27,VIP
AFAZO5BDXQFTNM5IUP2X6F5XIIVQ,2023-02-13,일반
AFAZO3VRRBIL6DP5UI4B2UDILGRQ,2023-06-22,일반
AEBEUDL2VRUKJQ3R52K2SQR5JHJQ,2023-06-09,일반
AEYPXWWAKKOQEX2Z6HKEVFCYZ4EA,2023-06-22,일반
AHMURR4YBS77BA3QJ43PBIRDLLSA,2023-11-13,일반
AFAH6ZDWWYSXCWPETRIORFGRILAA,2023-10-30,VIP
AGRSOPDTA7U5B4WO5BHUCRZI5KRQ,2023-05-29,일반
AGKNFVSMZCSEFHPASWFBOIYKRZJA,2023-03-21,VIP
AERBQW23ELEQZRWXWOW5EFQ2AA7Q,2023-08-01,일반
AE6T7WGZSJSYC6C44JF6AJLJDOCA,2023-07-22,일반
AFAI5BPCMNB5QLJ2T5WCKGA5U2DQ,2023-09-09,일반
AGFEJBFF3L7ZFO3MWAWARDIZZ4QA,2023-08-17,VIP
AFGPABA7HWGCWXXWZV5QOIOZY77A,2023-06-13,일반
AHYITN5O5VRJ4GJVYGJW3W6TRM2A,2023-08-15,VIP
AG67C3ZJMVIGQPZOJS5PISM3QF6A,2023-05-27,VIP
AHL2CPZ63TFC3VB3RUVZVPFC2YZA,2023-01-20,VIP
AG6X53SP2LB733ON4RXI3T7Y354A,2023-02-16,일반
AGR6UE4GCJKWO64UOIRUNFUGTL7A,2023-08-21,일반
AEIDO6I6DOUJAKJX6VR6C2PC6ETQ,2023-11-01,일반
AGI2Y5SCA6G6LPHLNAJOLCNAMEJQ,2023-01-14,일반
AFRCI27IITJW4I7XDL5GNZUQPZTQ,2023-05-23,일반
AHVKJVDTF5KCHA5NBPFC7QJAMHJQ,2023-01-01,일반
AEAOO4M764H7IQUU3CTHRMQBB4SQ,2023-02-23,일반
AEIFMHDK4ETHLYWSV6TUFNSJU4MQ,2023-09-16,일반
AE7BNHD6PZQQD7K3OKFEPFHTISSA,2023-05-24,일반
AHPZFIJWLON23LU5RFVBJO4BNM7Q,2023-01-12,일반
AEV2GXFIZ3KD7EEKOE5URJQD6IFQ,2023-11-26,일반
AGOKXS4TP2M6LTNG5HAEMLCKI2IA,2023-08-12,일반
AF5KJPHP55XSZUUXSC5OJUBJ5RVA,2023-09-29,일반
AF4TCPZK5Q3JFGYV4MBARJLS54PQ,2023-12-24,일반
AH6AGSQLLH54UPSZGMXTOGESIEBQ,2023-06-05,일반
AHY6AK5LXBTGXDDXSU57ISMDW55Q,2023-01-08,일반
AGULFHMPCHCL32WCIP4GEGWFVZEQ,2023-05-02,일반
AFVZXMXYRXVM3VBDLGX45W34GQ4Q,2023-12-14,일반
AFT4N4FD4G7EYIOZIYP6KBRGU66A,2023-06-13,일반
AFCMYWUZMOK6KHPFLL4DTRV2KHWA,2023-03-31,일반
AGOYWHMRBO7PSZ7ZPV3UH243H6AA,2023-05-16,일반
AHJFTFOH2F6NXLGSEFSVCLQQLTZA,2023-07-05,일반
AG3TB7ROWWPT3OD5SN5ZVSBYZ2NA,2023-11-12,일반
AH5MDQC5CNEJHNNNCBFSXIDCO6RQ,2023-06-27,일반
AEU4DZ5TUTNBTJHIYUDYHWXTSNSQ,2023-01-28,일반
AEVV7FGCQH4N4HDNGHICKQHTMMRA,2023-08-08,일반
AE4KODYP3MGRZS2JI6V7ZWVI5CHA,2023-12-23,일반
AEEETBDP73H6344UQ5FJSUBNR63A,2023-02-10,일반
AEHKKIS4WKMVCADF6Y3HMR5IRM7Q,2023-08-16,일반
AHQWAOSKNRUVK7GN5FZJL3UYLV2A,2023-07-11,일반
AFJDUYYD5BCY5PU522GYHMVIS4VQ,2023-05-25,VIP
AFQRUDMIIMRA32Y3JBUQNWFREEUQ,2023-07-20,일반
AGSMSIDW4O7QLQGWYZQQMDHWGR4Q,2023-07-31,일반
AED3V5KQXHYOPY3IL2CUQITIZFHQ,2023-08-08,일반
AG47CSNDLDSLE7BQWBCUPL4IMBZQ,2023-08-28,일반
AERVJSFWEB7B63J46ZBDVGL4HEPA,2023-02-15,VIP
AH7UKBIDDPO4XM2ZIT5IFSGEAIDA,2023-02-04,일반
AFVUB7JIZ754R5LHBFCOBLWFL67A,2023-09-10,일반
AF2XIRDLVIWFTUBDJMEWJOLB76OA,2023-03-23,VIP
AFRLBEKPIN22S4K4PBHUJ5PQPI6A,2023-09-13,일반
AEMQUDDYUEXPRJ2C64I33YVVSQXA,2023-07-16,일반
AFHNMLRH3T77DAFEJ6UUIVBTMB3A,2023-10-30,VIP
AGNRJFR7GTAKNDLEQNVGQMRVURVQ,2023-01-10,일반
AGKFJL7J7K55WKEOE2PSU5WEXEAA,2023-11-08,일반
AFDHJS4AKUMVMWYEP5HW33C5NQHQ,2023-10-13,일반
AHA46ZPX4RCAEYAPE2XW7RQES5IA,2023-08-30,일반
AH4LJDHSBLPNJYLQGQ53EQ6DBVZA,2023-09-08,일반
AFHWTIWTNOD6HUF5VGHUIVQB3VKA,2023-12-31,VIP
AGM6RW6V2RSFD5F6ILCN44YX4Y7Q,2023-01-05,일반
AHIMDVA5GYWGVLVSZBG3ZFVKF5VA,2023-04-29,일반
AFYFQI7B55R5LXO2D3JPD6FBNUCA,2023-10-16,VIP
AEE6KWTJSN7EKGJ2TWFZCA6EGWJA,2023-03-06,일반
AHTJBJPYGGEWZQWQT7QJT2DPN7ZQ,2023-05-26,일반
AG4ZEZKMSPQD52MAAXWEB2PVXJ2Q,2023-08-12,일반
AGLKEDKY645GZ33OFGXHPWWFLXOA,2023-08-27,VIP
AHOTORDSGF2IWSGTMZVAX56B77IQ,2023-06-26,VIP
AFSEUS2I77MEWPOCPW77EOU6Y62A,2023-09-24,일반
AF6SQCFVW3FHWWPMLKQXFO5N2SJQ,2023-12-07,일반
AEZDBVRL3E3S2Q2C7LEY3TTQVVFA,2023-10-09,일반
AGASCT5TE6VHAHRFTOBANIS3CEIA,2023-03-04,VIP
AFHGWFMHIMQWZDC7MDWA55EBUZEQ,2023-08-05,일반
AH5QCHOEUTDOJFO6UV2CGMZU5SUQ,2023-12-08,일반
AH47N5DDNXGCIUMG3NVONJ6SERZA,2023-11-11,VIP
AF6N6OWYE2EZASDJCO4BOQD7AFIA,2023-10-10,일반
AFET7BHXMVHWJN5AS7AR3VHLW5ZA,2023-06-26,일반
AFZL3ATLXN5TG5KBUMLEY2ABSMWA,2023-04-08,일반
AF4BWMWZI7TTQY2YTE2HTHRB3NHQ,2023-04-15,일반
AGG22XY7PCKPZDT6352IVLL2H34A,2023-04-09,일반
AGTO2SOXJTD3K6T7WPUHCT6SUMKA,2023-11-07,VIP
AF5CIA2LXA75JJFRVWLKGOLKZIHQ,2023-01-06,일반
AFVHCWF76EOX4NMKE2ZUU67CEOBQ,2023-07-16,일반
AGUZMT2E4HNC5VF25OWLAUF6KBGA,2023-12-17,일반
AE3GY55N5USCMWLS2JIO7CZFS5FQ,2023-05-13,일반
AE2JTMRKTUOIVIZWS2WDGTMNTU4Q,2023-12-24,일반
AF4QXCB32VC2DVE7O3DGFNQVFFNQ,2023-09-16,일반
AGAFYHMPFGVPR3MOS4QAZLAWPW3A,2023-01-23,VIP
AGNNWLEF6V57TKIFJM7SWHNFAIQQ,2023-02-22,일반
AFVIPOPKMOCVCX3CMXUJHMWDIMGA,2023-06-14,일반
AH6MFUU725GG4KA3XTALSTU2ILHA,2023-07-21,일반
AGQYTSKE2UBYARZYRBADQMX6BJPQ,2023-03-24,VIP
AG7F66F724JZ2HIJQY7NOU5M5D2Q,2023-05-25,일반
AHY3QEA3CVS57POB64VVMQSPHHHA,2023-03-26,일반
AG633F2HW3BKLPJU3JCTLLLHWBHQ,2023-03-19,일반
AFU64BXF4ADZXV2SSZXAAAVLB7OQ,2023-01-01,VIP
AFXDOEANKNDY342TWIUJUYEU55IQ,2023-02-20,일반
AEI5OOS434KUVK3SPKYEZMBJUB5A,2023-06-22,일반
AERD56GM7L442X34ICEOKG44MK2A,2023-07-24,일반
AFH5RGXHECG6OFJEKVIAUWKFYU2Q,2023-09-17,일반
AHOEADKKYXTHETSA2WOA6N4MQEVA,2023-10-15,일반
AHKTEC7ZVRWNAA66KB3V5REUQG6A,2023-02-03,일반
AFMYMI6FWPFSDK7KXBHB2D7555OA,2023-12-14,일반
AEZTUFS2XNNKJ5ZCNRLE5JWWI4PQ,2023-04-05,VIP
AGVZ57S4TZDMQTXR67SMTWQOOKRA,2023-03-13,VIP
AEJWYKZND5DTQQYR26RKWY5FWTOQ,2023-02-08,일반
AGBUVENL47YJ3NJFQJS2MKZC7NKA,2023-06-03,VIP
AFI3EFAYZRL5L5TQXRQBQKWJQJTQ,2023-09-07,일반
AEQWP6WIVLFP2L3MSAWW3RENW3XQ,2023-06-11,일반
AFP334GQV3WBH6XJIX5VITMYOH2A,2023-04-28,일반
AHAIKXSSOQ7R5GBPVSBR6VE72QVQ,2023-09-16,일반
AHTSXQI7JAQVYVVQE6DK4B2EJSPQ,2023-11-02,일반
AH3DODDCISNEXGUHYV4MRDQ3H36Q,2023-09-25,일반
AFNNLWHF3B35C5XQN3Y6T77GIJFQ,2023-02-23,일반
AHN73IF2MNKIJ2MEMND5ODN7XDFA,2023-08-24,일반
AGG44FGU5A2RZMRCILNFIV6SCYDA,2023-08-10,일반
AHFQGP45QKIEFKYOCYUH4DP63XGQ,2023-09-08,일반
AGLZUIR2UEQJFHZ6KGUGFYPYINNQ,2023-11-09,VIP
AERVECDPABKJA75A3HLMML7JAQMQ,2023-04-22,일반
AEPQHZHEBKKLM6Q7IKBZNILWVCBA,2023-09-12,일반
AEXRU5ZQWDY2IGNVAFOF4UJQ6JQQ,2023-10-30,일반
AFBB545QU2N2BJW3PGXCROIDXIIQ,2023-07-26,일반
AEFANDDI6JRPXAGKHLQH2TV6A53A,2023-08-17,VIP
AEA6472BE7C24EQJU3GKJNILU27A,2023-12-07,일반
AE2PQX6JEE6UW7QB6SNEYP3TAXLQ,2023-03-07,일반
AFJXTHVSM4WSXPKINO6S6L4OI5CA,2023-03-16,일반
AFCTBE5IW6HOJ2ENFG5WZZNRBVJQ,2023-04-13,일반
AEQ5OVCZQLS52SKPGHUA2X3GJIYQ,2023-07-11,VIP
AFVPAVVA7NTHCLGMLLSGV56WS42Q,2023-09-09,일반
AH44VG4ASUF7HIFZHFM6WAI4GNQA,2023-08-14,일반
AFCOZOXOMZ4PVEU323VFOLNOT6YA,2023-10-21,일반
AF2JRH2ISLR6MYBFP37T3NWBIMHQ,2023-11-02,일반
AFH2YOAAGY2IP4U62G4VZ6ABXJLQ,2023-04-08,일반
AF3IXM2LI57OSMIOBF55GYWRIYKA,2023-12-04,일반
AHDY3KBEOCPCYVEOYWZEYYPHAMUA,2023-10-13,일반
AFABWJZ3775SMVWMSWGYY4DDN6WQ,2023-12-01,일반
AF74JR6NGSLT6D6ZFPER3HOIV3KA,2023-12-13,VIP
AHLGDWS4WYSZUEJTU2Y67QSUHV6A,2023-11-04,일반
AHX37NMZHULN3JJW4ULDOJ2RWYUA,2023-09-06,일반
AEVVZCUP5D2P4FWGD3AOPDGJJY4A,2023-06-15,일반
AG3NMRPAMYUG6GWM4J2RLJHFIBVQ,2023-12-01,일반
AFQW4AC4GLYGQC4MXQWMGJM2FWRA,2023-01-30,일반
AGLLHPCKRL6U2U6U5XXMJ4V6ANHQ,2023-09-04,일반
AE5S2QIJPXDUQT54XGJVGPQJOTSA,2023-04-16,일반
AGBA37OJDBIONSXA6OYI5TCIQSUQ,2023-02-20,일반
AHZNT25EKPGFYYUQOSYG7E5M7WRQ,2023-03-22,VIP
AHDNBCY5WEIZQ2ETHEL72TPHNGVQ,2023-05-13,일반
AG42FZDSEYZOQV7FJMK7BTG3Z2BQ,2023-10-12,일반
AE3EGIT22MVVMLV2BZBQAURWSF2Q,2023-05-18,일반
AEPML5IRZNUCCZNZDPAXESOPY6OA,2023-07-03,VIP
AGFWXRZUB5TYEIPWSULPTK7LHSYA,2023-11-26,VIP
AFUYCL7FL7ZSW4J7EI5DHXNR7NSQ,2023-09-30,일반
AEMQ4TSBHCLS2GHF4C4K3CHKM6QA,2023-12-06,일반
AENDL564LHLXLMAUI3U3D6KV5R5A,2023-03-10,일반
AEHF7TORHRTMJOSTX2KYEILWRDEQ,2023-02-03,일반
AFL6MZDS6GWY7546AYCY3Q5L636A,2023-09-19,VIP
AFV56MGUGR7UTIGTA35IS5TUVXHA,2023-02-22,일반
AFEQNJUAIGTASKXSGSUUOTDMOMDQ,2023-07-24,일반
AHLF25KDQCPPRDIZCBICU5XG7ECQ,2023-05-06,일반
AF3JF6J5KVUCB7KOGLU6Z3OE4O6A,2023-08-23,일반
AGMLLOV22EXPBNLF6VLGFTSABHHA,2023-02-12,일반
AHHHCRWKGCWA2BR7WNSBRHPS24JA,2023-08-28,일반
AHXCS37DGQHLE7RFQHFYPWGXZICQ,2023-04-21,일반
AE4W5ONOAXFJGV2L3AE72XWKSUKA,2023-09-06,일반
AFY34GSLURN6WLMJGFOGI5R2B6LA,2023-05-31,일반
AEDMOT4JJAD7UCEFLEA76Y526CGQ,2023-07-02,일반
AHEXPGZ2QS4MXA5LDPULZPVLYBSA,2023-12-02,일반
AGZXI6YFQBL7Y6ZH4JOLRETHVDYQ,2023-04-05,일반
AEHFMY2XIP7P3MZV6KHQVLCFKWBQ,2023-01-08,일반
AGXW34DAO3AACVXOXNHT66PCBGQQ,2023-12-26,VIP
AH2MVSVVA6YZM7U4DBKDG2XBZM5Q,2023-07-03,VIP
AG5LI22SGAIXYZAJXUDGHUQXIKOA,2023-10-08,VIP
AGQEYE3ZA7VXHMGDQLZM3VL7DNZQ,2023-07-14,일반
AH4BURHCF5UQFZR4VJQXBEQCTYVQ,2023-12-18,일반
AGSJLPK6HU2FB4HII64NQ3OYFFFA,2023-07-14,일반
AGG75KFRXNLCYVRAPA6D4ZBNTNSA,2023-06-04,VIP
AFMMETRQBRCB7WX5QNQXV6J3TR5A,2023-04-03,VIP
AHUADIC4LFJHXZK3ZUCM5GZHP7NA,2023-06-09,VIP
AHJCBBMUJWQGUJTT477TQ75ZTYNQ,2023-03-02,일반
AE2SWHFUXPXFJLITBNYV5YGTI5LQ,2023-05-02,VIP
AEL77P6YFP7P7EZVBDU63TUTGKMQ,2023-02-20,일반
AFCWL3MX7BP2ZUDD37MEAENZDQ2A,2023-10-04,일반
AGGFXDLCFZMTLJJDR3ZFKEOXCFLQ,2023-01-05,일반
AHEBPCKZFBKQMB6FXQLRP72OG4ZQ,2023-04-02,일반
AF2V6W7LKARBMZQLFL44AY6KYOCA,2023-06-19,일반
AGGGM5HE2PLQKZV33JOD6K2TYPQQ,2023-11-13,일반
AG5VQTV5OVY2Q42ZQPWXTRU2PSLQ,2023-01-22,일반
AFZ5KWM4MSPU25YIO2CYGGSNYV6Q,2023-11-22,일반
AE6THY5M7QTHCQRZ6PIUENS3NY4A,2023-01-01,VIP
AFO7T5DJCA34LXNLPEMNTUPHBA3Q,2023-05-13,일반
AEOKQXQO42VI27RS7S6H6RDJTJWQ,2023-08-21,일반
AGMHQJ2A77R33DA4XP3ZHYOMOTHQ,2023-01-12,VIP
AELO5I776X3QUOQZ7AEEFC565CYA,2023-12-12,VIP
AEJNUCP6WR35MUUPR3D4P23EDVQQ,2023-02-15,일반
AGM52TVEKBJENHQAN4Q22ODCL5AA,2023-02-03,일반
AGQ55X6WU4XM455UMFRGQZ7RYEYA,2023-03-19,일반
AHMJ5HV6F5PZFFLBC4NQ7JCHYA6A,2023-08-06,일반
AGJRCXYSPMLOJNP22GLBKWRCYDYQ,2023-10-28,일반
AGSEKYY3BOZSIPCZ3LHAML2SOC4A,2023-03-14,VIP
AFWGX2JJIVSYWDL5QHQ3TLM3IIDA,2023-10-09,일반
AFAQLRAKYASFXOQP7MS6SZK4STIQ,2023-09-06,VIP
AGGQ72HVXMSQN3ZPGCFUB47QYUVQ,2023-02-16,VIP
AH5Q2T67DWA5P5DG3FGMWEZ2ES3Q,2023-05-01,VIP
AHSQNNZHM5HQAGN5EY2JJAA3EWGQ,2023-08-02,일반
AEZ3OTGG6TXB5HGKYC3OIELYECPA,2023-08-27,VIP
AGVBLW36Z5EAOHMLSSU23UQMTUDQ,2023-02-25,일반
AGHPFBXJ7QGWVIHXEUBS5Z7F52WQ,2023-12-16,일반
AGOWRLSBPAVLJONO6CNUFO3QABZQ,2023-04-17,일반
AHGHFJXREBY4F2LI3M6SFLSWC75Q,2023-11-15,일반
AFZWM3VVEIMWNFSTQNIUSWJ324KA,2023-02-17,일반
AHYHIMJX4LAYXAK6QRQ62U7GPDVA,2023-03-02,일반
AGX5JLHABEDQENBZXYQGHW3ICZYA,2023-12-03,일반
AF7QASLC5FT2C3DGXD4YW2FMZ5ZQ,2023-01-26,일반
AHNCIGFMABVRKLCNTAARDL6N25NA,2023-10-19,일반
AGLWM3KQXUEEG5QUPOMKI72IIOZQ,2023-09-14,일반
AEU5DHNTPNICV4DYIEYANIV36C4Q,2023-01-08,VIP
AHXA44TFJADWFEA3DHLJWVUKZVDQ,2023-04-23,일반
AFTNE6LMFIWK3AULQAUWK6LP2ZIQ,2023-12-21,일반
AE442FMTBZA5GS5MDBKIB76GQDXQ,2023-09-10,일반
AECJGIPE6J5ODC5P7L6WXI4XBNYQ,2023-06-29,일반
AHATM4XWKOTU6FWTFVAS5TP6X2VQ,2023-07-26,일반
AFTFEMRWKEHE2R2QRRVOQFTETUUQ,2023-10-30,일반
AHUAVHWF66PF66YDJXGRXJASHYUQ,2023-05-07,VIP
AGL76XCJ2EWY36ABPD25DHZRMQMA,2023-02-25,일반
AGD2H2SMDLQK62MH7BFWQ2INBP2A,2023-08-02,일반
AELIUKITTHS3MSGTSB3B3YCAUMQQ,2023-01-14,일반
AHPYAYHRORO3DMJ7DSUHSGSBLDBQ,2023-01-28,VIP
AENIRZYQ7D6LIUFYMTCNZ3E7ITMA,2023-03-19,일반
AH5WOB4H6TNTIVWLGHXDBTVBKZ3Q,2023-08-04,일반
AEEDBX6NJS6TW3AY6TG3DUN4TI5A,2023-12-31,일반
AG7BWK54SGYY2Z2QHMB5VD2JXDJQ,2023-06-03,일반
AFKOJLBHQLFZ3EZYM3QQRATTZ37A,2023-01-14,일반
AECPQWPXGTZOXEYOPZXTZQ5ZG23Q,2023-07-06,일반
AFSSY7GGVWHL2TLE5ESRJXJJEK4Q,2023-11-08,일반
AEII2B5GAPQWGZCTI2PIMOEFJMRA,2023-01-07,일반
AGIJABWDG4M75P6SIANOPH6CGIVQ,2023-01-03,일반
AHXNYKCNRYNZPT4HEFZT6JUXRDOA,2023-04-21,일반
AFT36LVR44MBK7LQ2WQZOYCZUS2Q,2023-08-26,일반
AEVBWSNHEFMTADA24TBEUGDGLZMQ,2023-12-29,일반
AF36ZMROXP35IOQKSQ6BK4FEPNAQ,2023-08-27,VIP
AFPP23GZ4AVHPQZCTP3HRAABLJLA,2023-10-01,VIP
AHRMZ6CNNUQLTLK7V4NXSXQSUOPQ,2023-10-21,일반
AHYNWZDQUEHA3LHM2UGWGPEF5RZQ,2023-08-15,일반
AGJ4SX7KMBI7JTCLN2M2NDKHLBYQ,2023-01-15,일반
AHG274KYTUFW4U6M4Q3RXSY3PFLA,2023-07-11,일반
AGUDFIEXE7SNZX63QNMDTVSNXB3A,2023-04-29,일반
AGDFLPE27MVR57QZ5JFVGQXDDKSA,2023-01-28,VIP
AG6CUGEEGHQL2ZZ3VHASUJTHLORA,2023-07-21,일반
AG44ZU44LAA7BHECDW5VB2ZMEP2A,2023-02-08,일반
AGP33PWKFF63FWCVM7D7LPQHFGLQ,2023-09-30,일반
AGVLBEJH5PAT5HSTWGHSFXU5D5ZA,2023-08-19,일반
AFTC5SKWCK3WMQKPPUNHEUCBJVLA,2023-03-27,일반
AGICMMOTS42OFSDTZOVJ4C5P3LEA,2023-05-06,일반
AE3GIVX24R4R67DU2MXLX24XYCIQ,2023-10-27,일반
AEL5WI53X4OUCZBTBH5Z7SNT63YA,2023-01-25,VIP
AHLCFOXSW7PKG6NWJAYZXJJBHCPQ,2023-05-25,일반
AG7TJLDLH3HOUPRBUFW6KNUEGO4A,2023-01-13,VIP
AHTSVFP4GVBBXB6O7JU5FW3NXEJA,2023-07-31,VIP
AEREO7C5GLYYYV6YXK7X4UCCQTJQ,2023-01-25,일반
AFBZOBNNEXP2HLRKXMCEFD2RNT4A,2023-03-09,일반
AEKKXMW4QXQMXXIHMC3AM533RJIA,2023-03-08,일반
AHBAU2TXR72GFAVHGD4E7OTABKDA,2023-08-21,VIP
AHK4GT7INMZPE5QFGOPVQPQWOCHA,2023-04-19,일반
AHLCHZOJ35AVEE6DYVVH6XR5D2MQ,2023-05-26,일반
AEH3MURR76DG3TEX3NXIJVJTKBLA,2023-04-21,일반
AGGEFVVI6ZRLVEJHVX6PO5M4CWRA,2023-08-16,일반
AGB7DCNVNZ4VY6G33RD333OROE2A,2023-04-21,VIP
AE5333EQIF5YVB2LAEVCWPH2U5DQ,2023-02-03,일반
AEAKVP53B3LBTLJOVAQZUWEF6PYQ,2023-04-21,일반
AGH36QL5SGTNWTOYS6O2342SONMA,2023-09-21,일반
AG34JWBUWQ3VHVME53EOCLAPIZ4Q,2023-08-24,VIP
AEZWHWXROPZON2GRB234DUWXQTHQ,2023-03-24,일반
AGG2AULXZCI6G44ST3BNAHRWDR5Q,2023-02-11,일반
AHR35WVPGLH745QHWRWEJ2WZTTDA,2023-04-11,일반
AFNSWRFEYVFT3XIQRXEBUOZKREAA,2023-01-06,일반
AG3H2NL3BTX4M4VD4NMTQ4VBKF6A,2023-06-29,일반
AFAKHOAYOIRPKEBF376DH5VOHIVQ,2023-10-09,일반
AEWNTX64SO54FM25O5FQFFWXIM4Q,2023-11-16,일반
AHLOFWN5NO7E32LEZUOVSNQE7IDQ,2023-08-14,일반
AEAJEELFQNAUNC3VXCKYR6RQPCJQ,2023-11-11,일반
AE242TR3GQ6TYC6W4SJ5UYYKBTYQ,2023-12-31,일반
AH6QHRMENKX6PFBXHEVDIWEKJSKA,2023-08-17,일반
AE5VS52EYPPGCA6BVWXK2NT6NFBA,2023-10-16,VIP
AGOYOKNFM75VNEGK3DSACVQ6CFUQ,2023-05-30,VIP
AHGYEGAWBMQGOITR2ZFR7SFSWLGA,2023-10-04,일반
AE37UHWDVGTD3RZUERS6DMZ73QIA,2023-07-17,일반
AGYYQY3SON5Q4UBPM5NWXQSSLCIA,2023-03-11,일반
AG7NSYRU3ZSMSIKJT6P4YIFO6QOA,2023-04-22,일반
AHWKKP3N725TNVCGAS3RDM5MNAJQ,2023-01-04,일반
AFWKYTQRPXNGB7RII7ZH7EABC7EA,2023-12-16,일반
AFKODCETW6PO3PQ7T2D6SFHRFB4A,2023-11-27,일반
AER7Q5G4K2TF5X74DYBJCEEQ3VZQ,2023-11-14,VIP
AHWVJOF4IVRKFY6RJRSBQ2L6ZXQA,2023-12-16,일반
AGQNVTJBYS6YFCNDPYBR3HDTR3AA,2023-04-05,일반
AHKU2XWNLBBW2KOKNZIHMUNHUIXQ,2023-06-01,일반
AHJBBVKQXUKF5QSQASCVFPWQGSTA,2023-11-07,일반
AFUR3EWCD6OMWNI7EGYK62PDJL6Q,2023-05-17,일반
AFVKECCQ756MXVGQDFS3JMEKXUMQ,2023-09-04,일반
AGMXRWYEJX5URWOJFL6BVNS33A4Q,2023-08-31,일반
AHEHBCTR33JSVI4LYVXGDRE7E6UQ,2023-01-31,일반
AHYTRVWVQPG2TVM4E45YUD2753AA,2023-02-09,VIP
AGDOV2OBW4Q2SW6IIJIZNVB76TXA,2023-08-17,일반
AFA3LPNRI5HE56NA7IV3NN4KYJ6Q,2023-02-05,일반
AGJX72ZLJFKML3LS6N7WXRA4RF3Q,2023-08-11,일반
AF5XVR5OXJ67BJZGIOYFMQDQIGGQ,2023-01-06,일반
AGKGXJAEWW2YJUFZPBBJMTXB5JCA,2023-11-18,일반
AHWBGFXMQMPMLIRTEOZC23QT2FWQ,2023-08-08,일반
AEVYQ5XCKNYAC4L27BDFVMWT6TCQ,2023-03-16,VIP
AFNM7CC3WVFADEY2HU4FUG2PQVSA,2023-01-04,VIP
AG5LTALCLRJRNBK3W4P5EODKPLSA,2023-12-01,일반
AGUJKURU5LKSDMIBLC2AYZHJZCHA,2023-05-14,VIP
AHPJLCH4PJJ5CD53KTXAAXRLV4ZQ,2023-04-28,일반
AH3ZH5IE4MTFB3T33O3QSGLU4BBA,2023-04-04,일반
AEQHHPCXUH4O5BS4VOQNDBTAAORQ,2023-03-03,일반
AFMIGQ3PROFIPTSPVGLBI5XEXCDA,2023-07-13,VIP
AE2YKXGI2XFOVDHNL6FF2RQAZ55A,2023-12-01,일반
AFID7FPYXSKYIQ4TXVZRJLDCTNWQ,2023-07-22,일반
AEH3VHBR2ECN647RYG3VNMASKBWA,2023-01-26,일반
AEZCPNPTW4BIFN7P2QFA3ML4ZKUQ,2023-06-22,일반
AHJHV3JIPUMAT274GIFQKJPKXNMA,2023-10-27,일반
AFYQPTD6YGHPLNTGAOUBK6JTRVTA,2023-05-13,VIP
AF7NWNWMLKRURHMLHTZXO6TYO4ZQ,2023-11-22,일반
AGUGVM4ITHDG6NIND6XEJSQA5O2Q,2023-04-28,일반
AHEXJDFOBBLZVPEDL32XHOAEZ2ZA,2023-11-20,일반
AEERA3TDMJGDMFA2NSPWSU5DUYNA,2023-10-02,일반
AGPLW74W3HJTC3ICBNN3R6MIHFMA,2023-07-31,일반
AFH75FMWPZH6ZQFZREPWZDS7FEKA,2023-08-13,일반
AGXSFZZKVHNWYTRTFYE3O766ZHVQ,2023-01-20,일반
AEMJJNJTRB4DQ2EMQQRJ6N2SC2XA,2023-04-23,일반
AFEPOALC3FJQEMM2E5SK2EEZFXGQ,2023-05-20,일반
AHZ735URYHBXW26225HDL7K7OB7Q,2023-02-16,일반
AF3USN76IP5JHXKWGCXZ4JL5FWTQ,2023-01-01,일반
AECUDCUUNINQYLQOYTKNXGMYWIDQ,2023-03-31,일반
AFN7F4VMFMSGDUDUIRMKKWLH75QQ,2023-05-22,VIP
AEXWFIXSKJG3JJO56XGKHSMF3VAQ,2023-11-16,일반
AF6HB6GYUYNZ4G4FDTQIGQK76WSQ,2023-02-07,일반
AGAVEOWLSMUI7WPD3OHUVNHQ233Q,2023-10-20,일반
AHE2QUNIF2AZCEMTCYWKMFNEWDCQ,2023-05-19,일반
AGKURQGQGENCRFFBWSO32XS4ZGZQ,2023-12-22,VIP
AHHE2EJE6HYXFVTGS6KJ37YP3K2A,2023-11-29,일반
AEOKRUZ72RVUNHVMWHU5SFP2NXKA,2023-09-16,일반
AFLMVNHSWNI2JPAMQKSOKJPAKHMA,2023-06-10,일반
AGUHOLJYG2HCK2BYPUP7F5VH23GQ,2023-06-27,일반
AH5VFMT4UVRW3RSEXEPXBDEGWBSQ,2023-01-10,VIP
AGSMOEVIV64A236CLW3B5JHPYQIA,2023-09-18,일반
AFRQJEYVSY2LOMYVJL5BXH3RP23A,2023-05-18,일반
AFFEO6RPTLDT5MMTV2OVV4H6PEQA,2023-06-21,일반
AEFJJHEDW3VJRIQANBUZTZNYCOPQ,2023-01-13,일반
AGZT5PONY6EVMJE2FLZV6WDQJ4FA,2023-06-17,VIP
AHQCJNQP36RHELFJEJ67R6KZ76CQ,2023-05-10,일반
AGYEJRMI35FOWDV7JK76YPMMQDDQ,2023-03-25,일반
AH4GBZYOUGBQQ2XQQHY6WKQZTIKQ,2023-11-17,일반
AEJGEJAGW7MDJMBVY7KB7KBKIYYQ,2023-11-15,일반
AEWP2ARX3R62X4MJMBO4JOPOMU7A,2023-04-11,일반
AHH2JUMVFGEUJXW5SFUOAIRZBVJQ,2023-11-25,일반
AEB5LUPJLVMRBV2DQYWOLGIC2OXQ,2023-09-30,일반
AEJXPNJR72TG3IKARG3ZCXGKY3UA,2023-09-22,일반
AFTIMMFTREPXAX7JBY4O4JOW7MSQ,2023-02-07,일반
AFRT52TVMDMKOXEASI2BPC7TACFA,2023-04-04,VIP
AEDPXMYWKEF2FFU4P7JUPNRVWU3A,2023-04-05,일반
AHPG3AAPVL7HKSID4IPJ5MDAMAJA,2023-11-01,일반
AFBWMQUWPLCXK5D4A35AZBEZVRNA,2023-03-10,일반
AH6RSKPDRXTY7FU32MGPKOFN4PAQ,2023-11-14,일반
AHFXY4LR6WSLCD65WDSXNI3FXMIQ,2023-08-24,일반
AHLZWB73EYRXKYYJMEGIUMTZ7BYQ,2023-11-30,VIP
AGBA6KKPYVJU2TU52GK575YXMSCA,2023-05-17,일반
AFLFEMT6PKT5TYRSSFSGKZH76GJQ,2023-03-17,일반
AHEGXONYVJHACY73DVEU4O5AH4SA,2023-02-04,일반
AGYAPOCHJTBVSKV3GSONJ7VXL3PA,2023-01-01,일반
AGZOJCTR6UIB4LRZ4Y7HTXOXSKVA,2023-10-23,일반
AFSJHOXX5LIYZEVAMQ4SXKCYHWQA,2023-11-16,일반
AFUAHYLSRN2FHN55BF4DN2KIACBA,2023-03-01,일반
AFGPRRCCLCHA7EEQRXPRLTJPAQ7A,2023-11-16,일반
AGZJ7DR6QX66HBTFZ4IRO5RGM6VA,2023-12-15,일반
AEWYTXQFQRBUHADGAXC4CPPNDBYQ,2023-11-24,일반
AEGCMA54O4ML7L2XAVP4BCKXBHLQ,2023-09-24,일반
AFVNMGQ2XHQL55BFESLIHGPCW6LA,2023-12-27,일반
AFRUZM3EU3T6M7HFW6MUXQKJBZCQ,2023-08-17,일반
AHJB3PWCLPLMFBNCOPP5AM3TSXOQ,2023-09-27,일반
AEXFWMXY2NPLRI3QKEROSZZJWUAA,2023-11-12,일반
AHSN2AJ6A7NQLUJMH7YBD6WG7L5Q,2023-10-13,일반
AHKEHV7YSGK2ZCMEUQYS6LJNURKA,2023-10-18,일반
AGLZGGJLEO2WGEMX4KZCFNEJX64A,2023-08-01,일반
AHTHJF5RGJRHAKXOHA6Q2ZFKXOWA,2023-06-14,일반
AF7EOXYL5K36BDP6PXF6K2TL5TPA,2023-01-05,일반
AEN7NV2P5WNHM7EXCWWWES43N3PQ,2023-12-05,일반
AFFCNMMFC5VPKDGX5FGNODAS6Z6Q,2023-03-19,VIP
AFQJM63Q7OMAP62BP3TB4YQEZAXA,2023-03-03,일반
AGN5DA5YJ2ZNRT47PCFQTDEDEHNQ,2023-05-12,일반
AG2Q7FISK54KBSPHF7CNNGZ3GLNA,2023-03-30,일반
AFFYX3FR3SF4JOIN7FIPEVVTIRMQ,2023-08-25,일반
AFUBGC56G63INVGIAA2OOMZDRLTQ,2023-02-11,일반
AEQWGO62V6K2GSMRMFGRW35NBTQA,2023-03-30,일반
AF7USQ27RIKU5ABXWZG2WFECW7JQ,2023-10-23,일반
AGZT5FACORYIGQP6G2H2CS6HEMTQ,2023-11-24,일반
AFUQWSUM2FGNLHU45YUKN3QAEFHQ,2023-10-22,일반
AHVGMS3MGWLQZG2IR34ENSS4UX4Q,2023-04-14,일반
AHSDVZ3ZSHUMFGDLVVGATDIWKHTA,2023-01-14,일반
AEYTPTAYCRD42I77UZFV7KVD4GGA,2023-10-15,일반
AHSUJTBY4LOJ4QCAXODSHFIFYEHA,2023-06-28,일반
AHGI6HOOKQ4KIORVS3SSRROYIXLQ,2023-05-05,일반
AHPDJNXQO6ET2TFU5L52BHLTRY4Q,2023-12-19,일반
AEXCDW6DBTQ42FQZZ5O4MUVOCWZQ,2023-01-23,일반
AFY3G76SQQTSCLM7WVE3JWFEP5DA,2023-03-04,일반
AGDK7O4R637II4QUCKENDONJGV4Q,2023-05-23,일반
AHMHM5EFODDANIMBHGM2T74BEJHA,2023-06-02,VIP
AFRL737KHHDPUBLDGKMHQPVCG3SA,2023-05-25,VIP
AG4E4F2EYMDWT5COA2MPYFF3DY2A,2023-08-13,일반
AEACBJY3IOIQP26VSSYJH4IGFDXQ,2023-11-05,일반
AFHE3U3LPV6QO6GVKLGXRFCH3YLQ,2023-04-14,일반
AH33YNJUF6TNUB2CJTLGAJX4G6DQ,2023-04-14,일반
AFQ5SND6JJSAXPAIZSEROSRORP4A,2023-02-08,일반
AEFXOSV5LSFQVAI3FYKVECIQ2YKA,2023-07-17,일반
AFHDJKCENRGUUZD2EYH6VDCJO5SA,2023-05-14,VIP
AGHWZ6VIDNDWZOTO6YROX62J5CGA,2023-03-08,일반
AGFR664PXRCRSQRQDL24BDLOAQSA,2023-06-28,일반
AF34O4J6KAXDARBDMH2WQ3K6RVNA,2023-02-11,일반
AG6MBOHY6DAS5HA35XTBSFMJZKPA,2023-01-15,VIP
AHX27HPT4SMOSCOOEJKZYKUIWN2A,2023-04-21,일반
AHP5XVXHFNOISFJBZ3NQX75EC5QA,2023-06-06,일반
AERIT7L44J4U5ZOSUK2JOSJF67PQ,2023-10-16,일반
AHPAC3MT3XXV27WWU7U5AN7RLCXQ,2023-08-19,VIP
AEC5BUE7IZ7BJDWQBTHSZ5NTBMRA,2023-06-06,일반
AFBJVGLPQD4P3VWFKPHEYOYSU3SA,2023-02-07,VIP
AHNNGQDCQ6UGEBUXIL35RRKQKZZA,2023-04-07,일반
AF43XSTGWBWDM3ZV7RRKWMAHPVCQ,2023-10-16,일반
AH5JWG7PISZWAT76DY5Y76KRU2OA,2023-09-11,일반
AEATXOF4DX2VJQQBD2OLGA6WD2NA,2023-07-15,일반
AE4YTBWL7JODU6DEWIW2PTUQ5XPQ,2023-03-27,일반
AGPOYBESW4JLTMELJLGMLV4JKJEA,2023-11-18,VIP
AGJ2XZ2PPFHMYQ54KPSUGDLHTOIA,2023-01-10,일반
AEPLOFVKFHPQH4DFHKQXGKWL24NQ,2023-01-05,일반
AEXK3LPRGQWVMCIQZGHHJUBHHAZA,2023-05-03,일반
AG3J2PDHKL63SV6RT5SZKPHEJM7A,2023-11-26,일반
AHNO42W4KBB6YAKX3VZKVCLI67DQ,2023-12-19,일반
AEGCEHUVRPOYDRJHI4UJVB2XY6FA,2023-04-28,일반
AEQ5ZXLEZFYS2Q7GBBW6IDJTH5GQ,2023-10-21,일반
AEWPCJ6MCXV32JXQHYGODOOEIJNA,2023-06-08,일반
AGFSVYPXDMWJWF53N4TWY3SNOA2A,2023-10-30,VIP
AGAI5NULVI4W3QO5HBFOWS5S6TDQ,2023-08-16,일반
AGLP2ACOBJSBZ276KMDD733NQQFA,2023-12-31,VIP
AFERMHRNZA7G7HIN2RS6LAQHZOWQ,2023-08-04,일반
AGLZSXEKXHXVIG5UQTP4ZSZ7GLTA,2023-07-03,일반
AGZIS7T3EPMSPXWTCFAMAOA5Z6UQ,2023-01-15,일반
AER4JCC2IQBXMZOIVCLZCAKLPBTA,2023-06-06,일반
AEG3HYLEKKRSE4WITBF2CB2GIAXQ,2023-05-16,VIP
AHCMDZCOEHHFNRRHB5JWYUHB4EPQ,2023-09-18,일반
AFSJH35U6ND5BYT4CMS3YEXD2SCA,2023-06-06,일반
AET7HLYPQNGDUWJNLVPO5KYDMZ4A,2023-02-16,VIP
AHWVKM3B5KFR7XAANZJTEZB775RA,2023-11-20,일반
AHIFXLEEJ4LZAFB52LVWNFMQXH4A,2023-11-28,일반
AHA6IGKITMTWNGMDKC5TWWYEONMA,2023-06-22,일반
AHALAMTLZTXNZSY6G53NYJFEHLZA,2023-05-10,VIP
AHDZE7UM6PQPAOJPJJ57QUHGGTAA,2023-04-05,일반
AGMGMQ6LB27Y52XFBO7LZIGDTRQQ,2023-04-25,일반
AHDGOGFRCP4B5THQ5VKLPGAAJE3A,2023-08-31,일반
AG7BFEWBPUBPVFTK47EIJDAYUBNQ,2023-10-19,VIP
AHFXFKDFNJJ3YLNGE4XLHZQ7SSFA,2023-10-09,일반
AEWSD3QCFYD5ADR56HDWBWULBNQQ,2023-10-26,일반
AFPLVSCWQRLSJS7O5TQZGYIKR22A,2023-10-10,일반
AFZMFOHRXE5LIYRCW2W22ECGWLKA,2023-03-10,VIP
AHGPOB3Q2BTBR2WJNJCFAYF4XXLQ,2023-05-28,VIP
AF6JPKFNHA43DUMRZJQVHXDCADLQ,2023-01-11,VIP
AHYUXACLEPZESEULAWJJLHKCI3YA,2023-09-11,일반
AG3RZKI3Q6Y7BRBJE2NFACMPX4AA,2023-11-26,일반
AFPCVKEEIWUDAMLHTSLDAJU2M7UA,2023-12-26,일반
AHDZ5QFLMIQPV5OENYTUVIYT5W5A,2023-02-07,VIP
AHW5KSBYWPGUVRIXU5JQFMT4RVXQ,2023-05-14,일반
AGVCA4HKBU7PAZKLJRLLCKK3ZXBQ,2023-07-19,일반
AGQTTQWEOQLPO3PV6XEDCWZHVFNQ,2023-01-23,일반
AGYFG44KAEEQOVYBQRJHPVD32R2A,2023-10-30,일반
AGOPG26AJCZ7HH3S6SHL5EYLB2NQ,2023-12-12,일반
AFNTWPGFTBDG3Z4KM62YI5AGUEDQ,2023-10-29,일반
AF4FBOU77LUPQUR7IBGUCBHELUIA,2023-12-29,일반
AEOBRM4MERVEHV4O76DQMSU5CQKA,2023-08-06,일반
AEBBA2BEZHS7VHTVPTM33SUFOPLQ,2023-05-21,일반
AFU3RKW2HRVHNL6PFIZ7Q3ZYUSOA,2023-04-14,일반
AFQGGBH7UOPRRK6A4FS6UAHBBR6Q,2023-07-29,일반
AHUVPTZIP7GEDM62EIXKJOHXKX7Q,2023-04-21,일반
AELXEM4FYSUTAX3MW4N3MMWTA7HQ,2023-04-14,일반
AE3JXOT37VQRM3R7KJNLXD35X66Q,2023-11-12,일반
AEAXPZESQ6V7SHMWRZTWKF5BVINQ,2023-06-20,일반
AHBPQ3SLIIQJFBOG4LVVCOM57WNQ,2023-12-22,일반
AEQZHKTTW33WQUHSOP7XXLFKLHUQ,2023-11-20,일반
AFXM3NOWH4PAUM3GPYNYHNDSM2RQ,2023-05-13,일반
AHWC76VEMF5NNLUBQCANCBHLBRNQ,2023-10-20,VIP
AEYYU3KIHUOI2TXTTMFGIGSO7Q6A,2023-11-24,일반
AGHDAMFVW6VIKXBXTJQO532AMIDQ,2023-05-07,일반
AEMWRPIH6QNSF63L73AYAG4BO74Q,2023-04-16,일반
AHF7VQLRU5JXP6RK73TKZND6LRXQ,2023-04-02,일반
AE4CY6H2MUWSFJ66OVTV6RBJCC3Q,2023-10-14,일반
AEZ3L5FPOTNXXQQKXUFH4PMJMXSA,2023-02-20,일반
AE7R6PIVOLTXM6HWGKPKBI7NBIVQ,2023-01-29,일반
AEGJWEAXJNRH3OLXI7JE3VRTSNWA,2023-10-23,일반
AHYS2KFHX6V5IVVSTAAB4RXD4IHQ,2023-10-24,VIP
AFTQUQ7MFBNNKFZM644MI322OPQA,2023-08-02,일반
AFQCR3ST6ASAGNFKVVXIJTEFH3DQ,2023-09-24,일반
AHKS4SN5RP5OHNOUF257Y6Z4QLLQ,2023-09-14,일반
AFVI6OGPXJR6553ANNV5WFPS5JWQ,2023-10-29,일반
AGNRPHZY2FNQOGUMEZG4RZJK5OZQ,2023-04-11,VIP
AGA6O6L2CPTO7XPKKLPVCJMMKMAQ,2023-12-12,일반
AGSP27IDVRXVVRJOLLTCIXFFIOTQ,2023-04-20,VIP
AEKRTMFO55F2OPZOVRLGDC54LXGA,2023-07-01,일반
AF6ZHIURUWRGFOT5DIXQKXESA4BQ,2023-11-09,일반
AGLG6I5ESBM5JREGA7MXG77ODXHA,2023-01-01,일반
AHESEQ2NNWRCDBHDPB2CWTOLLZQQ,2023-11-15,일반
AHOZ3E25NUK65RTQ2KLYE74PTZ7Q,2023-02-24,일반
AEO55TYWLKVPVTNYRZZ7DNGZFSQQ,2023-05-29,일반
AHMGNDFAZFEDLG2QQBUI6Y5CN6GA,2023-11-05,일반
AFHX6LN2EGRSLCIKZERTK236KJWA,2023-05-17,일반
AGM6VKOVQWLVZW5NXUZ2SW6UHGJA,2023-07-21,VIP
AGZLCVRZYQW3ADFS7GYJVKYQFE5Q,2023-11-09,일반
AEA2DZ4UBGO6GPVDVGEAIAQ2AMRA,2023-04-27,일반
AGE6XPOPKNMLZ7ZXBNTS4FQKJVWQ,2023-06-03,일반
AHASGLBOKKQJ22ZXE62YX7TBJMLA,2023-10-18,일반
AE54UCU6AOZMSSLTEX4RTUZXTI6Q,2023-03-04,일반
AE7GKHRXG35GBMJJDCQ2ALF4UQRA,2023-09-01,VIP
AE22Y3KIS7SE6LI3HE2VS6WWPU4Q,2023-01-25,VIP
AHWEYO2IJ5I5GDWZAHJK6NGYHFMA,2023-03-31,일반
AGYURQ3476BNT4D2O46THXEUY3SA,2023-03-16,VIP
AFPMBSBIEX45OQ6UCQWPDG55GWLQ,2023-10-21,일반
AGWJU3WUQBDQYPSYAJSR3AKBLCOA,2023-07-29,일반
AEOVUNFCIFV223O536GVW5JHZKOA,2023-12-13,일반
AHPHVDOD3W672U45KKZQIJZTHLGQ,2023-01-17,일반
AGPYJRR7TI32QGUNYSFCA6T4OPMA,2023-05-08,일반
AHD3DG7REA3RLWBAR7RRD4FBJWZQ,2023-12-30,일반
AFZE7KG2W5XOGLTWA2J4CSAHNXWA,2023-09-08,일반
AHCAEA2HVGPCU36JGCIE45OQVG2Q,2023-06-28,일반
AH7F2AQYA3MVSXKJW3SJUG2UVLHA,2023-07-01,일반
AEUW2HNBJ3RXYHK2OXKXJ2Y3MCZQ,2023-06-01,VIP
AEB2ODYYKIX6P2T3SP7PADBNKGPQ,2023-01-25,일반
AH3JUIQYDAPZIELYMMCLQIF66NDA,2023-06-29,일반
AFLPBF5SMLJA7SIGVIGSREWQQWIQ,2023-07-17,일반
AH2S5LLQQULHAD7BHBZ7XSEOEA6Q,2023-12-10,일반
AFPTOFOQ3XNIJPY6PP6YDXKKRC7A,2023-06-10,일반
AG7VVM3KQOOLBILDBXWV7KTPIMHQ,2023-06-26,일반
AENDSRXBY6PDISBBPQBO4QFMPOHA,2023-10-12,일반
AGI22WQ2X6RMINFMZWLRXXUNW6JQ,2023-03-04,일반
AFEJFJOFJO4XQTAUFXZALFURTCUQ,2023-05-30,일반
AFAXUU47RN762WSSN4WATCSYAJ4A,2023-06-03,일반
AGLOERHFT2VT7MSRJVX7AR4YJKEQ,2023-06-05,일반
AG43C22P52ROYFXBHCND6X3QI4PA,2023-02-18,일반
AGIC5NIRGP4DCEB4RYQEK5S3IGRA,2023-12-03,VIP
AE4WAZZ4DGMPHC2IFXOPULQIT6ZA,2023-03-25,일반
AH4NTJSGZJU46T6V3HLTRFW27U4A,2023-12-27,VIP
AEDYRTC4664YWM5FEQVQB3IVCAMA,2023-06-26,일반
AG6TQFT2J2BQW67NBTLB4X6XYC5A,2023-05-28,VIP
AGGFJ5HSIY4FHH4F75FFRBJRBBTA,2023-04-28,일반
AGMVK4LJDAES7HGNXYGUMBETQYEA,2023-12-08,일반
AFELJW5BKK3BPKBH2GJO3MW5H2GA,2023-03-04,VIP
AEWXS2P3GWY5JZ2B2BZCIXHODFVA,2023-07-08,일반
AGCEI7TBUUF5BXSSGXSRVT3HPCAQ,2023-12-26,일반
AF5FBSTURBSA7VGB3DPTQVQ6CXOA,2023-02-18,일반
AEEL3YZEVV6RI67NSG7M65TCKEDA,2023-11-23,일반
AFY3XWUSTQABIV5OERXNLAPIZBTA,2023-09-14,VIP
AFDIP7UX2AVN7Q42UVSPWBZDSKJQ,2023-08-12,일반
AF2UJQYDINULS75GB476GZ3F5HKA,2023-05-21,일반
AFBYRGPVHQDBRHAQHZYD5JCR2VMQ,2023-08-03,일반
AF5MN6PWXNKK5XXQPOD3TDRDO2YQ,2023-07-30,일반
AHEKP6OARUMDVOTRLNM73MQ2LYSA,2023-11-14,일반
AEV34N6R33BELH7SXLEZFWBCMJ3Q,2023-02-01,일반
AE4YIOCA5OVDV3GCCYFIJZ3XEKCA,2023-06-07,일반
AF42E36WI766TJEIU3A43B5SKHDA,2023-10-12,일반
AFTX5FBSNUBV4KDAAFCLPYVIT7PA,2023-11-01,VIP
AEQ6GH2IHN2VPIDQTT5LUKGH6GXA,2023-10-13,일반
AG3Q4BJZXEPHGTX4QEJZGHQJIDMQ,2023-05-24,일반
AFPKII5ZDNUD3OIMHD5FUTKBOGNQ,2023-01-19,일반
AFBGSJVXAQRB4AOEX6CFHBBQEVXQ,2023-01-18,일반
AHLRNSGTZ5G2HBYEKPABQST4A3NA,2023-09-14,일반
AF7X57ZWMMENYXKPBWBXQVLFZ46Q,2023-03-19,VIP
AF3XUWT2436N7RHNRA7RNALJB74Q,2023-06-24,일반
AEOI5IZQ52FK6IT2FCZNE5LUCBNA,2023-07-13,VIP
AFHQK5EVOXJQOV6ND7A7RESRSZXQ,2023-04-23,일반
AERDX5Z6F4SNHSYXM6Q3RKZHNHRQ,2023-04-24,일반
AGLTJEIA65FMSJC555OYU5ZMNOLA,2023-08-10,일반
AHRW74XAWDCJR7LLTQZTX6NNTY6A,2023-06-15,일반
AHNLND23LRRQQ5HTBQGEKYKUYDJA,2023-11-15,일반
AE3WB4ZVEGCMAZMHPCPLCQNKKQHQ,2023-05-12,VIP
AGOYJRXFFVVGZDJTZV474WDLAPUA,2023-09-21,일반
AFU33Y7EUIZTFCE3QHWISRFUAG2Q,2023-02-24,VIP
AE6DRYSJVPHBCSHCTRNULSU2D4CA,2023-12-25,일반
AHSRHKUU5AZ5ONNHBV3XIT6SOI7Q,2023-05-11,일반
AGDJSUUWIZJCPVADFXORM7A6KD6Q,2023-10-15,일반
AFTIB5G46ORBIMWQMKAWPGRTLR2Q,2023-09-23,일반
AFYDOUCV4JCJESNQ57MXOVGSJ5PQ,2023-06-11,VIP
AHK23XTCQSYWXJS2PHSGZP7TDHOA,2023-03-28,일반
AGUQMWXN662DIDUVJPAO45CEY22A,2023-02-24,일반
AGIXLV5PXZOAER6EAYOT5A4CTKYQ,2023-10-15,일반
AEG4O3NA4UH2NADX7S54C6AROJVA,2023-06-27,일반
AGRTZW7IHUHHMDKJXOAW5EMVUGTQ,2023-12-15,일반
AGVN72RV5N6W42CET3JY7ZP7JFXQ,2023-01-08,일반
AFNZXOTYIRHPYZ3MYZ7BJC6XA23A,2023-11-17,일반
AGSBUA7UPDYWRK4QEA22TGZKGKWA,2023-11-09,일반
AFOCJSOFFOYRGY57ZBRKPOXKISXQ,2023-09-04,일반
AHXJZSVEOLZI5RBMJNOHPVSA2DNA,2023-11-19,일반
AGM3M7VSW4O2MBOMCFV7EQAY5ZLA,2023-09-12,일반
AFLTI23AJOP4G45H4KOUBGB64JZQ,2023-11-24,일반
AH2GTLVFFJBTLSGZ2CBTOK7C4NAQ,2023-02-23,일반
AFJ5KPIQGTPRDIYT4PGZCUN63SHQ,2023-09-06,일반
AGFGCIGENNJTFHE6ROZW3R43AI7A,2023-08-27,일반
AELDTBTLLQ2OITCG4BQTQWCJ2Z2A,2023-08-17,일반
AEBAKTSBJSTQP4QYDTXHO7LZDWTA,2023-03-08,일반
AGZNXVDF65JCLJDZWWFVCR6TRSZA,2023-02-20,일반
AF352RMPRSK6QENB33BZNV3DYI6A,2023-04-07,일반
AHXA4FZGPZGXWBJRFZ4V43RPP56A,2023-04-02,VIP
AHYZHOPWDYWIXWQIZM36GLF34W2Q,2023-09-21,일반
AHOGJU7VZMKMUZTXCJXFVGQL4DNQ,2023-10-18,일반
AEE5R6QGK7NZBOBH65HH26TGX2XQ,2023-04-06,일반
AFUJVPG2FRVCOEAGRTVZIMGXVQXQ,2023-03-29,일반
AHEZEZY3JCBBOL45BEUNUPNLKNGQ,2023-03-19,일반
AG54KGAZMF7BPHMMR7QDFEV2U5UA,2023-10-15,일반
AGHHUYG4PCLACIML5VUOGDIFX2HA,2023-04-30,일반
AEGJTZ4QRK6UHU3EGUOFPFKVATWQ,2023-10-29,일반
AE3CEODJYJIUKTIQXGNWKTY5OH2A,2023-06-14,일반
AHAQNYD2MHN2DRPBGNIMCFSFVEVQ,2023-07-01,일반
AGVWKWY3A3XF527UOPOYXAI7HD5A,2023-08-11,일반
AGE5XDFN2XQVXGTDAWUYFKASXVXQ,2023-11-07,일반
AHNBZ52QCESB2BGL4VTHG2ULVKGQ,2023-01-07,일반
AG3QTVXT2ODRVKOQJJRDV5KA2F2A,2023-11-26,일반
AGEYM57JOHPNX77ZYVSXPTX4FVNA,2023-09-20,VIP
AHH557DUFIPFPRKDZ3K76U2DJ35Q,2023-06-10,일반
AE5WEK33Q53BHDQAPWRPVEN5OPZA,2023-05-31,일반
AGFDV2VE2PFK2W7FQZXLEPHK2BAA,2023-03-26,일반
AFOOUANHTKWSTZRG3HSE3TR7L5CQ,2023-05-27,VIP
AEV7X32J6CUVHXXRZJ7EI7XSXYVA,2023-04-22,일반
AG7MREPON3XAAGY4WT4YGA7DZWCA,2023-02-05,일반
AFGN6I3CNM2SKJXVEEVVXF2DPB5A,2023-10-12,일반
AFTMO6CVOY66R3ZORYEHYHDDHL3A,2023-07-07,일반
AFQ7YB2KKQJBIXOR2MDT73LJC7AA,2023-03-23,VIP
AEZVWJFOSHCPWTVTIC7FYUU3YRVQ,2023-01-02,일반
AFOPZ6WMCGGEECOXSDATEOFTCUWA,2023-10-30,일반
AGYWWYHWWVCHRHGGPXCY2L5IDBRA,2023-07-16,VIP
AFAZ2MPQWPMDM2OHEIKV7I5JA63A,2023-01-11,일반
AHVDHPDYTIGZ2AHWP3IYEBWBNTTA,2023-08-22,일반
AESNQRQGPFRFF3MIKZ6HWY3Z5XPQ,2023-07-14,일반
AGPYTMWCOQQUTOWXLIEPZVT3YR6A,2023-04-29,일반
AEQNAZMC4QPYMUSM5WKGQ722M3PA,2023-01-20,일반
AE243IWFZJ3BB6E6WMUG52DHWJVA,2023-09-18,일반
AGFHZ6AJSZS22WXJ7NGOB6KVSZKQ,2023-10-20,일반
AE2VJTZLXNBNDNLTOJERY75Z3UFA,2023-09-13,일반
AF5AP7DKNQGWL6YX2IWXG7S3CKXQ,2023-08-10,VIP
AFCGAYGFQB27SUPPS7RARVDFJXVA,2023-08-14,일반
AE5Y3XGYJUA7M7JL53MYYBZLXFOA,2023-02-22,VIP
AED3IJZWBNFRKJVPEX6E7S3J4YCQ,2023-12-21,일반
AER7TBTQXSCQP5Z5CWHLOLZZEBNA,2023-12-08,일반
AHEGZQDNFSYHYT754XCVROBSADWA,2023-12-30,VIP
AGN2H42UCVV76T4BIVMIETTUUDHQ,2023-10-07,일반
AHE3IWQYPMMY5ZHPSQVBZ4C4KAIA,2023-03-22,일반
AFCG3C7XO3W6AMP7AMVY7543HCBA,2023-07-21,일반
AHPRJMHMROWKAHQBSB6YAMELKFDA,2023-06-07,일반
AEEUZBBPEPROX4BJYECX33XIBY7A,2023-04-30,일반
AG4DG477VEGVKYEYL3VZ2VIT5FWQ,2023-02-28,VIP
AECB6MUP7WF3B2FO3FIYZWRPHRHQ,2023-08-03,일반
AF4AGIM7KGBGDENVGGMTJHGXXN6Q,2023-05-08,일반
AFALLWH7RZKCTWUFY6QELC2CPLMQ,2023-08-12,일반
AFUW2GDGVFBBFAU4FO7VS247ISKA,2023-07-28,일반
AFPD3I2VRSX6HD4LC3UPLAQYJTUQ,2023-04-25,일반
AHKONLROYYEFMPWU5WN7NC5VZIEQ,2023-07-28,일반
AGACP7SH2Y22RU24IBBJZ5ZLKSBQ,2023-01-14,일반
AGTRZOFOV7NAURFMATSD2LXQ3ULQ,2023-01-09,일반
AHCRNC4ESN6FGR7MNQ6GRNIITZOQ,2023-02-09,VIP
AHWAA4D6Y3PQJDLJHURM735G4FZA,2023-08-25,일반
AGLRLAEJWBUG45Z34UBULC6YPBLA,2023-10-08,일반
AEYFBVNWXJABK36ZPTY3MBNKB2SQ,2023-12-25,일반
AHMDBWJSOJMUF6TURP2BZMKXD37Q,2023-07-20,일반
AHX6CSQGEBRWNFP27HRO6OHTKYXQ,2023-09-03,일반
AEOBGCGXCAHBMUOYKGJIISS7B2HQ,2023-10-05,VIP
AHGAPUHNPLZZD7NW74AQPOEYPJIQ,2023-08-23,일반
AGKTH6UCTEE5C23YTWWUHXU2RUGQ,2023-01-04,VIP
AHT5LZB5FO2RBAS6HFZPMSB47FJA,2023-06-03,일반
AGSBLSMYBGR27VKHLCERTQ4SXJQQ,2023-01-29,VIP
AHJXXJ6QZSP5VH7GEUWUNOBETADQ,2023-04-19,일반
AFYPWMPR6XXQPAOLMGPWOW6HULQA,2023-04-08,VIP
AFQTWROEABNVTNGTKSGW64SOWYVA,2023-08-03,일반
AHWAXDSNOFZ3KG77JFM6PGWCMC2Q,2023-10-20,일반
AH7XCBJFDY3QYRK2DC3EZHKDISJQ,2023-03-16,VIP
AER66ION6CESF3DUWEL27DWJPDRA,2023-11-22,일반
AGRZAB2LJP4QQYHXKK3B7UW6YF2Q,2023-05-26,일반
AHDNNVM6ZKF3SF25MNEYWNE3NAMA,2023-05-08,일반
AENDUQLHGVQMTIYFLCLSI2O2C4IQ,2023-12-07,VIP
AH2ZL3XW4QRBYIRYW5ILLXDH6A5Q,2023-02-11,일반
AG5EFWMU7ZA7UZV5X2B6KZPV4AJQ,2023-12-22,일반
AFORSYTI4AZVIRIMM3FZLNVMTYWA,2023-02-10,일반
AESO35ZBYCHLAWHSRFTJZGS5EDVQ,2023-02-03,일반
AG743FAA5YAG2Y2ORETMSE4FE6KA,2023-01-17,VIP
AEEGO3RFZPTW2WUQBMW4S3SMZDEQ,2023-06-14,일반
AGVIYVV3N3TOZTZRNB5W5LOM7P4A,2023-06-02,일반
AGZ2G6SOXDGP7M5FUNMQZHSBJVHQ,2023-03-17,VIP
AG4UNVU75Q7SYSAHMQ7XNPAM4Y2A,2023-03-28,일반
AES2BOVWXLI3RTOPQEKH3GCKANDQ,2023-04-27,일반
AHJ2PBZMYKYL5ZIS3RYNY5RQF5OA,2023-12-28,일반
AF3O4UMEWVEAG2555RB7QRZJ3V3Q,2023-12-08,일반
AEGSHUH24XRRJI6CKUBKUFVWIQCQ,2023-01-27,일반
AH7CBBXDYLF6D4NECP6UOHAD3DJQ,2023-11-09,일반
AGKUMIAJEBVE47SWGKSTRQIXQXCQ,2023-10-14,일반
AFSKSM4D23GMJJPYXOHYTH25FQQA,2023-05-14,일반
AFFPESMMRAITVW75DEFP65LRTM4Q,2023-08-07,일반
AGXW55NHIVVAHXW3IGM6BG6HA6OA,2023-06-17,일반
AECGYTPJLGUMYHXYFCPA3P4N6E2A,2023-04-08,일반
AF2Y52M3AQ36TZ7VAMA5W3KB74JQ,2023-09-25,일반
AEXABSTGRXVIXYBPMDGZJVRMBKAQ,2023-08-25,일반
AFYNVJPHRZHVCMMJJQWJZEXXEO5Q,2023-11-05,일반
AHCJXA3UHPCHDF5PCBIWSKIWHNHQ,2023-06-22,일반
AH2PTACPV7AKZGU4RWG4M6WHCECQ,2023-07-09,일반
AFM3PEUDKST5I4ABCDADACT6UJCQ,2023-05-02,일반
AHIWDTUXZ2KUNE2BAZOWMZVDSS3A,2023-02-15,일반
AF6UHDAZK4ZALHNOJKQAZH6HISTA,2023-03-05,일반
AFUGI4MVDD6UIXUSOAONN3CJGO5Q,2023-05-10,일반
AHIVOVS2S5CODJ473W3ABVHSPSMA,2023-11-06,VIP
AEC3N2HJPRWIDJRQNOE4CO6JCVUA,2023-12-29,VIP
AHXODZHY6I6ZB3I5IUMGMLXCX2KQ,2023-07-12,일반
AEKIKDXW3S2LXR6V6BAV5LKQSYQA,2023-11-03,일반
AGDDIKK55GNJNHHGBYXRZNFAJVSQ,2023-06-30,일반
AGZUZBCBSRL4HEUJ2ESEQI6UQAKA,2023-10-19,일반
AGJYX7VFOCTB6NM5OIX76FSPWYGQ,2023-10-09,일반
AGU6KMDRGVR2PUUQ63BWULHEYKJQ,2023-01-29,일반
AHINIWK2KZENSZSLBZWEDOZMNEBA,2023-05-29,일반
AHWGL6F44GK5FTVW5XKEIHQEIULA,2023-09-24,일반
AEBHTXXQFWE7YM6GAR63C4QEJVLA,2023-10-23,일반
AHHEVDG5NWTNJRAW4M5FIRKMFEEA,2023-01-11,일반
AFLX5QGGOSHYDJV3E42JXTXCRXPQ,2023-06-13,일반
AEX4G7GNLVALDJDAZY33RNZ6KIVQ,2023-04-23,일반
AFGMGHDUS2Z6ME6PD3XFJM2VKOEQ,2023-07-06,일반
AFBJDIUA2EUBVIRXAXLNC7ENHAIQ,2023-10-22,일반
AGMYS67M6E6V2W3UP2EVWZBP4WHQ,2023-08-20,일반
AFPLFU6EUEEXHU4SCPG6UUBS4HAA,2023-08-15,일반
AFAJRPO7FNQVWYXLU5RMHFVJDARQ,2023-11-06,일반
AGTBGMKWQPUZJ2GA2XPICHD2VTKQ,2023-04-08,일반
AF3TVTF3FVMHGLCA2QB2GTUTCUIQ,2023-02-24,VIP
AH52X5G5PGIEWVC5D7TPBTTVJR2A,2023-04-21,VIP
AEA6UPUVSSMVOTGA6JN7GFG2AZ7A,2023-06-01,일반
AEDU5UVD5ZMYRMBTNQTU7QUFLDVQ,2023-09-03,일반
AF4VLR2GRW5ZRKW5QXT6IB6QVLOQ,2023-03-10,일반
AESB32BXL4JEWHLRLUHZEDXYSDXQ,2023-11-08,VIP
AHRYV4OPMCN7H4OTNUBIMFRBBM5A,2023-10-16,일반
AEBPRGXBZGLP7GSDVHJW7MDK6TRA,2023-09-07,VIP
AFNQ27UNGQ2XQXBA5UYOCZAHWYIQ,2023-02-05,일반
AFBREMXXTVMEXXEUD4TCXZEJLMKQ,2023-08-27,일반
AERGUI5Z2USJIF32DG23QRO7GT5A,2023-05-28,VIP
AEADA3ZA62TZRABEJAPSEZ5T4JCA,2023-08-15,일반
AG7DHUWNNE5O3RNSE4OXWUFCBAAA,2023-09-01,일반
AHKVRD7NMI63YUVXHDNUMM424HAQ,2023-12-03,일반
AECO2EJCD6W3VMBXILWJE2BPJSDA,2023-12-31,일반
AGNQUDW2ISLRVQVYA7AJNMFTZYAA,2023-07-20,일반
AEFS33TZ32ZFCNHF4HLNUCSMZQMQ,2023-06-03,일반
AGTGQWRENDRGXQODOLIQNYKKMO5Q,2023-03-14,일반
AGNUSNVD4OAUBKA6B42FMU63Y2UA,2023-07-20,일반
AG46GGA3GD2ZW4IRVXY2LKHWDC3A,2023-10-23,VIP
AFACTUMKAIA2A6TQX3URLEPJ462Q,2023-01-17,일반
AELY7GVE32GK5NPFRFV3R3256BOA,2023-05-09,일반
AGWU5ZFZCOMADUNNZLTRCGXDUXSQ,2023-08-05,일반
AEDY5UAJ26E6AID2QBRV2B3DEOEQ,2023-03-02,일반
AET5WYM6TVEQ4CNHACOOJNLSGJ7Q,2023-04-14,일반
AGM2WOYSDILMC2GKYLGXCRGBJ6HA,2023-02-11,VIP
AGYWHZWIYFALU2AID2QZTYWDVXHQ,2023-01-25,일반
AEZU34OVX32S5PX6DXWUACRG2ROA,2023-02-08,일반
AE3Y3NN5YE2ATKHWKIYW7LZ34WHA,2023-10-18,일반
AFNF2PMSUAT5LUDMKF2WFRIS2FAQ,2023-05-11,일반
AGYLUDT2Y6QD57KAHL42FFNYRVXQ,2023-08-17,VIP
AGKXFGRXVN4CMGMCT5SGOPB6BBIQ,2023-04-18,일반
AGNKWLEKAA53Y27KTA5XKMEB6YVQ,2023-06-21,일반
AED2NJ6DBAMJR3CHAEJDTLG3NN2A,2023-04-12,일반
AEKY5I5PYGA47OZ47KUCV7UIJTEQ,2023-12-20,일반
AG2GGBDNSFBCW36UG3RROPBSLVGA,2023-01-12,일반
AE3OOUCU4W42ZU6AUODMT6CN6BPA,2023-10-02,일반
AGEEX6AISIUVY6D46KUUUETMMY3A,2023-04-11,일반
AG6ITVLWPSPIQITY64C7R5ADA2LQ,2023-02-13,일반
AHKMDJ4Y4EBQDNX6WV4U6DCESQXQ,2023-11-01,일반
AEH2EQBAQVCXDUXSZ255V72TYKOA,2023-01-17,VIP
AEPH2F2UEIKZG3VT3BVA5FDJIKBA,2023-11-26,VIP
AGLSWF3XMK3CCO2WJE65T25GIGMA,2023-02-26,일반
AFKWGPZEQJSGXGJSTDLUMBLVGKZQ,2023-11-07,일반
AHAYLWHOG3ZNEYVTU6NVAYYGJ7FQ,2023-10-30,일반
AHXQZSTOU5JDMRAOJUCCQUW2KUBA,2023-01-12,일반
AECWPRYCITRCOZR5Y4FNNYESFFBQ,2023-11-14,일반
AHSO2WSPV5UTH5J2K6MN5IZAIOGA,2023-03-21,일반
AFM26HOEORAI2OH3PKFIIZQFQHBA,2023-08-04,VIP
AG37VQORMBEJPZS2AGUCYGIU7G5A,2023-12-05,VIP
AG6IV4AS3MF5FG3VYPZOG3ACGNLA,2023-09-21,일반
AGUJDBWMYYACFUWP3CZ4GCHDS3EQ,2023-05-29,일반
AFOYMQ3MI52RO4MV3YTFXONUX3EQ,2023-03-22,일반
AEWITOSQKHBLZZOTS5WUBEGE2VOA,2023-08-03,일반
AHTEDPLVFC2DNGPOBWOD77MTTHVA,2023-07-17,일반
AE4DPKX5AMUCEWM4543JPWAZVA2A,2023-07-19,일반
AH2F6TKL4URXVF2VLVALIU3LA37A,2023-01-25,VIP
AH4TRU2DCGNKR6IR7W2RIZ5VGILQ,2023-03-30,일반
AH7JD2XKCXB32VIEPM4ZMZPFOWGQ,2023-09-25,일반
AGUN5Y5M3I3FV5N22KYZUKPU46GA,2023-05-23,일반
AGUFGA3PLAEHPSQFXRBSE6LUTOIQ,2023-02-28,일반
AH3E36EPFQ2YJEZWSCIN3TQKYWLQ,2023-12-31,일반
AFXQA7YBNBU7CB6QVQ7MYYUDP3LA,2023-01-26,VIP
AHAYLVC4ZJEXYUCSYHJGH233MBWQ,2023-02-16,일반
AFG7V27SPMFIYXCYQQCEXQECP3DQ,2023-10-15,일반
AGBW7NSPVGAG32OX4IT3BKIV55IA,2023-09-23,일반
AFMOEH263F6BBQRI35GPLNWCQ2FA,2023-01-16,일반
AE5YB4LKRKHWXAQRGN6CFKCFPRBQ,2023-07-18,VIP
AH7L5WF4S4D43VOPFKTQUEUWQ62Q,2023-10-09,일반
AFMT4A5BNKRGAOUI2GHZZD2I7QUA,2023-03-27,VIP
AEDJJ4HPMNRLJMCNUIE7KOJM2UWQ,2023-09-07,일반
AHGRRV5SETS34URXKM5JR365ZGKA,2023-09-27,일반
AFLOF6ZEMEH5APN3LTRVYG5SMEXQ,2023-12-01,일반
AH32WM3IUL4YMUFBKPY5O5QJZZHQ,2023-04-27,일반
AF2HQ5JLJRRWV5B6ESXAA4NBMTRQ,2023-01-07,일반
AHIW4JOFXH53CL6UI7TWL62YE43A,2023-05-17,일반
AGJFQ2QSW3V2Y6TMPLTGTACLIH7A,2023-06-25,일반
AFXDPNEUR4775WNNLD5LU3EOHWQQ,2023-11-24,일반
AGOC7CABWR57JA3HH427FHBRJIJQ,2023-11-11,일반
AGTDS5KNVHNHIPGTYNC4NBE7HJSA,2023-08-03,일반
AHKSUT5W2N3HKHXSDIRQIGXBO4WQ,2023-03-23,일반
AELPYXDN2TYNBVJ7PLH4VHQANCEA,2023-08-11,일반
AFIBKGBT5ZOFVXM6MCB6LB7C2Z7Q,2023-04-13,일반
AHGSRNN4YIHUG6KHMZ4CGK6KACBA,2023-09-30,일반
AEJMFVYN3PZ5YE6GSVTTMQPFCLIQ,2023-01-14,일반
AEHBIJNM7L6EIKFCVMEOHPEVFFYQ,2023-06-08,일반
AFCSXOI4K7R3TFLHH3BXBS25CYJQ,2023-06-01,일반
AG3TIHPAHFYCX3XQ3TQ2OB5IAJXQ,2023-04-18,일반
AEEMOUFPIMWI2J6CNO5W4YVLLIGQ,2023-07-07,VIP
AGYRJKVCDHOZSCEBLMMF6TJOABGQ,2023-10-28,일반
AHBZXXSXDSJOQGRFOU4HWSLI2FUQ,2023-04-08,일반
AGK2XZ26O6Z4X2UHLCOQIMBTU5XA,2023-05-11,일반
AEOPL2SDEVUZWVK3AE2MQOLZUTTA,2023-10-20,일반
AG3BY5SSMLL664AT5KK4UFBUCWZQ,2023-06-20,VIP
AHEKRSI27SAKA2LRISAOQH56UFLQ,2023-07-02,일반
AF6Z2OYIXRPZJHVYN2MFKKYHPHFQ,2023-12-30,VIP
AH5SAORYVUN5MGIBLBQIQDGAFADA,2023-02-08,VIP
AF3OBVMLY5I6X3IFX2DKIFEYMGNA,2023-01-15,일반
AGWCIDBY573QQIANSOTHVUOUHBMA,2023-01-04,일반
AEMJGJQO5KES5VGOD3CRNVVLYHDA,2023-12-15,일반
AF3W6A57ELBWQAPFYDKAHJFQY2BQ,2023-07-29,일반
AF3QHAZ5V36AO5PE6AQGFZZSDCCQ,2023-06-10,일반
AFC7OZQXZZY74D3R6R3FAOLY5S3Q,2023-01-16,일반
AFTUS3YZBNWUVW7FV7AQ4O532UNQ,2023-04-18,일반
AHTIXHSMPKDD2O6YDQPWSJ7KJERQ,2023-11-07,일반
AE3M4GJCTIZI347G76JF67K7NODQ,2023-08-15,일반
AF2Q3F4YLX6JJEJLMWJCWIRITPWQ,2023-06-19,VIP
AGDGIO3PXVUTZMX2LAAHXQD454EA,2023-02-03,일반
AFDF4RNUYQHNOAENQSBE736YWRUQ,2023-09-08,VIP
AGBHRLFQXX6FBUH4ID7JWVVNODEA,2023-09-04,일반
AGBEFPVSELMIVCSK7GQYP27X3JNA,2023-09-26,일반
AFYEHXFPJRMXSQKK7PTK5TRWUQUA,2023-05-21,일반
AHF52K4NWNVQ67FHIOFZAGPQ3PFQ,2023-10-01,일반
AEOXAUWOA6I56J4RAMFLXBPZH3UA,2023-04-06,일반
AFKQJYKMEKQZLVHSLYTHT6MO4CFQ,2023-08-15,일반
AFX6NQOSMDSQWMBRDX6NUHNLZEYA,2023-02-08,VIP
AFE2SDWOCP7HW73DJMCWLFBB63KA,2023-10-29,일반
AEN5FDCFERXM4BUXIUA3HTMGS2YA,2023-01-29,일반
AFNPTDUJHTDPYEKE7LP7CDDVTKYQ,2023-11-14,VIP
AE2BZUBJGOBQS2A3U66VXDUV5FRQ,2023-09-02,일반
AFLVF7Z2KJ3LC3TT4NUUSQ7PUYGA,2023-08-24,일반
AHWKM26UJAUFAYFUDNVFHPLN2ULQ,2023-07-04,일반
AHLCTCEPHNLS7KWOQIZORDCV46IA,2023-09-29,VIP
AGCWLCS2OXJ73TQCTOISQS3NAS2A,2023-08-24,일반
AHCYXS5BT4PFEK3FBTJKXPCMXOVQ,2023-08-27,일반
AHOAXB3G2AJIRMJ6TAISCKUHR2XQ,2023-09-23,일반
AECWBGFECHOEYECHQGPMWRYNKHYQ,2023-12-25,VIP
AGIWNT5SLEHW7HVLBDY6H32XJ45Q,2023-12-06,일반
AECOFAMXWUJ62CI4VQJU5W7NVTZA,2023-03-06,VIP
AHFBQWP65RDAIAOAYV35FWWX2G5Q,2023-06-26,일반
AHCM6KUAHF5H7Q67KH4KOCVDTVQA,2023-01-03,일반
AFABD2LOIXHYSDVJ7SQSDEH2MXLA,2023-05-22,일반
AEEIGWJVASSHYBL4QVIVIRRLJHKQ,2023-06-07,일반
AELPNPI6Q3WXYTFZ3FYVTQCHIV5A,2023-11-20,VIP
AH3JHXC477GL3HYXL4XPOZS5SXRQ,2023-05-26,일반
AGRRZMYNQM2QIJEBJO3W773FCOLA,2023-10-20,일반
AE3OXM4Y3HH35IJQENWQU5RQFS7A,2023-06-02,일반
AFBW4KT3H6ZMT3WZRTRIDEV7K7WA,2023-07-12,일반
AE6MJCSRJU3RFLB23P6WJWLZ6GBQ,2023-03-14,일반
AE7Y2H4FKICIHTQWHKJTBPPJXTTQ,2023-11-01,일반
AGHNCNSJPWIRLZVEL62ATH5PNLKA,2023-12-10,일반
AG76ORLKGH52WYE2ATIRZOSVEZXA,2023-05-20,일반
AEFJC2FTSOL3UWEG42NAOBRG5VTA,2023-07-06,일반
AFLEC3GF7O2FVX6GUCGKKV3TB4OQ,2023-10-20,일반
AE7XMCKQKQD4EJTIJ6INOTML43WQ,2023-03-02,일반
AGS22KKIZJIISSOCL3BTJ75RG4HA,2023-07-17,일반
AFFY22A65MTFPCUSS6I7HLIGXFBQ,2023-10-22,일반
AEL536EYPEYQO55ILXXRUTC3UETQ,2023-11-15,VIP
AFK6DW5LVHZG5WLY6E4ZAQC4QKYQ,2023-10-29,일반
AFI2FV3AXQSNQA75L3GDFBY2RZPQ,2023-12-10,VIP
AGLYU2PCAJAWMX2SQ7Z44TQCOB5A,2023-01-11,VIP
AGDRICXTUNSMXWXMHQLN6OCXUMLA,2023-03-03,일반
AGSXMG2VUWYJ37O2V2GTTXLBETQA,2023-11-29,일반
AFEWCMFADY4UQITWK5LT2T7RG4UA,2023-08-14,VIP
AGWS7IVUSEUAAU7PS2FBIPJEDX3A,2023-06-02,일반
AF34BSUCKPG3GK6ZXXDGJ7VMWZCQ,2023-07-18,일반
AF6Z372PW3REL4X6S6TJC6Y3RLIQ,2023-02-21,일반
AHEF5MO5EL3COCLOZA23CFG4IKVQ,2023-09-17,일반
AH7NTBDGAMGOFFADEVWJL3O4YQ2A,2023-02-28,일반
AEJUIUF6CYKRBWLSOPWPE7KMC3RA,2023-03-13,일반
AF45WMWXMOPN3ELUJ2H2N63JWKGA,2023-05-28,일반
AH6MPOEE6ICQG3RBULF7TOQVMMEA,2023-12-15,일반
AH7QLQDC5BMOKDDRGGWSEP3AQ6IQ,2023-03-04,일반
AEIXFEXXMTDJNPWUMOIEA34ZLC7Q,2023-11-06,일반
AEQV4U4ZGMGZOWC4RQSUQZGHYSHA,2023-08-31,일반
AG7DCRRGNMM7FSENOSNAQTVYBHPQ,2023-11-26,VIP
AGIZGHZQQHZLE5L3CHVG7RHBP32Q,2023-04-17,일반
AEQ6N6MXEZYWGKZZIWZW2I75WFGQ,2023-08-14,일반
AEFAY7OKZJMR544YASL7AUXA7ZOQ,2023-11-09,일반
AG2XLW3HTVW2IH3H6AVNZMR3HQYQ,2023-08-06,일반
AFHYWVMTDKYPL2TFEVYTCNHJPJZA,2023-08-29,일반
AFUKWUHPUS35ZCB4XOG26NR5YBXQ,2023-09-16,VIP
AFNVGS6M3PUPVK3FR55C5AVSIR7Q,2023-09-19,일반
AFWQYEZ5HVIOG5VRTHLIWRYIGD6Q,2023-01-05,VIP
AGMINKRG5YTFK5A223RNNBJ3ID2Q,2023-09-18,일반
AG5YTR237OL7QUWL7BV45DZRDE3A,2023-02-23,일반
AFL22C5ES4DZSC6N27NNFSYLU3TQ,2023-02-16,일반
AGKD3IUKEWT5HRQB56DORJJVJEWA,2023-08-03,VIP
AEWC3QIWDPNHJSLVO6MS62ERGB3Q,2023-06-26,일반
AGHUOIOWEX6YXURWDJ2GKP4N3EGA,2023-01-09,일반
AHSL36IV7KOAEVLS3T42EFK465DQ,2023-04-09,VIP
AEVLT4QCRE27WKCLR5VR4PZBSYYA,2023-01-20,일반
AGQ6C3N3XSQHBM6BPN3L4GPDHMYA,2023-08-29,일반
AEBISQTRTH3NWC7NFQ4QOZVWLHDQ,2023-03-02,VIP
AGHLM2F6LPX3PYPF4W6YUX52R5OQ,2023-06-27,일반
AF7ZGA2MQVDGPQEW5EUSVLMFVHLQ,2023-12-04,일반
AH2AV6EDMROMZAYJHVBRKP3R3MZQ,2023-03-03,일반
AHPYDFW6Y3FIQGD2RJPBFF5QNVRQ,2023-05-25,일반
AGC7YKC4IBEXTYNOEMYR2RZMAVCQ,2023-08-04,일반
AGV4R2OFUZRBY6VWLPLJ42EQMBNQ,2023-01-03,일반
AHM725LQ355H254F5MB47EVAEV6Q,2023-06-09,일반
AHTJBZQ46RC3BYJPDCRO7I7SNZQA,2023-08-15,일반
AHLJGXR7CFWP5MUJK3F4KZSE5KNA,2023-09-26,VIP
AGLWAY4KNHP67SQG4DXGZ5PPEY5Q,2023-04-30,VIP
AEE46IBP3ZPVE6S3HRLREKFHW6WQ,2023-03-30,일반
AHCZL4KQ7ZU4CFMWNTQIPSUARIEQ,2023-11-25,일반
AG5CLIZS2FGTT6QOMXOTFTVZDKOQ,2023-03-09,VIP
AHJJEWUNINKPTB27KEAWF4S5QC2Q,2023-12-23,일반
AEYJBPPJPJY3GLI7RFGSRG2WMKPQ,2023-04-08,일반
AHVWQ47S436EPOQ7TOH4H2UFEVNQ,2023-09-24,VIP
AFAWTNLFTSBNDJQYBPF3EIG5UJRQ,2023-04-15,일반
AFTVEU2XSMJEKMWGXDIR27UEWHXQ,2023-11-19,일반
AF7BXYFKSFYOMLSKCZE4ZVWITELA,2023-05-03,일반
AFC3WW5ASWRLFETWSIFW4DUFAXEA,2023-01-29,일반
AG3YBDVYC4S2ROATG6F73M2GDOJA,2023-05-17,일반
AHSDSN3MIGD4LYSPAEYNR6CLUMSQ,2023-07-14,일반
AHF7FOM3HINVCDH3I3HLPB7B7N2A,2023-08-14,일반
AH3MKPYMOQYNRPSGQ3ZC3YFHNO3Q,2023-11-28,일반
AFKPV2TBH6JBO7XK3E4EMJDEEGTQ,2023-06-19,일반
AF4YOKQQSLTSO7QHYQUEF4KD4MIA,2023-01-09,일반
AFLOBYPV2H5LSTBAHZWAMF3DHSBQ,2023-02-09,일반
AEJBLJCXEPSNHY2ZOQ3DFROYQ3TA,2023-01-25,일반
AEL4JOGDAJ63SDCZSTXIVEERDRUQ,2023-09-18,VIP
AEKXW4AP5AGSAUWNXWEFINI2IMVA,2023-08-14,일반
AGWTBZZLBB4NGTUCNSTQON62W2AQ,2023-05-04,일반
AECHOPWYQWIMRB5UR6FLCY2AYKYA,2023-02-07,일반
AEW3UJPJQKE355K4WCWGR5CUM4GQ,2023-11-24,일반
AEATK7D6GACRLCZSW4SNRWKVSYZA,2023-09-08,일반
AGWAYDRCPJOSWY4HN36O4426WURQ,2023-06-25,일반
AESC2XA7GTS3MWJPWIDTYCEI2IHQ,2023-03-31,일반
AF6FFBO27Q2ZHS3XLEOUHWYQO54A,2023-02-06,일반
AEAGYWE74P5OI4Z3ORHAZICQDQRQ,2023-11-12,VIP
AEPRC35M4Z7QIXQHVEKTQFXGRF5A,2023-06-25,일반
AFUZEMCPQIOHL22WG2RGLYM2K5RA,2023-10-11,일반
AFNCOFWA5EFVOLGS76TME4OZIVVA,2023-03-22,일반
AHBJBV6WJVE3MCI2KEVCYKVO5QDA,2023-04-24,일반
AERUC72DWRPOM2EHX3YBTBPKYV7A,2023-02-09,VIP
AHMH6RNLYI2G65HY7POX4SHBVD3Q,2023-10-28,일반
AEHIVP567T6DNMLNZKGOVUENP5YA,2023-08-12,일반
AGEE4II4FA6IYCAZ47PLZD7XRPSQ,2023-11-14,일반
AFE5HMMFE5Z3EJZYWVIOHHTHDTPA,2023-12-15,일반
AG5P7BKN4M3JH7HW64UV4Y2QZGHA,2023-04-25,일반
AHDAOL3TEKGCQABAYFZPBP2ZYFFA,2023-07-05,일반
AESBDPT5NJJQVWGWS3PL6R2QOCMA,2023-11-19,VIP
AHNB5VMFI3KABWXMDVQWOSYUTGFA,2023-02-25,일반
AHSRABDEXI6YGGABA5VV6JPKXISA,2023-02-09,일반
AHLR63PRHYHZRWZST4RFYKDX7HBA,2023-12-20,일반
AGPOF37T2T45CVYABSTSCPILMNZA,2023-02-09,일반
AFLXEGOLHUOVKYQTGGKQHW7ROJKQ,2023-12-13,일반
AGYH5QJAFM2JTPYPHRVG23I23RZQ,2023-08-25,일반
AHPHDXV7KUK5GISJLFK33FD7NULQ,2023-10-16,일반
AEETUTB5Z5Y6IVW4JTMU3MXWSGWQ,2023-09-19,일반
AGCBAXARAYJVHBJU33KDND5FOVFA,2023-08-04,VIP
AHNXGGCOI6LKO2LN6FMM6FCZSHEQ,2023-05-27,일반
AGGRPJDBEJ3LJVAGGZBCMB2FP3AA,2023-12-02,VIP
AFS5JAP2HQ2QBKREEO3BP6BJ2QHA,2023-06-17,VIP
AHXH52XW3RFMDWRXJ5ET2BI4XQVA,2023-04-02,일반
AHFLHYGGLNAPDY7RTZ4NA4OFL22Q,2023-12-19,일반
AGXV2Y3T7XYMFK2FO267NVT45SAA,2023-02-28,일반
AH3JOYTPESFXSHHS4NH7Q3IUV7XA,2023-02-28,VIP
AGDGRZRK4YI6KTKSMMU5CLNPQG5Q,2023-10-31,일반
AHS3SCERDRS52VXFXJPAQ4CGKGBQ,2023-06-18,일반
AEYK3URMJKPW7BVYYOM62ZM7VGCQ,2023-09-26,VIP
AESHMIQQSCBU4R44OBSD2UGIZEUQ,2023-12-29,일반
AFUVXBNSNS67SWSMSPANIXHTHI6A,2023-02-14,일반
AHVAHTQWBVQ564OYZLFO3ABDUUMQ,2023-12-11,일반
AEL2DJG4RDMKBB4U7T7FB2D4QL6A,2023-06-30,일반
AEZLG2GOZ4US63MFG3TTGRIOWQVQ,2023-06-19,일반
AH5FQ2OMFSPNFEWKR7XRHAQXYDNA,2023-12-22,일반
AHCWB47L2VDCBKURUGKDLNC3BLAA,2023-07-10,일반
AHSLVN2FXVPUVWTY5Y2GW5STS5ZA,2023-06-04,VIP
AEU3NDBYUVLPYDRFVCIY6IPVUA7A,2023-07-07,일반
AFH4EKSLJGS4ZDREEEO5PLDGDWUA,2023-01-07,VIP
AE7CFHY23VAJT2FI4NZKKP6GS2UQ,2023-05-13,VIP
AHSXEBRVZO6MAYZRN6O6ZGT6TQIQ,2023-08-23,일반
AE3WP33376SA5IZT4Z5P25RW5SNA,2023-02-14,일반
AEP577REOPX5HAMEECZZKMOYZ3OQ,2023-11-10,일반
AHXFU2NP5EL5BNCYY3V2BOWDYX4Q,2023-09-06,일반
AEPLVXU6CECEGNG6EUUSHMERYNRA,2023-01-31,일반
AEQ7NM325SUT6YB62ZG376GF7O7Q,2023-01-23,일반
AEBV2AUCTSN3QJO4LJVJ66HVYSTQ,2023-06-09,일반
AHCLG7MIFKVJJEAVPYJPW2OPWWEQ,2023-12-29,VIP
AHQCV7O3JOMFFMD7EGIZ2NGSU6JQ,2023-06-07,일반
AGTB6FEDSOBJNAVZSDSY73YUVTXQ,2023-02-08,일반
AFHULRP4IR7O4FQKWKI266O7VZQQ,2023-03-23,일반
AFKYLJ2CLPR7FIWD2MBXNIER7R3A,2023-12-22,VIP
AFJRW562LETJUBBZYVI6VZA35WPQ,2023-09-15,일반
AEEMPL2VIRNJTYATMFPHFSHI4IOA,2023-07-25,VIP
AGKQQC7ST26N5VFAHMURX3R2RAJA,2023-03-18,일반
AFICI6GI5DCTRS6JVCYRPATIPXSQ,2023-01-12,일반
AEOHCZKNWRXT3H4Q66WMEMB672IA,2023-10-22,일반
AGUSIMQLSTJXNHNX4OT5KEJZO2NQ,2023-08-12,일반
AFLVRNJ3FWTYVR2QR7LMMAXOR2VQ,2023-01-13,일반
AGYNRF4LKWIYRL2EOCVDINQ62RAQ,2023-02-15,일반
AHUGZ3YEQ27J3KSESPRFRAKNF3LA,2023-06-04,일반
AGBP6M4EOJSBHZTYTH2T4BKNJ7MQ,2023-04-23,VIP
AECZ7LYEACIXJTSOCFWLHVZLJPEA,2023-08-21,일반
AHOHKZ6CPYXLBXPKLZCDT7HHD6CA,2023-01-17,VIP
AHILWO2P2PT6EKK2HS4EALRJIQ7Q,2023-12-26,일반
AGBF4IFXPQPS3KTL2RET4NAYKSZA,2023-08-11,일반
AF3WE2A3BJW3ZK2XTUU7GTQ5P2IA,2023-12-20,일반
AGWS7K3SXNU4RJUBPYYEVO76HULQ,2023-07-07,일반
AGDSPVKPPJG2FSNEYACD45GIJ7WQ,2023-12-10,일반
AFSG7IWPY64B6DNMUDVXYCEK4G4A,2023-12-31,일반
AGABMXBJYA3LSM5LIRNXL3HMHTLA,2023-06-12,일반
AHBNWKWV73LMUFENL6T43ZEP2ASQ,2023-11-22,일반
AHH74UTDYQPVBMM4HEEMRAU2DNMQ,2023-03-15,일반
AEZYVA7F52G2DCIUPCDUKGNHJ6LA,2023-08-21,VIP
AEZTZPXHRSWDF5D35QHDQE7QJJCA,2023-08-12,일반
AHR6VGN4EOF4UK4ZISINZJ4EFUTA,2023-11-15,일반
AEPLVJ2BAVC57LGFBTZCH2YBNJMQ,2023-03-01,일반
AE7BIR5NP6B6UA6DSJE23BBYJGHQ,2023-12-01,일반
AHEJQ5MN7YJB4A3XTDSTTZID3WKQ,2023-08-10,일반
AEHR3J2Y6MUL5B3J5KJNJAH24JDQ,2023-02-06,일반
AFKKM4SXCCLJDRUQUZ6J4W7HLDYQ,2023-10-05,일반
AHHPWPWUPOBG2CH3CD4GHCKZP3VA,2023-07-15,일반
AGS3GOEZIOT6QABCS7GSKSRF6ZOA,2023-12-18,일반
AE2NS3LUBQ33MFLYXAFBOTZOUO5Q,2023-08-30,일반
AFMTLEM5MPBZOB3YBELL32ZO7W6Q,2023-11-20,일반
AFNCKSDO4JTIY2GAW4HZDSB5AXYQ,2023-08-07,VIP
AHB4PR4VAIZKTQDBHC5P3IQ2B72A,2023-07-11,일반
AFTGBV2EOMQJUYBEV47YD4UEI24Q,2023-01-17,일반
AFXA73X6367FW6C7AQNXOTR7BZ3A,2023-01-12,VIP
AF5B3NOBEX5PXWD4SBDB5KE7JP5A,2023-07-12,VIP
AET2WYQTCLGU3TB7VHZHJYJ4HMWQ,2023-01-22,일반
AF2LCFC5G6OATXBE73BMIXC5PNHA,2023-04-30,일반
AFJZOVZXLGXGULVMNOYLFI5TO4GQ,2023-07-29,VIP
AEYQETW4Z4P4AT5KURWYCVXIV6QA,2023-11-02,일반
AH7AIXAIDIIIIZOPOOS4T3B7UI4A,2023-09-27,VIP
AF537NCMNYM56KBWSILNOUOEI5CA,2023-07-11,일반
AH34W5DLRK5DLTLP73YKFLTTKWAQ,2023-06-24,일반
AE7KUNNQKS6JSHH7QVFPPRKCS4BQ,2023-10-12,일반
AEEWMW6LV5AVBCW6OTUO2TRYKY2A,2023-07-23,일반
AFYNKZR2T74OJU2LN2FKK7FM5BLQ,2023-06-13,VIP
AEE3BW7DUIDZY367EH44OKNKDJDA,2023-09-08,VIP
AEVZZKWDBY3YYS4AKWTRMY7ILF3Q,2023-08-15,일반
AFSFGSG745WPTJKCZ2FOAR2DMFCA,2023-01-07,일반
AHFYGVFMNT5FXKSBIHW7ANUJD22Q,2023-01-29,VIP
AH42ECAG6LPCU22T5BYN5OXQO74A,2023-02-02,일반
AEW6XI52IO3H37U4WJ7TT4MQUIQQ,2023-05-14,일반
AGGWS4PPWKSNOVP2LLYNQK2Q7NIA,2023-03-20,일반
AG4GACSXM3RJ2UR3NTYNNR4YSHYA,2023-02-27,일반
AF7MSVVI52V27OGZ3FTE62QFWNBQ,2023-01-26,일반
AHQTTEDMJWGPWIEVA6T6SN2VOJ2Q,2023-08-14,일반
AHI3ZFOPJRASPDNKTIADQFUDLCJA,2023-10-12,일반
AHLHAY6IT22ZQX7BOBY6TV2PHC5A,2023-01-04,VIP
AESPOE5Z2FMNU577LDO7HKJCEDOA,2023-04-09,일반
AGMOIJFKHOE7RTSMQPHKM5AO7EPQ,2023-02-08,일반
AG5LV4HJ776YMIPUAONDNCHP4VKQ,2023-09-28,일반
AFV5EVUA4PJBMGHSXA52AUFPNYFQ,2023-10-12,일반
AFHFWBZJFIRZ46VUYROTK4I27C3A,2023-06-06,일반
AGFJLPZONY6JLPA2KQ4VNSB23XAA,2023-03-16,일반
AHEUTDIM7FTWKGYKMVGV5M5DK66A,2023-10-15,일반
AFRR3XZWCZR62FMNGFE563EFHFUA,2023-05-10,일반
AGTN6JPEMBFO4TWE6KBORDHUBFLQ,2023-06-24,일반
AFGCP3XJSMEMPBXYIAUFFT67QV5A,2023-03-25,일반
AGEBCI52WW5TLSTSVXEQKIUJXNNQ,2023-01-22,일반
AEURGK5J5MME7FDPQAWLXQ3NI7KQ,2023-01-27,일반
AETRLUIP2W6M5SWB7NYC3MEVREZA,2023-07-14,일반
AENQ5OYP5QJ52IWF3GFV6YCUUERQ,2023-12-03,일반
AHKUL2YWYC6CI5RC4Y4XYWDU4LKA,2023-08-24,VIP
AGOCOZTNAN37QJEUVITGZMDAJV6Q,2023-04-02,VIP
AFSQ45FBSMOSSRWIPLZFD7UKF6SQ,2023-01-21,일반
AEXEH7MY5BLDF6JHEMFGCJFI7GAQ,2023-10-30,일반
AG2AMJAUILIEJBYCIPJKKPED66RA,2023-12-23,일반
AGGJ3PSUJFRST35YO4YJEXGNAYUA,2023-03-25,VIP
AG54CPQ6JMC6VNF5AIYM2PF6TOKQ,2023-09-19,일반
AHLZ4BAUP3UWCSJILDJRFZTUIHNA,2023-05-27,일반
AE6WKGXVWOEVM65BYKLOK56G2UVQ,2023-09-14,일반
AHRSILXKLF25Q42JTRAEXSLQFKQQ,2023-02-27,일반
AGJUSTWREQRCTY3KJHDL6I2MZDTA,2023-01-15,VIP
AEHIS3XIFCPQPLDPWVW2LYQDI5FA,2023-06-11,일반
AE4QKV65VW3ZO4ZOHL6GVNGFQ53Q,2023-06-12,일반
AHPJLEHK52YTIPKAN63FJGMGACEA,2023-11-16,일반
AFYOI4QB47I7I4QHNU3PF6ZZCAEA,2023-10-08,일반
AECSYXIFB6BFWLLNK6ZEL322DPJQ,2023-10-07,일반
AHKFVSIKREMFQWP77YNTYVY6ISVQ,2023-01-12,일반
AFVFESCSU53NQCSYPCN3XRE66MIQ,2023-10-01,VIP
AGIILTCR7DSBPR6GQC54KSRZ6P7A,2023-09-28,일반
AGNPYOMLPA6EEFLNFQ6ZZCP3RGXA,2023-07-27,일반
AFEYG7JVPH4TT6RU4PT7JJBT5HUA,2023-01-27,VIP
AFXP7JLR5C35B6IL2IVYWYDMNZVQ,2023-03-13,일반
AG6BJSKUOVW6DOSEHJ6OLIDCO5MA,2023-03-01,일반
AHW46EWYPFF2DEN5KWQJXNSBGF2A,2023-05-25,일반
AF6NCPZJVBXRJBUQIDXQTKRIYDOA,2023-04-03,VIP
AFN75IAOL4G6LP2VICS6ZGRV34SA,2023-11-05,일반
AGTAB4DQVASRJVC7NHMWVEIT3SMA,2023-01-08,VIP
AEBEAFP5OFFPDEF73JDC2QJUU6YQ,2023-03-20,일반
AECKQLXBHYEZN76LUT45XCGPGUHQ,2023-01-27,일반
AFWESPH2F54JGI3PJYU2NINBVCAQ,2023-06-23,일반
AEL2MRRMDYHQPWWAOIPUDDKZPI5A,2023-02-19,일반
AGOQL3YF6UXVBS7ED52R33WT2V4A,2023-07-18,일반
AHIO55R3HT4HKDOPYPNIDKDONGHQ,2023-12-15,일반
AEJGQGJN3LJ3HSID37QXUVSEJ2JQ,2023-06-30,VIP
AEB67NVL2DZCG3IKQOWI3752NDVA,2023-01-24,일반
AGCFDQLGMBIDSFCUH4A32DFOAXMA,2023-11-12,일반
AFWR2F4YGS3OG3JB6U64BDM3ELAQ,2023-02-15,일반
AHCVVEWW2RUKPIMC63N6LXF2DQJQ,2023-01-15,일반
AFATPF5UULFKGVJINQIBWJEXL3ZQ,2023-06-02,일반
AECJOC7KZPYXOULLW43TTOMQJCPA,2023-08-10,일반
AGHWV3HO2KMHJ57FQWMB44DPA3CQ,2023-07-25,일반
AESMUJJJV2I6NQ4OMHYNLTW7H3PA,2023-09-30,일반
AFKUMZJL5723MB5JTWMAOVXHVXFA,2023-08-24,일반
AHHGYTDS6KX64NEIGKWHCG7ZNDCQ,2023-12-06,VIP
AFH4LWW2SJ3GJZ36UGIO5CSYNQUQ,2023-08-16,VIP
AGT2U62GEVEA2CAXYALEPKOKBLAQ,2023-01-09,일반
AHQ5G6EGXY74B4KQMOZP3VR27OEQ,2023-06-15,일반
AGBM6XWLSNKT4IOFPFVWRDJLA5SA,2023-11-15,일반
AENSBNWSX3CB2UXZ3NFNR3PADA3Q,2023-08-02,일반
AFCHMGFUXDLPXOASREGJC7GTZZHQ,2023-04-27,일반
AGIKKX3BWXFOK7ELFIHSH2UH6NYQ,2023-12-10,일반
AGPIXFD7PBE4NDKHEUNQ4FBFT4LQ,2023-03-13,일반
AFVSDNS5AEWGUFPXMZO5ZUOYOVFQ,2023-03-05,일반
AH7535IQDY5KVV2I6ASNOZJC4KAA,2023-07-24,일반
AHP5TFGAPXAL6K7M7LXIZUC2QMAQ,2023-07-28,일반
AGE4EHGVL2UE25LAURR7KYET2ZEQ,2023-03-13,일반
AHDAZJHREN222RBVCN5TTXZFFUKQ,2023-10-04,VIP
AFHMLCTD3ZAK65UCZUDGPLMVRE5Q,2023-10-01,일반
AEHBFH46VYKCD4FWZ3AQ5GFSSILQ,2023-11-16,일반
AF7NGHQSFHIKMD3KTJGPRZ2SC3GA,2023-12-04,일반
AHX44XKUX5DHSXDUZBLZCC5SDUOQ,2023-04-05,VIP
AFRFZ7MZMMLKCQJ726M5IWMCUUKA,2023-06-15,일반
AHAOEIGBCS2SYKYY2ICAPLIYOGPQ,2023-02-01,일반
AE5IZ2UOEQTGU5LA3MHBKWIGQ2GQ,2023-01-11,VIP
AHJOQPAW3DZ6NX2UWUY2X7BXV3KQ,2023-10-28,일반
AFB6MZQQWWOGIDPMRFWMIS6KH2KA,2023-08-05,일반
AEQ3IH2E5DAMIRDUFHOTNIEWL23Q,2023-10-16,일반
AGQC6MGGRXLF2V7XAYSUI2D26GVQ,2023-04-12,일반
AHRPVGGGZJZFR2WRX3YOTB2FI7GQ,2023-09-24,일반
AEGZAYS4PGUN7JSO2F4KZDPBJTPQ,2023-08-02,일반
AGBXHU37JYAN7SI2HJWOHRPONMUA,2023-06-28,일반
AHEDSBYCVNXRZQXM3RHURJ2OAVJQ,2023-03-29,일반
AHGFMDVEL533SHTU5ZLYSVFYBWTQ,2023-02-10,일반
AH7LSWBDB2U6ZL6UJUXR3SH6OVNA,2023-03-17,일반
AEGM6LOP4B2ZZYZJQVFSMBGEY63Q,2023-02-15,일반
AFT4YEF4C5XN725A4JNN3KOIBN7Q,2023-06-09,VIP
AFWTJUGLV54OEGCP3BM3ADUOJBMA,2023-03-21,일반
AHLV4POL25DONGJ2Z2BDVAI72QEA,2023-11-06,일반
AFGH45ZSJMWCXSPLJSCXHMGAACSA,2023-03-27,일반
AGROCLIEK7CWB7EN6KEGYI3OV6AQ,2023-04-02,일반
AFKDOXOXP7HNZMXU7N6CLFCUSE3Q,2023-05-28,일반
AG5PQBEQ6IWIZNMYDDK4K7NQKWSQ,2023-06-10,일반
AE7FMASDWJPQ4VPAOQ4OEI46T72Q,2023-07-21,일반
AHJ7NZA7ITERDVQAZREZMU6X74KA,2023-08-30,일반
AEEWJRWNATTBY7SQIK5QZEUELLXA,2023-12-19,일반
AGMMXIU64ISPDGM3NMKNJYCTUKPQ,2023-01-02,일반
AERWNTV3FQB42AN6DXOZ24NJGOBQ,2023-08-13,일반
AHN62JA33HWZG3PBDEJGF7VUVCAA,2023-10-16,일반
AGXYC7N7S7AW24G2FEFDFQ6YP7XQ,2023-08-21,일반
AH6JYGGLUQK2H3O53BGJFOUB3KIQ,2023-03-18,일반
AGGUXRTUUBYS4F3OJMC6ZARL2GCQ,2023-04-26,일반
AEMCWVMV6Y54NDS7ATPFHVTWVAXQ,2023-06-03,일반
AF3KXMJ35ELNULRGLJMSPONWTBLQ,2023-04-13,일반
AF2GY2M5UI7P6K2JHL5C6NOTQ6MA,2023-07-13,VIP
AHHPP7KV72ZCVMFDBEPBQE7KXFKA,2023-06-15,일반
AE36KAI4PDY27JY3SBFA62OR6TFQ,2023-12-25,일반
AFXXE66PDZJEYLRJFXBVKDQX5WAQ,2023-03-31,VIP
AH374DUL3BPYKQGLTWIP5UXDB4CA,2023-06-23,일반
AEOF5PFDHSQRCVD4E4PHG7ZQDHXA,2023-05-02,일반
AGX2PGENWLBTPLJJRL6EC4QZ6UBA,2023-05-23,일반
AFSOR5M3BW2YXCRDCQKOL2V65TGA,2023-04-16,일반
AFCE74YZAML4IHESYR224MZD4D7Q,2023-11-01,일반
AEN4WTJM4LZPL4GF7CQJLZDRUJBA,2023-12-26,일반
AFDZ5JKR7YVO5FBAT6XGIZH3P3OA,2023-11-13,일반
AGQ6XAIJVAAWQFJO6OA3UYVHJF2Q,2023-05-03,일반
AF3CZBMZFMU3N4DAM27ZJR3QVTSQ,2023-01-09,일반
AG36CQHXVY6RQJO3OYSVWO6MT4EA,2023-09-19,일반
AELYCP5LN46WKAK7WQMEJRNRXJYA,2023-03-14,일반
AFZT774FU3LOJGEW7JSAXOD24OBQ,2023-12-25,일반
AGSEMC5UI32EZO6GAW4KKT5OVMOQ,2023-08-11,일반
AH53RLKODGV2UFIZLUG6BMHDDZNA,2023-02-10,일반
AFJJ4SJN2GXTYC7637ZAKSONPJWQ,2023-07-23,일반
AFFCEWUI7XY45CEM76XENJ2RUO2A,2023-09-21,일반
AHFTNP5NESJTIHQKP47SJV73TNUA,2023-11-24,일반
AH352HMRF7DESCSOUBMHUVJQZM7A,2023-06-27,일반
AEVN7RMFICHOZR6CD2KNIV7LW4IQ,2023-12-14,일반
AHNCUNHIZXTMX6V4WVDHJVC6YOHQ,2023-11-14,일반
AFQC7LKYCPLAO2WCV74G6AQCPYGA,2023-03-25,일반
AELBTZWCD3IGAZLTBXFMB74SLJBQ,2023-11-14,일반
AGYOEKFFNLWV5GJKLZ2OLGTI5P4A,2023-04-21,일반
AGEUWYJQ2D7U7S2NLLXE6UEOZRKQ,2023-09-08,일반
AFDIGTDJTTB72VVFZGILZDH4IROQ,2023-01-07,VIP
AFTD5POM5OT7DLU3RP5SHEUSLFZA,2023-03-25,일반
AGOIORQP7QHLAXDRGTUPAA5TCJEQ,2023-07-27,VIP
AFQXCIIKXSM2VN3IHACSKPZ3PEGQ,2023-11-10,VIP
AF4ZVWWNBPL33ZOSUV4OCQBKAMMQ,2023-01-22,일반
AGLMV6TJSJRZ4MUKZMZ5OAXIII3A,2023-01-03,일반
AHJXAF4EZJDUTIRPQ5FW7ROHBBLA,2023-05-07,일반
AFPFJW4OK5K6DWROJOKAWSCEKLOA,2023-10-24,VIP
AFVAWQEMKVO64IW4CBMKCU7NVWAQ,2023-07-07,일반
AH6L6S34BGTASSORZMSZ5DCTLU5Q,2023-12-28,VIP
AGM6EGKUOFBXPCJTFFF2NIGJO3UQ,2023-01-14,일반
AHM35ZOWV3MFJWNPDZOGEEHDWCJQ,2023-01-12,일반
AFWZ5Q3PHBYL3G3HO24T2Y52ZJWA,2023-03-28,일반
AECSY43DVEY6JFCK3RGGCNDWTPDA,2023-01-12,일반
AHTBRKH2BLRY45MBURKSTKR4UF5A,2023-01-25,일반
AEEZYJZPB2KSAO2LICWVJHFBDZYQ,2023-10-28,일반
AH7AEVKNO7LX5VXZTSD4ARUUYMEA,2023-08-31,VIP
AEHOSAW5XG4OCCNCREYA25HGLFGQ,2023-05-02,일반
AG3J37R72LBQQ44KNHS3X3ZYQK5A,2023-05-27,일반
AF4DZ5N3WE57SPWX5PHKFIFPZYAQ,2023-02-24,일반
AESMTZYLC25VNVZDJALPOZC3RNAQ,2023-08-26,일반
AE56BTAM4RTX2OYG7NBKUYADHE3Q,2023-12-22,일반
AHHQN2SYFUS6YB7LD7UTB5FRTYGQ,2023-06-22,일반
AHPSG666QPH6YL6GI2LRLFEQSI4Q,2023-08-09,일반
AGBGJCAVRX6E476FNYSSOIYPGHPA,2023-04-29,일반
AFM5OTAMVBNMRREYZ2PYBYDGIOPQ,2023-11-05,일반
AEFVBBYV2B2FDYETNBPLPC5ZBS4A,2023-07-02,일반
AFCPUUTQS6WV74RYCXZXCPBZV4YA,2023-10-15,일반
AED7TRAUSBC6ZNGG5Y6OIPXINVEA,2023-11-03,일반
AGNTLUBEFGL4AL5SN3XMQ3RRDTNA,2023-10-27,일반
AFQA55ZPGBR7T7CLIKCCRHEDDDIA,2023-03-23,일반
AET5HI2MQ7ULIQI6M246745L3F2Q,2023-07-30,일반
AH4U4N56KSPWJ6TCMMGR7X6QLL6Q,2023-05-30,일반
AG46WHSZVVRGRYQ5PW3PSOIZQMRA,2023-02-06,VIP
AHUXDK77R5GLFKEDEMYFDNCN2OQQ,2023-12-18,VIP
AHWMZLQOYRFQBNX5WSQO5G5ULAVA,2023-11-08,일반
AG222PEM6CMMGSEWBM2Y4XT3HDOA,2023-12-27,일반
AHGWEVW77V3AN6L52PJ7NYI5LTFQ,2023-02-28,VIP
AFUUKNORZP5UBT6H2Y7FYLPNQRWA,2023-05-11,일반
AEX73DBTINDK4QCFTA6LM3TQCWXA,2023-07-21,일반
AGHQDGVBDMDTD5LOMLY3AHSYQGIA,2023-08-31,일반
AFYTDFPJTAAXZIU6LKLWRFJR2HTA,2023-02-04,일반
AG2CJB47VQE4AVBUYWE7TYPVMYHQ,2023-04-03,VIP
AF22S3IGZ42YVFNOUDYNCLY4PPQA,2023-07-26,일반
AGXGNV2SG2KY4LW4NEOUHYHRYMBA,2023-12-19,일반
AEKFLRYWL3QNVPL7XAUSHYTELVEA,2023-11-28,일반
AFKK5EPGR2CMH2TV2EUSQM4END4A,2023-11-01,일반
AG6KUA5QTEDKKUOCTE2UCBTYFTQA,2023-12-16,VIP
AET4Z7TNR2S4KEE6OHUGLTJQMNFA,2023-08-01,일반
AFULLSOLYZR7NWX4TA6GFPF2UQAQ,2023-06-08,일반
AEXKMEVDTMU6TP5NMM6O242XCWHA,2023-01-24,일반
AHH7XVKA2LEWAG2VZMB624JSNDVA,2023-10-20,VIP
AFMZTR56AXEJGRYTH4LOKDHD27BA,2023-01-04,일반
AF74UYGWHEFR2GCAY6QHBNBXZLJQ,2023-08-08,일반
AGMIGAXQAVXGZR4S2UHUNBUGQ76A,2023-12-30,일반
AHDVBO5VEZENUC2QNSSZSNYW4ZXQ,2023-01-20,일반
AHYDE266M6GFYYUA65OOK6NJSTPQ,2023-06-01,일반
AGLDRTUTXKGPR2GM3QZ53LGRKPIA,2023-02-19,일반
AGJ42BXEHWTZHDEWDT6WH6PRY62A,2023-06-26,일반
AG2VO7W4S2AZ47V6O75TD7YVUE3A,2023-04-06,일반
AGT2DMEHAZSUBARHBTHUFBCJYBPA,2023-04-15,일반
AETJUR555HOF4TNUIRWFWKUDO72A,2023-09-07,일반
AFZ4C7KMK5UYX5GM55VQD4JRCWUA,2023-04-27,일반
AFEGEMHIRS3I5YMTIK7J6PLAAUXA,2023-12-20,일반
AFX2XYBWOEXU7XMUUHDSBSBS7UUQ,2023-08-16,일반
AH4ICLSEN7RPFV3ZNYHOPGP3CRHQ,2023-03-07,일반
AGJC5O5H5BBXWUV7WRIEIOOR3TVQ,2023-12-01,일반
AEY5PQYPSQDGMJCPRPSLJKFM6ELA,2023-09-19,일반
AHNQOEGE6ZB5DB2BZKMI3GXO2YEA,2023-10-22,VIP
AGL3JTQ3ZE2OROHL44I2WVDP2Y2A,2023-08-31,일반
AGQ77RQV2RP2RV3V3ILVPKJZO4PA,2023-07-05,VIP
AFU5YK2ZGL26FL7JSOUCS4NJIA2Q,2023-09-03,일반
AGJCHC5GBZXUFZIJC3YHRLDBF3OA,2023-05-05,일반
AEAPKDGJ23GWBHSLTG3OQ4ZD72SA,2023-09-25,일반
AHI75BH7J42XPZ3GSVJINRNDIQGQ,2023-05-11,일반
AHF5BKRYGMVNIVA4ZZEYP3O4MTWQ,2023-08-25,일반
AHUQL2OJQVXUN6KU3XE4NNXDYWXQ,2023-01-18,일반
AGQYZLWPXBTZCFFSJ7N4E5MU6FQA,2023-02-09,VIP
AGXCSQZYYIGXCSMQD7HKL67TZBRQ,2023-01-21,일반
AHBSBZBVPHQ3DNFSVUEISWFKZWEQ,2023-08-13,VIP
AFZLNTIDI2YFJVCQS4EXCTGWVWEQ,2023-12-21,VIP
AFCDITQYYSHB5DVHMFMO6M3PV3NA,2023-10-09,일반
AEZDOXSJW5A65GIYXQSDYBWNVTCQ,2023-01-08,일반
AGJZ4GRH4YOMZSQ7JWZDVPBSW7RA,2023-04-10,일반
AHQSA6UQCAE7UBCWEVA4FSRIKTNA,2023-08-28,VIP
AHOYUSKWQFXDLOTRT43FCSHP3WIA,2023-03-28,일반
AGUVNZPD7JF3AK422LRYK6R5GOJA,2023-10-25,일반
AGVJMKJLZZGBV7VOYJGQ2HZKELXQ,2023-01-14,일반
AH7RKVVU3Y2ZGA4WEW5RXKMQWDLA,2023-11-30,VIP
AGSODW32ZSTEY4AMCL24COIXUV5A,2023-01-02,일반
AFK4V6NRIQGVYQCCBMQCSLRG2ZXQ,2023-10-20,일반
AEK45RYTIY4GBPAVTYBHIA6OGYDQ,2023-11-21,일반
AHVNGU6PZRRCJEDDJMZOTR5K5K4A,2023-02-10,VIP
AFYSLM4L6FC755CARUNV6FXNANLA,2023-11-14,일반
AGHG6WZFWKAYCOJU6QMZHYDRE54A,2023-11-12,일반
AFWQNHRUPQTARC3F4UKWPQF4TRSA,2023-04-21,일반
AHU3VEDJKG6OTDUXLAHJRKFXZYFQ,2023-01-14,VIP
AFT4RR5NOUV3SV4DAF4EMMD3U43A,2023-08-19,일반
AFWFSLAC7CL5SNIGOEERFGNG74SQ,2023-03-25,VIP
AFGYFEYGHTS5QRQ6WTYBPJUADAMA,2023-05-10,일반
AGSY42AHUKI5KGZBZU3SAGJBWHQQ,2023-08-19,일반
AEIEQNRYFSUJ4WYXO4BTUHBCC5IA,2023-11-22,일반
AEC6UDCEAUIBIFHGQDQ4KR67GC4A,2023-05-25,VIP
AHRKSUOZXKKDERRY3VZBVMMWX37Q,2023-12-11,일반
AH4F4OZIOIIBXGLL6IZIJAXSTDXA,2023-01-28,VIP
AEGBGS574C35NMBICCMQLC5ODEKQ,2023-03-07,일반
AGM7ETOYBL3UFKCLZW36JM6POQ6A,2023-06-12,일반
AHM4G7MHKTEAZ7KQ6ADSZOTL5BEA,2023-08-17,일반
AHHYFEVKBVQB52YMNNKAZT6C75LA,2023-09-18,일반
AGZ54F47MOFAEMWXXR76OUBC75SQ,2023-06-13,일반
AHUGCKS7YANTMDYINXQG2UDTU4JQ,2023-10-28,일반
AGHQ2VHXMPWZV5SV25S5N3OENXSQ,2023-10-30,일반
AH3GZWZM5RVOFCJCXRU7QFBAJ5NQ,2023-10-14,VIP
AGQ2RWOECSEFEQMIGE7VTXP65OKQ,2023-01-10,일반
AEVUBEFT2MRH2PRVW53SJEL7H42A,2023-07-14,일반
AENY7L4XGCQMI627A27G3NVIBJNA,2023-04-28,일반
AHQISETKX3OXMZ4IX3YO7YV4UZ6Q,2023-09-27,일반
AGESGUTIYJQOZ7PU563DHLYSPRTQ,2023-03-21,일반
AG7DTVYZDY2NWU6V2G4KSIB67TDA,2023-04-03,일반
AHNQJPSI4I23HHMRHCCCI7QOBK7A,2023-09-23,일반
AHPOQQONRLZMHYLDKYP5SQOKRIEA,2023-11-28,일반
AGDD5ACY3AGTMTVBQOC3DMUR6REA,2023-12-16,일반
AFZV4ISJSNGDUD5TU3VYMTYQ5JGA,2023-12-27,일반
AGKPRGZCV5XK7ZNVLQWUGRB6CVVQ,2023-09-14,일반
AE7DX25DQCE7MXLEASO6I3YLWHRQ,2023-05-13,일반
AG3SQH676VN5EH4NDNGVVLML6RZQ,2023-10-03,일반
AFOCDYODRNB2UUBOTDLWKH76GP2A,2023-09-21,일반
AE2EO67O5G5BPFX5QGUUBOF22LQQ,2023-06-20,일반
AG2W2BFO5CKP4J66NZOAEIBQODVQ,2023-01-01,일반
AF7GDUMJMOA6YGT4OT7X2KWFRH4A,2023-11-09,일반
AF4VQ3FUD2OLAGRSLKACCEMSMJCQ,2023-03-05,일반
AHVGJKIR6HAOI5KIYL2BC52ROWEA,2023-10-11,일반
AGUJFMAHKPIMDPBVFWG3LBGVLF4Q,2023-05-01,일반
AHIBP55ZTOTM3MNBFPQKJIX4TONQ,2023-04-17,일반
AGU6ZC6U27UDCAPG7KM7MPQF4OYQ,2023-06-24,일반
AGGVIDBKVQ6APEQVNYKXEWBVKGIQ,2023-07-23,VIP
AEQUX4IJE2NRRE65ON4AAUXNAH6Q,2023-06-14,일반
AE6PRC54EJZUTOB4OST65EPVDWIQ,2023-11-01,일반
AFN2DMTSHR5SU7A7L3JRLM6E4C5Q,2023-04-30,VIP
AHPVBTYWVDOZ2JHLMMC3OLMZK34A,2023-02-13,일반
AH6I4SYUVW5GTDLCBTUE5673SHFQ,2023-11-08,일반
AHWISRUJUCJG6UH4FFVSPKDJS2BQ,2023-06-05,일반
AFIKGABHNR4JSITY4CNM6TMO54EA,2023-07-26,일반
AHTWYLMZUCB6QUCNPXWZ2PCKDGRQ,2023-04-18,일반
AGBIS5BRLLI652XO3V53YOJMZXXA,2023-09-08,VIP
AFUT3A3MXCM4JN4XUGMFUMFDBACQ,2023-11-30,일반
AHNV3R7QZYE5QVEV7QEEBFO37HTA,2023-05-10,일반
AGSZW5C5GBRQXPA2MZ5XNZ7LCRQA,2023-10-20,일반
AG44HJB2AMIVHAGQZ2WGWONERKCA,2023-01-20,일반
AHL2FABQV6XAHZN547DN662X5RWA,2023-10-09,일반
AHJE6QFY5XEOZJJWOIOHHIDFWWFQ,2023-10-12,VIP
AEDMSJ2CEQZID62NXPKEQLMBG2LQ,2023-01-01,VIP
AHF7ZBKNBLCLFHGJG5KXKPI7QVCQ,2023-04-29,일반
AGD2S7EXXSXHBCJHTXUAV6FLXAZA,2023-02-04,VIP
AHZRUY7MR4SVM3HFJ2SZDGHZJ56A,2023-07-17,일반
AHEHKOZPPOVYL75KDU52PSBYDEFQ,2023-09-02,일반
AFGHRQK34D54OXQCRGX5K3XTR66Q,2023-02-28,일반
AHNRGHNIKN4JHV2RVCWX76B7ID6A,2023-11-21,일반
AGIBUP4ENAQTEYCKPWASWCUJ7YXA,2023-06-10,일반
AG5G6IU6RDTR24OHO3LSE24JCVEQ,2023-06-28,일반
AHWCNVY76F7IBUHM7EBJBMQV7KBQ,2023-07-25,일반
AHGYR3ZSYI6EPPK3N6SJPQIP53FA,2023-01-12,일반
AHT76IZRPXLMCNSF377LTR6CNIPQ,2023-10-03,일반
AGFHRUWQ7C3KCBL6IKJ4BC3JSZKQ,2023-06-30,VIP
AE27UOZENYSWCQVQRRUQIV2ZM7VA,2023-08-30,일반
AGMYSLV6NNOAYES25JDTJPCZY47A,2023-08-04,일반
AFHS33MWRQGSS64EETZJGCBWXXXA,2023-09-08,일반
AH2SHWYEWDAK6A5Y2ZBEMZ2KIG3A,2023-10-26,일반
AEYMOGP2CYRKYZ7TIDNLGR5QPZ4Q,2023-05-06,일반
AGPGDCCXPI3EACMNJKBCNT57DVFA,2023-08-05,일반
AFPBMRYRSMD3PP3CBKLFF7EKOCXA,2023-11-02,일반
AGPBZBEFPFL64PWRZX32JSZUHDMA,2023-10-12,일반
AH32ZSUDD2AINXSY42RIVL5RBCIQ,2023-07-04,일반
AEGEQUSFQ3L5GTTYJEM34ZLSZN5Q,2023-02-08,일반
AEXNZJKAL3YMVOOAUSE3BZFP4JPQ,2023-08-11,일반
AELMNMBT5LVUJB7C3PHTT4NTETXA,2023-07-03,일반
AENLU2UJ3XK6A2ORODWSHIRNY7SQ,2023-06-27,일반
AFZ5LXQHEOBA4QWHTTF3TQNP7XIQ,2023-10-21,일반
AGRWOS52HI6TPUBXFRJUH3M4Q6DQ,2023-12-06,일반
AFE54I72EV2YOL6POJCHHP3Q5NWA,2023-05-31,VIP
AFKLES3QOCRLIMJWHPEJVGK4RX3Q,2023-05-06,일반
AFLBOY3G7HT3TAYCHSRFBXF7M2MQ,2023-10-28,일반
AF2NZ4L5OXBCMZZ742VSQGWU2F3A,2023-11-04,일반
AF6562TF5CHMMJIIAO2TQPNYVMBQ,2023-12-02,일반
AGO6LBIRJDSVR7FW4BD5JS4OGLZA,2023-08-22,일반
AHSO2XARBV6CWGPNXNBK3CJU7FBQ,2023-01-08,VIP
AFNLIVIY3LPQ6FEX2UHW4WGNOUAA,2023-12-07,VIP
AGOWF5LLDDKUJTPYF4WOO5RKT4JA,2023-05-09,일반
AGIJWXZQV3F5BX3NCSWDZVKK4RCQ,2023-09-21,일반
AFJH7QKP457YR2ZYLVCPSMM5SWHQ,2023-06-06,일반
AEUFJD6BX2IQCSBOKNA7MQFE7QKA,2023-12-18,일반
AHCBFTWURJCUA25OV4KMXCRKG64A,2023-12-24,일반
AFBJK7AC7CHF64YGGCYORLZKDJPA,2023-01-05,일반
AFS3FJBEMAQT6KHZEAOPUHRCVQ7A,2023-03-27,일반
AFCWNR2KVRYPLSRP4RNLWZVM6TSA,2023-06-24,일반
AH4OX4YZN7FYK5EGLIGSPL7V5GEA,2023-10-17,일반
AF3P7GAMRCSCUNVGINN76GPSEFFA,2023-07-12,일반
AEDMNVL5UD34C7NFQD5HN32ALFZQ,2023-11-07,일반
AHLYJZWIMC42O7FTHBOSUFOXBTMQ,2023-04-29,일반
AEOT3342QESRJ6Y53VNRADPFKTXA,2023-08-06,VIP
AGGYPM6XG63MKRNTABSKYFJZNJLQ,2023-04-24,일반
AFSWPIVS5VSLL7M2YWCUFUSLJWJQ,2023-05-25,일반
AF6JRCF4K24OBBTF456CIYJKFYRQ,2023-01-26,일반
AFIJZPIDNQJFJUO46X7TVPBDYSCQ,2023-05-16,일반
AHIQL236HODJPRW5A5IGB34PXVDQ,2023-10-30,일반
AG3JTCWKG2UKPLHVG76QRTOFWTVQ,2023-08-20,일반
AFZVNM6MTDG7IXBRRNT7X5OGJXUQ,2023-03-17,VIP
AGRWWPE6U7HMEWIKZ6GAN2FY2SBA,2023-11-24,일반
AEDWWKMEJES5SUY5QRGMWWMM7CWA,2023-12-11,일반
AFR4LD7PJRZE7EJSDW3QW5GINNLQ,2023-10-29,일반
AGWO67H5CHGZF5AAAUAD5QQCZODQ,2023-10-16,VIP
AEIYWH2ASVIR6LTJ2JBXPQLOUYNA,2023-01-01,일반
AEYBIV3UZ3VQECGKV6QRO7PLR2EA,2023-05-27,VIP
AHEAYHNW5FVLH6XD7RRKIG32OUCA,2023-10-14,VIP
AGKIV4JCOJQGPNWBBKPXVME7T7NA,2023-05-22,일반
AH32CT6EKUDWLGELKZDK4TEUWZRQ,2023-02-22,VIP
AHPRFGJEPXRPFJBR6CEZR45ICAKA,2023-10-31,VIP
AG4ELQEFRPWHH2ADRUMUJW6XP7JQ,2023-03-10,일반
AEVHROK7EARG7XEZSSNEJNP6DPEQ,2023-12-27,일반
AF4MVO4JNFDEPWFKZO62OAJKRIWA,2023-03-31,일반
AHVPAXEWPATRASBKHOBI2I3VRLGQ,2023-08-08,일반
AE47PRQCNT3YFSESBLAJOH6MSCFA,2023-07-11,일반
AGUOSXCR3PDNC2K4X7O7QNRGPAWQ,2023-03-04,일반
AH5L6KKTP5ZQSN6GVQB4ZGXOM2DA,2023-03-14,일반
AEP5OZFTG32NCC34GCOBFO24W6RA,2023-06-10,일반
AEQXLMRCT4ZS65M3ST5YV6AOZG7Q,2023-06-18,일반
AHZXKAGAJPIMZJD5XJ5QUIYR3ORA,2023-03-30,VIP
AHHN6OTOZ24Z3BWFJHUPDGRMSVCA,2023-06-25,일반
AHVUKBEDM5Z6JPKOPSFAFKCB4OPA,2023-09-26,일반
AH66GAHYTI3BUVCPVV4IXBI2DRGQ,2023-03-14,일반
AGO2YRYQBY33JCVUJS66EZ2KL3MA,2023-09-02,일반
AFRF3MH2AZZR7AJQFT7A73H7D6LA,2023-03-18,VIP
AEYIR4EXCJIMOQZ4VP3SR5JLBYFA,2023-06-08,일반
AGUIWK76DI7WDRB4G4MI43257QFQ,2023-11-20,일반
AHOQN5US2WQJA2BOZTYDAS7VXVQQ,2023-04-08,VIP
AGHVT7WT5L4HJE2K7U2JG2YCED2Q,2023-04-12,VIP
AEG6NCZPUEEC3YY267IS3YMFRBWA,2023-05-12,일반
AGD6H2VQE4PJ7QKTSCXBXPBYS4NQ,2023-04-12,일반
AHNYPGI5E7UACOC4BRKLLMHZKRTQ,2023-01-19,일반
AF4O7QE5UR2B3SBWJHEG56MP3SCA,2023-03-23,일반
AGKJZO3JZK7WKO5FICXBLGIOOGRQ,2023-10-06,일반
AHIKIHUKNQUQQWRBFB2ZP2CMWCFA,2023-12-05,일반
AEKCZIJF3SIFEWEL25GZDECRFQCA,2023-12-31,VIP
AH6ATQVI2YBUXDHJEADXMVOBBT2Q,2023-11-27,일반
AHXO4AUAOUTAX3SLS25652BOVQGA,2023-05-09,일반
AGFXT5AP3OGXVESL6CATDNFL3U2Q,2023-12-10,VIP
AGIFAPAG7ZOUZL7QOBEUSHIYQHPQ,2023-11-06,일반
AHLDMLQTWAHHYBUVIS2J7LU4U7BA,2023-03-30,VIP
AH3E4JX5L3FJKASHZNBWYRLK7FWA,2023-08-01,VIP
AH4BNIVAY3WHHW7YVDRUQZBSUX3Q,2023-05-23,일반
AFOETT7EEXRU3TJKS7XWPRW2WMLQ,2023-03-06,일반
AF3JE3MHGVCOATHASUTMN3VGF3UQ,2023-03-17,일반
AEDSNOOD2D6SJAET2BTNBHLV2SSA,2023-07-18,일반
AGGTMAPT4WBWP2C62I6CGW22QNCA,2023-05-23,일반
AGC6NVLEXXVXAOMXP46RL2622EBA,2023-11-12,일반
AFMZPE7XRDTD4DOUAAMZOME6HG7A,2023-04-03,VIP
AFOTHR4JPCQC4JXBR3WV4C6T5XHQ,2023-11-01,일반
AHHA3DXLSJ3LS57KWW56FPPV4OKA,2023-08-12,일반
AEJMCBDH3VXRL4SPYOC23J4OG6OA,2023-10-18,일반
AH2OARRWRYKQNYKCWGQKO3NOINQQ,2023-04-12,일반
AFIIBGWYNYPKBPVV3YRZPI3PYGBA,2023-09-24,VIP
AF6HCCU2LSBC7VI7PXDP7BV234VA,2023-12-21,일반
AFOFD4PXG6Q4MMOSO5DL3Z6SPH3A,2023-04-20,일반
AFJLVCFIQOLK52GX6GEPNDVDXMLQ,2023-11-26,일반
AEQQH4MFXL57BHAPR5HEDWJ7IYSA,2023-09-22,일반
AHKFAQZRUQBRNNHBMARKC5YBCLBQ,2023-01-03,일반
AFU4L7YEY73K63B4VWGPBWQVAYWQ,2023-03-26,일반
AHJJY3GFDJFTDTX5536IMIXVNCNQ,2023-10-09,일반
AEYIVONPYGGVCE7K4Y3PNQPKVHSQ,2023-11-24,VIP
AGAELRYPMTG5SADZPDYB343EASAA,2023-10-31,VIP
AGFN4JODOM2NTFCJQOHDBQLVDJTQ,2023-04-27,일반
AG7EZVSAXIVGMNDLSA55K7URQCJA,2023-08-09,VIP
AGGF75HIEMB67OU7J3RDALBSUKQQ,2023-06-03,일반
AHY5CI4SU6JBYPIZ5RLAGO6W3F4A,2023-06-02,일반
AE4KODNBVTDCZWZO4HZM4GTRERPA,2023-01-12,일반
AH6HFHSYOY2OHMODD7244DHG7FUQ,2023-05-13,일반
AHRW5JERWYAJCZO65PDKZSOEPR6Q,2023-10-31,일반
AEJQT5NMTAM2ZRPQDNGLOL6NTKRQ,2023-10-20,일반
AHIKFQ5VP6QGYQK3GJICMV4U7ULA,2023-10-27,일반
AHWEF3345QLMPIGGOW6VUYJZEFDQ,2023-08-16,일반
AFLEQIFCKD7EUBQTHJ7T7XF4MWMQ,2023-09-28,일반
AHLORXFV6I3JRBNER3O6DIOVWM5A,2023-02-12,일반
AH445QA3XXIV6FPASBU6OBICSLYQ,2023-12-09,VIP
AHT6SE3YNTHR76UT4QDQKBHEH5EQ,2023-11-22,일반
AFFKCAWOTYV7EXKMDMQ5NVRRUV5Q,2023-10-29,일반
AF526AFELIHNPVD5FL7SX5YLF35A,2023-12-30,일반
AHY3GOQ6D4GPVJOY2WG4P7MH7NGQ,2023-01-21,일반
AFUI6TGJ2TLDSR4PDBMD37RSFDEQ,2023-04-17,일반
AHRRCKGSRMDGY56SV4ZGXHBT45EQ,2023-12-02,일반
AHBFSHWP4NHWBAUP2AUWUTX5MZYQ,2023-10-30,VIP
AHAF6FEINTAVNBMIRK2RCOT6KZAQ,2023-04-27,일반
AHJQMR2KBHVM6PAPM3OXBGYHRPRQ,2023-05-04,VIP
AF7B5AJJZP2WKRD74Z45L7YDOEHA,2023-10-08,일반
AGEYI2JEUE752XDEXSTEIO7LJI5A,2023-10-19,일반
AGNNZL2OXJSOP4LC4PWWYSTCZAAA,2023-07-22,VIP
AF7O7XT6CTT6WPOITPUURTLR373A,2023-02-20,일반
AEI3CRGT2GQUOOD67T5H2NK6J32A,2023-09-28,일반
AFVNPALAXLPTQV7PA3A6GG6GNKHQ,2023-11-20,일반
AGFWKP74BJOEEMWDPDRITXUIW45A,2023-10-04,VIP
AF36F2CYTEDAZ7XUT5FIVJV5WIFQ,2023-05-21,일반
AHQIYGWISGS2IQAQ3OM4IZHKIV4Q,2023-10-02,일반
AGXCRSJZ5RYOGMFVSLNRCILGSATQ,2023-10-17,일반
AE4MORXG46LGABI76KRVGV5BCLMQ,2023-11-30,VIP
AHPN4Q3AZDX3HSUYDT7MHYDIL6QQ,2023-02-21,일반
AGBOBQFRZDOF5XPJRLHJYOGRFKNA,2023-01-27,일반
AEL5HU25IP7YT5WK3LXNC5M36NBA,2023-06-06,일반
AG6OO5TADBKM6RSXLN54U2LYYPXA,2023-08-27,일반
AFBICZEMDBBG2PL7T424USBD3PNQ,2023-06-05,일반
AH6KGRI6O5D37TRWQAKYLMWIZMKQ,2023-10-18,일반
AFQY3C6LSFBOO4FUHKKVD7Q6LFIQ,2023-05-16,일반
AFDTYPH2YS7I3XDWEY5I6RXU53MA,2023-05-24,일반
AEUXJSPLBCM6V4UCEVFPF53YC4GA,2023-04-16,VIP
AECKQGFXRQ5NR6PHVGTS5TCIYKQA,2023-06-07,일반
AHWRZWPCTG6ICA7WTNLNNZXWFI5Q,2023-05-26,VIP
AF2AASVYVSROFD7FXA6EFDS6N2LA,2023-01-02,일반
AG6YHIDBTRF4SWXLDWRVMRS56AMQ,2023-03-18,VIP
AHELRKIGSIPF5VMAGPCPAUJYKOLQ,2023-05-12,일반
AH7HRG7P5VGMMU4PN7CEDU74Y2AA,2023-03-31,일반
AGPO4HV54G5JLGEZYJJ7NC63V6BQ,2023-12-11,VIP
AHIMX6EL6H3CLBEVJCWLIQHSAA3A,2023-12-16,VIP
AEITUHHOUWUNZPQDSHA2ZWQGJUMQ,2023-09-20,일반
AHPBU5B6HIJJUIPIX6GIPYKPNZ3A,2023-12-17,일반
AGTIGA6CWGOALBOCA5TMGUUDSPPQ,2023-04-18,일반
AFOYNH6UHFBRCWDLEY5GKAX2BGKQ,2023-03-15,일반
AEYCQ3TR2DE6XHPGHBNF5EW6KUDQ,2023-02-08,일반
AG7HMNN4W6OF7QVRDK3MKTR6DY7Q,2023-06-08,일반
AFWUBPDUKGCKVGAIFGZ6WMR6EJ6A,2023-03-12,VIP
AHCAUACHVKPTT5MN5NGYZW4HLH4Q,2023-11-08,일반
AHIQOWYOEAPXFI3GJMNRV4Q7BJUQ,2023-08-29,일반
AE4755NP2P2WIA3W6UZ4GBQUMYJQ,2023-10-25,일반
AHKCM7P5EDDMQZBKYYE75CPAF7FA,2023-02-05,일반
AFDRB56L4VXGIQHGTVK7NJM3WSYA,2023-03-25,일반
AHNAZDZEKS6VNCJWHR4ESXYPU4VA,2023-09-20,일반
AGWXSRHKVWHYZILFA5BDCT5XBCGA,2023-11-06,일반
AGXQDXGZIHZGK6VZJAMINA4COD5Q,2023-06-21,VIP
AFEMVPAQZ54XJP3XZOPH5T4AYQ3Q,2023-06-22,일반
AHVAPI2PL242EH4HOBT3XMTEYFTQ,2023-12-28,일반
AGUFJYDE6UKS5WLQYUXYVT5OTWCQ,2023-02-16,일반
AHOQDY4AERBRQUTZNXDGE4VONOZA,2023-05-21,VIP
AGSNTULCKL7K3VTGVWZZ2LFC5MWQ,2023-04-28,일반
AE7XNRKCIQXN2W5G667XOUMKDGGA,2023-10-04,일반
AFA6RD2OGIVARNPAOXV7MW7LSO3A,2023-08-02,일반
AE7A3EKW57EKUTLWKEKWLVQV6RUQ,2023-08-08,VIP
AFXDZ3POPMDGLR6PH7EGPUAXJIRQ,2023-01-26,일반
AHV2FJH22467V4ULH6KKQIWFVGLQ,2023-01-09,일반
AEW3QDKETJO6JJTGK5JI2ZW2PA3Q,2023-09-28,VIP
AFKWBZELRCG57S5TPMOTZNE5KANQ,2023-01-10,일반
AEGUNYKUOOKYLZ5EVFG2RZ3IL5NQ,2023-05-01,일반
AF4R7KKPJVNKJC5D3CWKKX2JZAHQ,2023-05-05,일반
AEMRQAGETOHECPURDR3UBRHG33FA,2023-06-19,일반
AEI5XMVBEE4RLXD3B5VKGLNLH2JA,2023-03-13,일반
AEXU4Y3XLSP7AIYF33J3A7YN6O6Q,2023-06-01,일반
AFTK27OS7TXVU5CISEGTE75PPGEQ,2023-07-27,일반
AHALPOEUQFGXEZR6NQ64ZI3EIYXA,2023-02-18,일반
AFJEOV652OA6P6CPXI6U34PC677A,2023-06-03,VIP
AEMQXD272M5OGFOTZDB3PBM2KSWA,2023-12-13,일반
AHTNHTN3WQ3NHVW27TWJLRMQDG4A,2023-10-20,일반
AGXGWVE46AD3MXJRAA75U5VYV4VA,2023-03-09,일반
AEQIOSXDNEWT7VHJIRG5AVN2L7XA,2023-02-19,일반
AGZV3QEQWGL37PYNL6FF2FV25Z7A,2023-06-01,일반
AETFDFDDPV5V47KNM2ZNBXJ3BCJQ,2023-01-19,일반
AFDRGTOQGLLJ3FEYVGQHQY5XYERQ,2023-04-10,VIP
AHRXHIS73VVO2ABYNN2KGKQJBUEQ,2023-03-01,일반
AHF3N2HPJZG2DWTJFC2THLYN52QQ,2023-06-16,VIP
AGCBDQPRT37LO3J3CP5FYVIQ3OEA,2023-07-21,VIP
AER2ODPYVD5JB5RTN7HIZZH5F27Q,2023-12-11,일반
AHNOI3BBY6UCQN6CNJRZF23YTFTA,2023-05-26,일반
AGSEYUOK3UHZTWI44ZDFKIDSWZYQ,2023-06-13,VIP
AEOJO73NCLD6U7WZ653AZ5LO3LCQ,2023-08-30,VIP
AGB2L4VZFZQISJ44XSXNEQOKSTVQ,2023-03-10,일반
AHQDTRQWUS5MPV5MBLSB6HTSJ52A,2023-06-24,일반
AH5GUOO3UWAKJD7PAMTZ6UUEYRPQ,2023-02-18,일반
AGKSB547ASUKUVCC4SCHFKIH7XWQ,2023-04-18,VIP
AHWXPJ2XKKVRT2AQLZKFXMQFJLWQ,2023-08-14,일반
AGCVMGZJMOJNXWMAAEQPG4KMLGUA,2023-06-10,일반
AGRREQL2U4HCQ6K7METWAYVM355Q,2023-04-29,VIP
AFUGCO26OHJAF7LMREGYHPS2MMOQ,2023-05-29,일반
AFLMOZFV4PMKSM3JHJ7ITUT6OVBA,2023-05-30,일반
AE2TS2DBYLAJ5WY6FFWFNXFY24SQ,2023-10-20,일반
AFBVVELP4GVFVUNT2JCI5JHVGRWQ,2023-05-23,VIP
AGN6VHI3RRN2EETVG2K6AU54UJ2Q,2023-06-09,일반
AEGXNXBUADLS35GCQLX7K5EIFU2A,2023-01-11,일반
AGRLRL4UJ4K36QPX6NY4X5ZETZEA,2023-05-18,일반
AFB7KATBZJ56CDSFNRN5GVI5WLWA,2023-03-19,일반
AEQLEDKX266NBPOVEJSVR35XNFYA,2023-03-18,일반
AH4EQ3AD64V4T45VEG3L4LK7IGQA,2023-09-11,일반
AH4EGLGTSXX4GYBAOERNBPVIKD6A,2023-09-15,일반
AHTVBHRLCBX5E5GBPONFYZLCNBGQ,2023-11-16,VIP
AEXRBZRUCAA7B3P4I2W344GKKEKQ,2023-10-18,VIP
AGCRWVPOVID3SCYSXUIFZNEVZ5KQ,2023-09-20,일반
AFLG2PW5COQFF4ALCTWAHMWQ5XBQ,2023-03-26,일반
AGTYNRS4BMV64TFKAWN5BGOC3RLQ,2023-05-26,일반
AH4SGJXQP3YL7ZSOBVDVA6EF6NNQ,2023-11-19,VIP
AEE6GBKI25S2XX77PN4SZTH7KWTQ,2023-02-11,일반
AFQREO7QQWGS5QZYY2VUNQKV5VPA,2023-05-05,일반
AGKL2QQZYTI6LCC4CDJEGIV3EDUQ,2023-06-16,일반
AGFI73CMZKYLOYXJFEQBOGGVTTMA,2023-08-29,일반
AELXR5NQFM7D6VMAQLQ75LZKBRQA,2023-10-07,일반
AEOFVQUVTVP7AU7TM7IZBXJC3NOA,2023-07-07,일반
AHG33QRWJPAIDBY3URAHOVO67T5A,2023-10-29,일반
AEWCPYNJLQRK7UW54HDWPA45R6SA,2023-01-19,일반
AHLDP6L4GQIF7MJWWMNALXNQXYEQ,2023-03-09,일반
AG5TXJG5DJ554EJX2GMQL67ZCP2Q,2023-08-06,일반
AE5X7F5K6HASKKQZGUJEF3VZFRRQ,2023-04-12,일반
AEKVSWRDHUU76ES43EFWKAWTDYGQ,2023-02-11,일반
AF2CYQ4QUO4JYJDIRRB5R3YZHYCA,2023-10-15,일반
AGXAFZHSGPYKI3IF3CUMM3FKCT3A,2023-06-16,일반
AF5H5CZXXSPIJL6A7CRZRJQPMJWQ,2023-04-19,일반
AFMFLXBICTWGULWCOSXF6BRBQCNQ,2023-02-05,일반
AHUVRK6VJOSRKW2RAD6PXS4YVCUA,2023-08-20,일반
AGP365OHRJ23BJZKPU3GJ7NVQHVA,2023-08-17,일반
AGRV2QBB6JEZZOFFU2SXQ6MD4FKQ,2023-12-19,VIP
AE63YMXM3DHXLPTNVJHJ52BUA4KA,2023-06-13,일반
AGVIZXWQFUOANBYPMIQ6GY5XG2SA,2023-03-14,일반
AFOEZACEOW6XEVSVUCJEGHS6U2KQ,2023-05-16,일반
AE5JZKPJIR4HTZPWNC6ZPYMMGNBA,2023-12-19,일반
AHDF7YP2MU5KXG43ZVYWMMQNHJMQ,2023-03-11,일반
AEHGQC3G6B3IWI6OD7AGD353D6ZQ,2023-07-15,일반
AG44OTCJB3ZNRPLXK2KTM3R4RGRQ,2023-09-26,일반
AE3SQVHSPJCIM3FT4MYLZOLX2ZSA,2023-02-18,일반
AGVJFS4QXURZUT34VBLXILIVA64A,2023-11-12,일반
AEC3CTKKV26PO32KOGUKKABJ4OAA,2023-05-10,VIP
AFWLMSZPLJIABG6W6IFSFLEVHETA,2023-01-05,VIP
AGZGIO6G2BKPLG4SN6O4ZRQOA54Q,2023-01-27,일반
AH3NLKVBUDIHF6LUVBM3CJI4WFXQ,2023-06-09,일반
AH43NCUTAEIE2WGCFN3DV6PM5LTQ,2023-05-29,일반
AE4CJM43GFS4KYQVZRKJSGM5MIPA,2023-09-21,일반
AHPK4PXDZS4FBECPMPFQOZRLDPAA,2023-08-18,일반
AFDZPGN3IBUCVS4QG4U5YCG4QZMA,2023-07-19,일반
AGXRKO2ZS34CPIT4HVKL4ZVP7UMA,2023-02-19,일반
AGAYLHB4FT5IE4A5NXOCGX6VDWUQ,2023-03-08,일반
AHXFVLYGYVEDJD4JY35L425PK5YQ,2023-10-27,일반
AHTHZGMRK6ZMTCCPSKOGS7GTFGPA,2023-02-27,일반
AFNZPK76SJ4OIOZUZPZUKEDOMJQA,2023-09-16,VIP
AHDSEBUBYJQEKVHY277BC2ZKYPYA,2023-12-08,일반
AENDUJB5OZB6K4DYJJ6JCWFTSRCQ,2023-11-22,일반
AHRWY7ICLIT3SPBQFPD7V7C7NJDQ,2023-05-10,일반
AFSTHMXFUDYHM43NKFYVF5TM2DDA,2023-08-03,일반
AGVOU7UYLUAX4S7LCOYNNEXUCD3Q,2023-06-21,일반
AHARTLP3RPKXFY37PX5Z5T4JHUEQ,2023-09-15,일반
AHJQYBWVOKGBO6SND232KLREKCSA,2023-04-12,일반
AHJYRK56SVRBAQZMLOZWPBQU2FFQ,2023-07-28,일반
AF5ORZNIXXXLMFXXPZYZLTGPTQAA,2023-10-18,일반
AHDANFLZ6CRP3NUAFEG5KMPPZOFQ,2023-12-20,일반
AGP2HWARZOUPA3CD452G55XDOVCA,2023-10-13,일반
AFIXXDE6EGSPL7Z3V2HM2ONLKILQ,2023-04-26,일반
AHHC4X3NGUIXBDLGBNSGVCEBBWXA,2023-09-21,일반
AFMR2SQ4JJENHHZXWTUYOXFAFBDA,2023-05-30,일반
AFSN7XEYM3FYLA553HWSFJIWXNLQ,2023-10-27,VIP
AFBFWTKCL3QGM752HHFGURNACKNA,2023-02-05,일반
AFH5MQTFGQYYKITYYBH5CFON3PEQ,2023-11-29,일반
AHLYJKN3B45FGUXNLI7HBJRMQXBA,2023-10-14,일반
AGU3XNDQ5OIFEYL6W7FGAB4QNOPA,2023-10-30,VIP
AFQQLWLDOYRTQWZETYX6CFXNEOJQ,2023-11-07,VIP
AGJLSJO25FNAPTAMQITAMV2DTV7A,2023-07-27,일반
AGFXSW2YQHNS2ZPAMQHQLDH5QBZQ,2023-04-16,일반
AFNQRKRC76QTV3ANYGVIX3WGB7AQ,2023-06-07,일반
AGJU6F3B6JF6P3W5KKTWBRLGQFRA,2023-05-01,일반
AF535RV7I3GDWBJZWB7HOLHYAUFA,2023-02-24,일반
AENGUPOM2EDK3DTX7BZUWYKZIDJA,2023-01-12,일반
AFDSO2WPP2FVD5GLVREORVV23VNA,2023-05-25,일반
AFZYCNGGJWPEVKRYOBQCJFBFPF2A,2023-05-16,일반
AFRJUP6OCPKPDASMS3ZF4CXWXCXA,2023-01-03,VIP
AEW2RGBB7GXPNUGFBMKMK4OKGE7Q,2023-05-24,일반
AFZRJWGYUFNULZQLL27PLZYMTYFA,2023-01-30,일반
AELUUSXPQUT3DD5LODET67QZYXVQ,2023-08-25,일반
AHN5GP2G4PSPXMVTCK3D7FJSUMFQ,2023-10-06,VIP
AHXQK2APPFORQPV6E43FW2W6DVVQ,2023-12-14,VIP
AGUKWQ7OYGHXWZQYRBDSP2V77KDQ,2023-04-25,일반
AGRFG6LVUVOX5TDHEZULKHHKYK3Q,2023-04-14,일반
AGXBRUP77BK42TS3EE7MPBX2OBXQ,2023-04-28,VIP
AHCZZTKJ5WN7WJSQU3HWL2LK6XQA,2023-01-05,일반
AE6OITGK4Q3JK2PM6CA7Q5YVED6Q,2023-12-26,일반
AFPXC62PG7UC6DQ7WET3HSXJQ5XA,2023-09-05,일반
AG2KPNJXAZXHKWUMAM3PTCO4T7RA,2023-12-30,일반
AFLB34EOC2F37MXTUPWYAUBFLXKQ,2023-11-17,일반
AGFSZ3NBVGWR5NBRNYIEBHLMSZGQ,2023-05-01,VIP
AGQ3O74IZOTXX6NCRGUU5SSCAHVQ,2023-10-13,일반
AG62MXMQ7L2PI4B757FPQYANBH6Q,2023-05-29,일반
AFAKEZV7KMVT2SGF4KYWXGQRIW4A,2023-03-25,일반
AE33MAZWYRVAAICGNACZAIWACK7Q,2023-08-19,일반
AGBITVO2DOMNZU6DB4QF2WXXELLA,2023-10-15,일반
AFNFUGSKHFEN7D2XJICFYQIK62VQ,2023-06-10,일반
AH3HGPTMWGF4FTGDEKIODKTU5RCA,2023-09-29,일반
AEMKH7NSGFU5YGYOC54RHG54WHXQ,2023-02-07,일반
AGUTBT3QDFUJECX3SI4FAX647CZA,2023-08-14,일반
AGZJITIDEQNYDGVCPZDNXLBYDYYA,2023-05-22,일반
AE6CROVUGPHR7BRT5JASNRWSPBVQ,2023-10-19,VIP
AHL5MROK5N63VXVBMKVZJ3GNB7ZQ,2023-05-31,일반
AFPCHRP52XCWFQ625WEACPUTXO7A,2023-04-24,일반
AHIUG7OVT3SRXSCNUZPNKHTQH57Q,2023-08-25,일반
AGVPDZ73B6LF5BBIZ3YGX2WRGJ2Q,2023-03-07,일반
AEQEIF23AAXTOBTLBICNMLFK662A,2023-12-27,일반
AGDPIWXL6XEBCXAGBYTER5S2JZ4Q,2023-12-07,일반
AFPDHMQW4AYII5KK7CLG4MMTIAHA,2023-09-15,일반
AGAPGK7QBUJDHYEHVEZIJSSU6RXQ,2023-09-06,일반
AHIFRP4LVADODLWKJGA7DHAIPUJQ,2023-11-27,일반
AGB3OGP22I23IZANKYBMKYK6XQRQ,2023-11-19,일반
AHJ7766YC7CZ4ORPCHZLOOCANFNA,2023-06-29,일반
AGMV2R3JWUMMQLCUPBCLXPWI6PPQ,2023-07-09,일반
AHFDXAEDNPG522UV55PCCVEILKOA,2023-06-03,일반
AG6VORBMIHPIVWWIAD64NXGEHWAA,2023-07-15,일반
AEKYO3V2A6SECGKKZYSRLHFMMA6A,2023-11-07,일반
AFLBLMPC4WUEDUWHLHBQVY5AKH2A,2023-09-19,일반
AE4ZXGSA2CQOGKH3N7GS7WNS67MQ,2023-05-23,일반
AHIQ7HT7HDEW67HOPSLTFF2TH2BA,2023-12-08,일반
AFWWWV4JHTQ4PJI5WUC73YTHBQCQ,2023-11-12,VIP
AHPI2KLLZMZK5CGEZ6ILSIA4FHJQ,2023-04-11,VIP
AFGQKKARKUCRSUEBE2EETDPNLTEA,2023-09-01,일반
AGCD3EP3GKDT4URL7GHQPM4Z7DFA,2023-01-12,일반
AEUZZSADD4LNC6NNCPAYMKDKGUKQ,2023-08-27,일반
AEJLOEHISUISLO2Z4RE2TO2V6NGA,2023-02-18,일반
AEJ4UYFD3M2WGB3WEQJOZ3GGJY7Q,2023-02-11,일반
AFJ3CVFC3MO2Z3MYQTCELWT4TTKQ,2023-06-15,일반
AEEBECR65JN34YC7NEJIFAQB67TQ,2023-03-23,일반
AE5XN2CICXIBA4IK6F4ONOJ6TOCA,2023-10-18,VIP
AGUZQN2LWKQXLXBJO2NRTXGV7EUA,2023-06-07,일반
AHWQSD5JHCOHW7JYN7F52ABQCJQA,2023-08-04,VIP
AEKSR7FVH2XR55S47DZZLAFA4KHQ,2023-06-07,일반
AH2Z4CKZS7LRJGKNN7CBOZMQ5SNA,2023-05-14,일반
AGZOQA4S3KYQ5XWA2NNCVAPL5NAQ,2023-03-08,일반
AFAI2HVZTWZTAN4VOOOMVS5H55VA,2023-12-02,일반
AEQ2H25C6M6LFUM7FSHRKM7MMHOA,2023-01-07,일반
AE562XMNDX7ZSE5LXF3ML73JYBFQ,2023-01-14,일반
AFVF4DJMF7VPQN73T57F4CZT2HGA,2023-03-14,일반
AEN6F63NGBECRWCS3ZXU6TVDF2XQ,2023-06-12,일반
AFIC3QEUDEWLWIHED5B64254Q5QA,2023-03-07,VIP
AEKAQEDPX7S73J5RW2YU5SZKTXGQ,2023-12-13,일반
AH5DWYIRRSDMRTEU3V224I2UCBUQ,2023-05-10,VIP
AFIB4S4TTITWHDPKW5U3JISOCALQ,2023-07-25,일반
AGIE63Y7UCQUKSDR3PK6IUPRTX3A,2023-10-03,일반
AH62YA354G4U5AD2BG3YI5H7MXMQ,2023-09-13,일반
AEONKCD4VUEPQ3YEK5JMVPGLCDDQ,2023-09-23,일반
AHLBCSKY2R74QDIIG43AIMBG46NQ,2023-01-25,VIP
AFLKEO2K6COQHU2DXPFV54VSZYDQ,2023-10-08,일반
AE7CRGIWRNSZMTVAHR3SWOUQVFUQ,2023-09-10,일반
AG67CGR3C43TNGHCXQDEHUMT5QSA,2023-11-06,일반
AF3ZXSDNA4OBYAYA7DKTZ6QOZOZQ,2023-10-16,일반
AFD5PNXQHWWDULY26SXS7SIYRG2A,2023-06-13,일반
AFNOEGQW7O3AHVLS6EBSUQP3VBXA,2023-04-05,일반
AFYHQLI23FMT3VQTHL6MTDZUMRVA,2023-09-27,일반
AGRKUDIXVSUQBXB2VMMCZZZ7QPPA,2023-11-17,일반
AE2OFVZSIE6KSBAPG6GMKCER35LA,2023-04-20,VIP
AEJTETVJ7NY3GMARSTJNPOG3AY3A,2023-12-02,일반
AFMQHAPYUAV7ZSPABOAVTNZVESWA,2023-11-06,일반
AEGYHN3DWMVH2RZLTP2H2A2U6EHA,2023-08-26,일반
AFIWP2JBBUU6SH3MK355UEG4TZGA,2023-01-25,일반
AF7XGOMQWMA2ITB72BPIVHL23EJA,2023-05-21,일반
AHBTDCFI4HA6ONMJZRTYUXAEP46A,2023-04-27,일반
AFG3EU556AXTCQXSTGYD2ACM5H6Q,2023-01-25,일반
AF65DDTW2IWXZ4TJJ7ZMVMH7J35A,2023-03-20,일반
AEVPRYZLGHNMEZA5BYGIX36LYZXA,2023-03-09,일반
AF2YGWDQLV72RCMMOSU2FVQCMVTQ,2023-06-22,일반
AGGMCQ2FU6ORE3JKL6VUTHPQKZZA,2023-01-12,일반
AGJK54UTZLRAIC27TJYRC2FITPNQ,2023-10-15,일반
AECA5GYEXI5PM7SREQZXQQBLP5PA,2023-05-08,VIP
AGVJCBYEOVBLWDFZ42IPRVYU25RQ,2023-04-06,일반
AE7UFVGPV7KYAP74UQJAQYE5PEDQ,2023-04-02,VIP
AGCMESD262GPMVIP77LD57FWCOSQ,2023-05-21,일반
AGHNDMYRUJOLLYU3ZCO7FZJOFJUA,2023-01-31,일반
AFARAZP3IF343NCQTLZA27FJNIQQ,2023-11-30,일반
AEGGIMWBMF527D35B4MPSIRF7I3A,2023-01-20,일반
AFXYNRL37KVTOBVKIVMSHZPZWBCQ,2023-05-26,일반
AF7Z6AXMT4QMKJNV6CH6XRIVGVPQ,2023-11-12,일반
AFFOR2CVZKO4LFXRBJ2WEQXRHDKA,2023-06-09,VIP
AEE5DT5BRBCBX27LOGB5EIX3GVHQ,2023-12-15,일반
AHCHD46P252E5T27D26CGOAVD4PQ,2023-02-12,일반
AEMUIOWHXS3X7TCLNOURVJFTE2BA,2023-09-11,일반
AGFY3ZBTCRZXSPRR4NXXE7N2SKQQ,2023-05-10,일반
AFFVMKWXROYV7F5GCRX72SOBBEUQ,2023-03-01,일반
AEKAEWCGDYUP75CGK24GI3RWCBQQ,2023-05-31,일반
AFDITJCB5D4EOPYZKGP5RGRJFVLA,2023-10-14,일반
AHFCEAPRZ44PZ2EVRAJ5SBCDGSBA,2023-01-05,일반
AFXDLSR7SKWLB4PKF5SSF5Q27WIQ,2023-09-23,VIP
AHHBQDFH6KWPFVI3SBXHZNTYK3XQ,2023-12-11,일반
AFLRNKKT3DOOAGGWGYWTKEQMGZXA,2023-05-10,일반
AGYKT5FSJDBCXWNU74MA2M4OGXKA,2023-09-24,VIP
AHPYSN2CUNOSXL6BZG6G2LFLV27A,2023-06-27,일반
AFJXJVGLO27UBT2KSFMXD2QDKGZA,2023-09-10,일반
AHECNVXSW6REC5TOGBH6OJXIBL4A,2023-02-25,일반
AFWAX2O5B5I36ESHPOWZKN25BYPA,2023-03-24,일반
AHSDH2Q4Q2QSUYUGEAGPIR22MT7Q,2023-04-09,일반
AFSJOIQSSLDDJPOWX3DDKXDA6T5A,2023-05-29,일반
AGUXZXNTCLWNP7Y5QA2KYEJLBMKA,2023-11-25,일반
AHOZLLUCMPI33IIR3Z5Y7UT2LCLQ,2023-06-05,일반
AGBT7W456GGMVOR73SNSIGLSK5DQ,2023-07-09,일반
AGYF2BCD5W756VOY2V5HJQCX4H4A,2023-09-20,VIP
AELBDTDLN6LH4TEVDSSVNVRMHOTA,2023-03-21,일반
AF6WQKW6OFXB56NMHLIN4Z3XRTNQ,2023-09-09,일반
AFH5GFI3ZLDKRPX7OOXJDZKNTTTQ,2023-04-07,일반
AEQCU4OWLDASI2OKORSLGN4UFUXA,2023-09-17,VIP
AHKQFWVTWLZQYGV6ZA6OCY333SNA,2023-09-17,일반
AHX5S7C6OWULLEH2WS5TSQFATXPQ,2023-04-13,일반
AHTWMZQ36LO3QXAIALC6VJ7OLTCQ,2023-02-09,VIP
AHE3N52C6VWHPAF36U7GF7W2UV6Q,2023-09-30,일반
AEJKUZQM36XSQ4JKVC4UBWE5YJJA,2023-04-11,VIP
AGQWUC553PFV7YGNWOJPLCHRBIVA,2023-12-25,일반
AH6U3UC6OTD65UGQF6RMHGEE4UPA,2023-11-04,일반
AEG5SODTEGYP3IUXIGCGFJBG4W4Q,2023-08-09,VIP
AH2EAMUTPTX7PVUNPFYL4RO6DQEQ,2023-11-04,일반
AFO7YXLQXSGY3DH6FMRQW2AZCOHA,2023-05-04,일반
AGIMUNQKIQNNE3SPFKQ7LZIWGWPA,2023-08-19,일반
AE3NK5I2NAFOPARL2APH27FP3HBQ,2023-06-27,VIP
AGPVN62QTZNEHCVDPA4237YQ5VMQ,2023-03-04,일반
AF7KNSLEDN6UCGACICGMVXRW6FZQ,2023-04-26,일반
AERIRWR6GSTILA6LAAFDAG3FENNA,2023-07-10,일반
AG3SI2KQY3UNEQJOKH565UD4Y6FA,2023-03-03,일반
AGBDMC7RQ25U6AEK5YA5TLP4S5HQ,2023-09-13,일반
AGS23EI6FG7FXH3XR4HGYLJF5UAA,2023-01-07,일반
AGLDR4PNZ6ZWNGFV5EEV7BL6LAAA,2023-06-04,일반
AGE5JVVFCOPUTGK7F2PUUST4OWOA,2023-04-02,일반
AEN657OFUBBVTAFRFCOOUKFBNQ4Q,2023-01-14,일반
AESZZZXVFKLKXWSQPL4ECENSVBWQ,2023-08-17,일반
AG2UBCLWPOQR4QN5YCLXLC3XLHCA,2023-03-27,VIP
AG7LUOL4B7W4Y5AWCZ5MK47P3OUQ,2023-05-13,VIP
AFKWQ4PQTTDZKB7EET3UOXALXIOQ,2023-07-02,일반
AFTRUR7C3BJWFR5KW4W4SCBXU6NQ,2023-03-03,일반
AF4QNWLEXCHDBQ54GFXNI6N72XZQ,2023-08-07,일반
AGURV6CHVKSHPRM6VV4FSRY5NYKQ,2023-09-03,일반
AGQIXFPHABUZ2WPETGRYDB7VSMXA,2023-08-18,일반
AECPF7WFMUQ3TR7YTLSL72GHF36Q,2023-03-20,일반
AGL7ZQV5GFVZMHW7CKCENRGWN72Q,2023-05-29,일반
AGUHK5ZM4TY34VNG5TPPNM4XKBLQ,2023-05-18,VIP
AEYDG3MS53N2AXAG22CIKKLZ3H7A,2023-11-10,일반
AHCIMCXVSX6LO3HH7B7BP23VTPWA,2023-03-06,일반
AGQWWZTXBNKQCTJHEYL7R7U54SHQ,2023-01-13,일반
AEX4JSF5BMTK2X273FGK4OKW6SAA,2023-08-01,VIP
AHJHHQWQ25VCIQHG5XMZN5MRZFYA,2023-08-30,일반
AFCFHU6B5RH4YN6DNTLUMY3CILHQ,2023-08-01,일반
AGLNHKFYTWDPKIAIQTE4UPB5I7ZQ,2023-06-30,일반
AEZKRUEG7M7P4JGJEVHMWZ3MGFPA,2023-12-04,일반
AHXWYJUQTCQRTQG3XYEAAYI3EURA,2023-06-22,일반
AHYAIOJLTBNK23OEWQ2BELX3PVXA,2023-06-09,일반
AHPP7A2M3LU7BWBZVIWXBNIVAPNA,2023-06-13,일반
AG6FKYZZA7HPN54KNFM5EIKJNDSQ,2023-07-07,일반
AGZD3RPRHHX2DKW6TEB65JLH5S5A,2023-07-10,일반
AE5UEABJHMKBLTCBIQYEFKFG3LAQ,2023-11-04,VIP
AFCJPD4OYU6E3CQYH32MUOX26A5Q,2023-09-13,일반
AHOKPNT5H34CQXR52YBMVLR6GTZA,2023-07-02,일반
AGTM5FVKPGPRP7YEKY4F46BYLKAQ,2023-04-27,일반
AHMTIK5UNPKUXAZEYS6SXOQLQ3MQ,2023-10-09,일반
AF367Z63Q7PILESRPHP7QHMMT2QQ,2023-07-15,일반
AH55R53RN3UWSSDSNBGV6BCQL6NQ,2023-02-03,일반
AEYLB6L333GKGCRGR5N6NDB335TQ,2023-02-21,VIP
AEUZYVUGRR6URWHTEQR3NCGWN46A,2023-04-22,VIP
AHYWG4RZCXWYBUPMUCNYX76JWF4Q,2023-09-09,일반
AHKCYSBVKKLZ6TZEUYSMS7JK7O3A,2023-03-23,일반
AHOLDR6WNL5GVEDVEX7HEK7KGA2A,2023-08-20,일반
AEVCDJRYLA3LTJCNTFYX53MAHAGA,2023-08-15,일반
AHM52LICMSWL734Q5OL4BUM7YWLA,2023-08-21,일반
AHFK5JSZGYMOMOE36LRSR2HC3V3Q,2023-08-09,일반
AH7LW3BCJBLCZTMWBOFL33UGIRBQ,2023-02-11,VIP
AFSJYBGBY2U6KAAUR23KS3COL5SQ,2023-01-21,일반
AGCLLMGPNMO4IGCQ4253BICGDADQ,2023-02-11,VIP
AHHC3QIX44VPXBB4HHGJ2RNFV67Q,2023-04-23,일반
AGBJ6SKHL3RD37OYZ54U52DAIIPA,2023-04-15,일반
AHDPRYTLYXKEPSTVF2LRV5SQJIYQ,2023-07-11,일반
AEIQA6TZQ4Y2SMVJTGE27G4MGBXA,2023-01-17,일반
AHE7VTTWP3YUKXVDZDJP6NZUIHLQ,2023-04-30,일반
AFTS5BKDRY7Y23B27UVBE2V6TOHA,2023-05-09,일반
AHRIDJXYEBQS7MXFDZ7AAX3AACRQ,2023-05-10,일반
AEDHFXMKZMTSZUD6ZDT2EAIJBQUA,2023-03-01,VIP
AHBMWXLEXHMD3QWGJ4BY7XIDEDUQ,2023-02-17,일반
AGVSEPNAZEEDAMS3QS6KVA7XYXXA,2023-01-29,일반
AG2ITB7GSXUQM6CODSEUDY2P64DQ,2023-04-07,VIP
AG37JT3DBXZLS3HJHIAJZUA7A3LQ,2023-01-10,일반
AGYBSDZV56GWQP7LHLWIBBYLJF4Q,2023-08-30,일반
AHCJOEQEARI6IQ2XGJ6HTGQSRUXQ,2023-11-10,일반
AGBUKPO3CSYIJA4C4IO22UUEGBLQ,2023-08-20,일반
AG7EDX6NV5CSHGLF5QKGWTKGYRVA,2023-10-04,VIP
AFUXZLDQRZZW3OBIZHMMRKKIEC3Q,2023-10-11,일반
AFCSX2LUWQ3TNV2RUG7G7PGO4V3Q,2023-07-22,일반
AENFYL3PYY3GDTSKARQ3XBN5RGEQ,2023-09-04,일반
AED2V75UUU3LKRDYR6C7JKBSMOOQ,2023-10-17,일반
AHCDZR5MNGRRU7NSOZZCWA5ZIURQ,2023-09-21,일반
AGYPVBWZGS5N6B4LBSHETPVHMKUQ,2023-08-02,VIP
AE7WCE4G7TDHHYVS72L46F2VKMOQ,2023-07-19,일반
AHF4VUNETUB7FQORZINTQG2XOEQQ,2023-03-20,일반
AFIO5M6WIUKDYTE7PYCYGYW2Y5WA,2023-12-09,일반
AG3J4S2BFDNPWLWKFM4JZ5ZZGRDQ,2023-12-10,일반
AFGCSWFB6JCB7T57BVBCLPAXVEKA,2023-06-22,일반
AF3EF5QQOHLKBPEKFANXBCUG5NPA,2023-03-10,VIP
AFX6DXBXJZC4YETE5ZYXJJCE3PFQ,2023-03-28,일반
AGAHH7PWXC4ZX235QLJVVHU76USQ,2023-04-11,일반
AHZNSNBVKQR4OGJAQHE4DCDA4YHA,2023-01-08,일반
AFBW6COTZXGHQMWVDUOSXVUCCIHQ,2023-11-29,일반
AFFRU7QVLXG4LNG6JKQKJ23KBA2A,2023-07-19,일반
AF5E74KNXXYBJVMG7HUYXNRNYY3A,2023-03-28,일반
AF4F4SKVD2UU7ZBJFZNNBK7ORIGA,2023-02-12,일반
AF3IVRFFILSUOKAXKRZBFBDRF7MQ,2023-04-19,VIP
AF23WB7B2XKLYCA3KXEGKSBWYKOA,2023-06-01,일반
AHAJNAQDV3BHN5AYLY3LOWFJCS6A,2023-01-17,일반
AFICHFCZ5WJJOZ6HM67EQ2L3YYTA,2023-05-13,일반
AFRGLG5OYGNQX7XQRZUL75X3IRDA,2023-05-28,일반
AFA6Y4X6JXUJS7K3ALWAK3B33GZA,2023-10-04,VIP
AHMMGE7E7A4MRWPCBASIPVF3AI4A,2023-08-20,VIP
AH6MNV2WOAZU6TJAQ2HR5B7UHNDA,2023-11-10,일반
AECZ74YEI7GUHN27KFQKRVIEFCHA,2023-08-16,VIP
AGOPT5ISDG5GJG2LCY6HYOV6KUDA,2023-05-19,일반
AGWJ2WGTJWSGOVXK4FZTGLJO6LLA,2023-07-30,VIP
AGGXWYRLPMULBPR7OXPEV6SNOMIQ,2023-01-28,일반
AHBKNSJNHRF22KZYCFRN4CQJG3EA,2023-02-20,일반
AELCNLLIFS2RDDTYTLT4KXJRIG5A,2023-09-18,일반
AHHS23JALEPKBIT7NAIJDAW3U5NA,2023-09-18,VIP
AE4ECIOVJONHQF4A4G4GYNVQNPZQ,2023-12-16,일반
AHRWF3BGXKDJ4HR7NMPSC4BBMM6Q,2023-12-18,일반
AFJ7OTPT4MWWC3XXZCYYKIXEXFGA,2023-01-08,일반
AHU2SCYTK66DFVXSMANJZRT2LPKA,2023-11-16,일반
AHFDZC2Q6XYLTF2H645HIE2ABOTA,2023-05-18,일반
AG5KYNRJXLJG2YENX3MQR6FSYMNA,2023-02-07,VIP
AFUPCMP6RPBTIAKVTGCGKCKMDMLQ,2023-04-21,일반
AHPUB6PWTLZFJNEIZJFPKADKX6HQ,2023-08-08,VIP
AFXLD7CM6FII27LC6W7HHACGDEAQ,2023-12-03,일반
AFKM46JT4BN64WI6WKVJ5A4SS7RA,2023-08-11,일반
AG33SHKIV4KLY4PPGUGUNDNTIAMA,2023-05-16,일반
AEUOZUIXQQSUHC3EVYRKUXQS3IRA,2023-09-13,일반
AG2WVO7W7ODQCKIFZ4EEIQSC5Y7A,2023-12-26,일반
AFDCDOCRT7PK5OZCUBZJ3WGXQC5A,2023-11-25,일반
AGY5MU7BF5S7NZ7H6FDZC7BM7PAA,2023-02-18,일반
AHVGSKRUJAMOKHD3LI46BE322UDQ,2023-10-19,일반
AG4OAYEMGQAZIBMSV7SJPYDXICXA,2023-11-20,일반
AH22BJULNDXPJPJ5NZEBHQRAUS7A,2023-03-19,일반
AHF3ANMCWYYADVLTRUTKK43XXLPQ,2023-04-15,일반
AFH7NASUMH66QSOAFC3OEXCF5LNQ,2023-06-18,일반
AHXMSMSLFDG7IIBBIVO6DY5RPVCA,2023-08-05,일반
AHD6BOJBLAFIBLI2KIGGMNFRRCXQ,2023-04-29,일반
AE52UBBUK555IYRGTS5VX7PO44IA,2023-07-09,일반
AGYGPHX5U4GJVA3MHCWSGZIHBMFQ,2023-09-12,일반
AH3BI36C3I7GJFS5QMG2MKJEVQKQ,2023-09-23,일반
AFHKKUWCQRUBPCUAOMO5OJML5B5Q,2023-05-29,일반
AEUIUWBD6LGQOYOKWQBFV4IL2Z5Q,2023-06-13,일반
AENIY3OVB3WZJOVPBXQLMTGCJM2A,2023-05-20,일반
AG2V3QSA4MVD6RPA5UGUMYMH3PXQ,2023-12-13,일반
AGHIZULBQOJPXZ2EUBOVSCRTBI4A,2023-09-15,일반
AEFNEVSP4WMJVLBSRPH3YKKRSDWA,2023-09-26,일반
AFW6KM45ORMBEVYBQ4QMSGG2ODOQ,2023-06-30,일반
AGB2EEPBUR5MIG35HYFKQFWBDHNQ,2023-06-09,일반
AHXTIJOG7AQRG6AAFQC6P74S5WYQ,2023-12-17,일반
AHSOOVRJXP7QJTQUF6JLK3WGI3AQ,2023-10-15,일반
AHK2ZYSXEGSQYPDXT53GDNFSEWXA,2023-10-15,VIP
AH3PBQI6DTRU4WDPCYH47DK2JQ7Q,2023-08-14,VIP
AHO4SAT62OYFF6SLBDKX6EPDVPAA,2023-01-11,일반
AF7GOEYE5GJO744YPMKRF75AERWA,2023-01-10,일반
AF333KSWESUJI6F56KHX6T6PKBIA,2023-09-28,일반
AERMLOT7BN7ZXYSFU5IF3C6RJWFQ,2023-09-30,일반
AFWQG4DPBS3OFVH2BCUERQSOSEBQ,2023-07-02,일반
AFHSGIPKQQMN6CAZL6LCCBHOXJ7Q,2023-06-02,일반
AF3XSVAYCEHUJFKDS6H5ES4FYDFQ,2023-11-11,일반
AE3JIMEZHC22EA7YZAUQF7VOUIFQ,2023-11-30,일반
AEHZS2RWOOR6UFKXAYRXJMQMJ3MQ,2023-05-04,VIP
AFZAJPI7LJPDCOSMY6ASVRJOECMQ,2023-04-24,일반
AEY7NLLYHRUBHDIAFPM4O6PALCSQ,2023-10-05,VIP
AF3IH3T2BPU4MB3U34MNSKQRHJ4Q,2023-08-01,VIP
AF5IMXZIJ7WVPW4XMKAEJCJNGVFQ,2023-06-21,일반
AHHTWGSVW6ENNVUTEPAFHRLQJPFQ,2023-10-15,일반
AEIWPJPP35D2MB5KMUWLI4LTICBA,2023-06-23,일반
AEJHP62NHRVRCWIMXUODSZLSBNUA,2023-04-23,일반
AF3U4PQTRSBX3JB6NUI4Q652IE4Q,2023-05-02,일반
AEBM3UFSICAMJJ63YZUBAFR6DZHQ,2023-02-01,일반
AGVN2YMSW5XV3H7H2MLRNDINPITA,2023-08-10,일반
AGRZTDPR7I75A5V36SYCPXIXHI5Q,2023-04-29,일반
AGECH5TXOT3LNZSNATG3E7NFATBQ,2023-02-08,일반
AGSAHTWECW2CLZXM5NWAEUDBU6OQ,2023-09-25,일반
AF5ZRMB3EOZXTXOOBVEVJTGZ2XFA,2023-08-21,일반
AFO7LXSMPQDD7JG6I5QARG5I4N6A,2023-01-18,일반
AFWFOKIGSV22T2HT62VTTV6LUN3Q,2023-05-29,일반
AHF32Q6YAAQ7QNHEROCDCCWFUOPQ,2023-05-29,일반
AECXZYGASHXD24MRMRWAS4JAHENA,2023-05-06,일반
AF2GDZL7TSXL4TIODN72IU3MWGMQ,2023-10-29,일반
AFDOG7VEXVBQAS7QZY7S4S37GKAQ,2023-12-26,VIP
AFZUN3PXHMWKAANEXOL22647UYBQ,2023-08-26,일반
AGQQ5YMVO337YAMQZFRARULONQ5Q,2023-05-15,일반
AGW2NIO4JHGF3E4YYX74PSRCAKOQ,2023-05-31,일반
AGFAIQUG5PIPGUXTO6LP4TU2GSQA,2023-08-24,VIP
AFXRMHZQNO7PQW3EFY7KUMXVWMGQ,2023-08-12,일반
AE537L5FIMAIM2UYHZ3YQEUC7WJA,2023-07-22,일반
AF5VJGOWRIVRLRYH6OKAJ3GXAC3Q,2023-09-13,일반
AHS3PKPC7A23SHSLIDRZJZBFSCIA,2023-03-27,일반
AFOCVEQFZDYB3EGYKJAY6P2O7EMQ,2023-05-30,일반
AFJ4ZH2VBT7VFHQNRMCEX2L2LBUA,2023-08-23,일반
AFFPHN5H4FO3XR2OZ3O2WJU27FCQ,2023-12-11,VIP
AFYW2E6QX62PBJAJEIOE25GCKXOA,2023-01-22,일반
AHTRPDYOHYTPMP53RQDET3NIEOKA,2023-12-14,일반
AGIIYMV2W7KQZQA7G4IAJ2KT5U3A,2023-10-12,일반
AFC7G4ZMZALNTMXSNZOXFMWGXW7Q,2023-09-26,일반
AGRF7QVYGI7QVV6BKP6POB3OLT3Q,2023-09-15,VIP
AES2J44MJ3FMUE6NIAJTOUQCQIWA,2023-01-29,일반
AHQ7LIIQZN6O7YA3EYZ7SV2RIYFQ,2023-08-01,일반
AH63HFCY2DBQCGPIVKPHXNHTA7WA,2023-10-10,일반
AFYA4YKSMUOYCP7QOKA4UULLVOVQ,2023-02-19,VIP
AGBNZJLZPYRHG5ZBJ4XSL4ZIUUMQ,2023-04-05,일반
AFVC6JKNNPRKNPVSGTKTDVE6S7KA,2023-03-29,일반
AHYE26O7K6TJKC36JVCCCL27UJPA,2023-02-13,일반
AH6B3XKTUGRPKW7TPUVUY46L5WYQ,2023-10-05,일반
AEIOP36AQPGVLNNTDXHSUSVIRO3A,2023-06-20,VIP
AEU76NMTP5BLAI4YLE37G5UXRMMA,2023-07-08,일반
AEVEJZ2RUY6RZ6GY5EIRES4BOUNA,2023-12-19,일반
AF2CSU2H5EC6MVKB3PWJPY7EITYA,2023-07-03,일반
AHRQKUYYOLHECU4IUH6OSL7AYM2Q,2023-01-03,일반
AE2Z7NYPJLUYMZ3GNEMYZ5RDRM6A,2023-07-10,일반
AE2WCZU5RXVCKNUTUJ4HCDTLU6OA,2023-04-28,VIP
AESZ7VB66VS6APYVPSMUGOFI536A,2023-01-19,일반
AGD5KTBDTS26I2SB3B7LCYBR6U3A,2023-01-23,VIP
AFE2LQATN64EXU6NVTTEMV5XKDGA,2023-01-30,일반
AEJA3E7VLQFEQGJGJLV3KOZPXJMA,2023-10-22,일반
AEE6AOZ236TYFSCLGHGXIIG2SFUQ,2023-04-18,일반
AEZR42M5D6YTRJ732HWXBM5YEGKQ,2023-10-08,일반
AFCR3Q2LBT2KWRN42AOROJEDECNA,2023-05-08,VIP
AET435JGPEIORB35LT7EZ4ASDRRQ,2023-08-17,VIP
AENNEXWQZKHYRUEMUASXQG6O4GDQ,2023-04-21,일반
AHVEG7WUVHTOAT7YZ2Z6VNJCBYYA,2023-05-16,일반
AFX7Y424L7A2WXEKEFTRAATHZTGA,2023-12-28,일반
AGKVBPWUJ5SHPUHQCCYNHWBISW5A,2023-07-05,VIP
AEC2T4BCBJLQGM6767M73GQX6THA,2023-05-24,VIP
AEUUGGQ72VZ33Y4WLZKDODUA3XZA,2023-03-13,일반
AGGHAVSNZUQC5BOOK56TT6TQJSGA,2023-05-09,일반
AEZX46Y3IHTKWR3QYFI34XQKFJ6Q,2023-12-30,일반
AEZZ4FRTICGTE5ELNL2IAZYRH3QQ,2023-09-18,일반
AFXUMOU3PMUQEHSYTB7SBVYFN34Q,2023-01-03,일반
AFJBVZGNIZISS2EGIUZRHMIDD7AQ,2023-04-14,일반
AGLIJTPBLLORZ2E35K2DFO3V3FXQ,2023-08-12,일반
AF5JPNCVJVCR3EMLVNG3MERJYU3Q,2023-11-16,일반
AFZDR5KNLP6HTBN33LC3AZ472J5A,2023-12-28,VIP
AEKW5FURRS4HCH6MS7RL7FI2GC6A,2023-12-20,일반
AGKBXNKA52CUF4OZMIFDDTKVI6LA,2023-01-10,일반
AHILS5IGSFXF4SM2DAOB4LLULPHA,2023-10-29,일반
AE3XH7AL52IBMYH77L5KO4DGTCDA,2023-08-19,일반
AHZHIHTLOMIHI5DFCYLT2ZIBMUCA,2023-08-07,일반
AEFZB452E6G2IGBYI3RXU7C5QGTA,2023-03-07,일반
AE56M2JBQC5JI3MSRAM3VTYP36HA,2023-04-22,일반
AEEVA2YRT3OJQTU2U7EWDW7EKPPQ,2023-01-13,일반
AHDGC4HI43BOPM4AH4NOT4SJNL2Q,2023-03-27,일반
AHQLC5YA473NA4RJFGR33PYO5GGQ,2023-08-22,일반
AHRP5SYVMJGYNSHAWBCS6AKC5VEQ,2023-03-31,일반
AH3DPBR7M2QD4UAT3SOYSFP4WTAQ,2023-11-10,일반
AH7YF74D552LEEDO65OAPQU5EXYQ,2023-02-23,일반
AHGHZUAWSZHBYY7LU2UTO447DP3A,2023-01-12,일반
AEN5AYM227HQJ5KNJ6DH6T3TFFQA,2023-07-28,일반
AHWQK2QNBGWHI7PRLYLJLBEE5LVA,2023-01-14,일반
AFN6XC3BAISXNBNSU2JN3D3KLIRQ,2023-05-01,VIP
AEKRHF4LHGITVJ45B7H73OOEYNNQ,2023-01-20,일반
AFWUGSDFT6MHTAGQWD3KBFOSLXRA,2023-03-16,일반
AGWQCZIF4W7MPCFGEWBBYGVWS22Q,2023-08-31,일반
AFDZC4D7R4555BAGB45PI7V7DNEQ,2023-08-11,일반
AFDCKNT7PKHIXJGOE5KTS2T543DQ,2023-03-11,일반
AFVF7AJZSBE46XHJTIQKCTOWZIAA,2023-11-08,일반
AHWYTMSJ7KUHHJOOCNC6WQI6G25A,2023-07-30,일반
AE64VTXK4VOBPNSBG2EGZS62YF6Q,2023-04-11,VIP
AHV5XE2XBBMMQTGCBDR5QB54FJYA,2023-07-05,일반
AG77NL56ZZCL5IZXNPYYVIMOGNHA,2023-05-12,일반
AE5DHPL6NSPL4NZU5YM6P2U67ZSQ,2023-04-21,VIP
AFGLK3RB6EJGURQ7WAJ5OCSYZVZQ,2023-05-12,일반
AHCEM32SEYJBW2IHJIAF62AVK4VQ,2023-01-20,일반
AGUP3L3UQTAMC3O7ML4OKIQMZJGA,2023-01-24,일반
AGZWO6D4BGO7B4PZ57VBFVKYARIQ,2023-08-15,일반
AGZTEQUP744MNZ7EOTLOHQSA6CWA,2023-06-03,일반
AFTKUCFRMCTXZQTTCJZLOSNFVTDQ,2023-10-20,일반
AFUVA7UIKBWGLYUMDJ5AUS64V2QA,2023-08-18,일반
AGNJW4JB3SQZZEVJCOR6EXOTNMOQ,2023-11-06,일반
AFTBDE5KEINLXCQI2KBACSU4VO6Q,2023-12-25,VIP
AHG766GX32WE357IIFA2PJWO7XRA,2023-07-21,일반
AG6TL6KXOCB6HW6QITVEZ3NFPYFA,2023-02-07,일반
AEHKGBC4LAMAC3AUCAWLJKKHRTAA,2023-09-17,VIP
AHB6B3AB5OU3ITBYOSU2YSPVJ7RQ,2023-07-07,일반
AF7JC6AKO652RERHTNJ4NFM6NN4A,2023-02-26,일반
AHOQPLT222WN4LQV55XMUEZY6MAA,2023-01-20,일반
AFNKDB2UZ7JPX7N53QPPTXBDCJXQ,2023-09-30,일반
AFHKQPCPHXZP3ZYZE5AN7VSCVDRQ,2023-04-29,일반
AGXQ7FB3Q276VMKWFLEWL3T23SLQ,2023-03-12,일반
AGLMYJKO4AKOSRJGJSMVBCDD2X5A,2023-01-04,VIP
AETHGZYL2OPKWCDKUT5CWOO6ANMA,2023-08-09,VIP
AEG4RN3E6SIUFNUSICKYE5VPJMMQ,2023-01-14,VIP
AFIPC6U53NW33X7IKK7KRDEA2TCQ,2023-01-03,VIP
AG64E4GTHGCK5JAQJBFV3GPWYWOQ,2023-08-04,일반
AFAKLGJPBTX3EWCXJWB6TF4LJOXQ,2023-08-17,일반
AHR5LL4YACXI5EFTGVBU56XUEG3Q,2023-12-02,VIP
AEWZWQVWEH3665BOU2QPVBRLTTSQ,2023-07-05,일반
AG4K2GZXDJUJR73746BVI5ZCXXAA,2023-02-24,VIP
AHRRE5O2H4IOLL6MP6GQDG5WA7CA,2023-09-11,일반
AHXDIZAFO4I6IXLPNGBHUSK7UZBQ,2023-01-24,일반
AHTLGCL5SZOQA3Z7FN2JPUWU2FAA,2023-06-11,일반
AGWT3N6VGOTZTXX4EK53LSAV4JDQ,2023-06-07,VIP
AFSRFIJ7SMY5WDUSEHB4FW3ZJHBQ,2023-03-23,일반
AEEK7DYZXOHAWSCKMMKJYMOMDS5Q,2023-06-08,일반
AHW36WCBK4L6CVEGYNZELYFAN66Q,2023-07-07,일반
AFBU23LMK34PMRYBIIPLRVFPP6WQ,2023-03-01,일반
AF25RSBVLDMIXQZLIJSBVHHU7HJQ,2023-11-01,일반
AE2H52BMLK7G66D6ALAYEQHW37PQ,2023-11-15,일반
AGSMYUPKP2KNRQPZ2URY75DV7OYQ,2023-07-30,일반
AFUDD2HQICGHV2X6MXURZJ3FFKTQ,2023-06-01,일반
AHFWTVQF2PV2OSERO2BHZXE6OKFA,2023-04-19,일반
AGH7ZYNYWARUASLXNJWFVBMBQ27Q,2023-03-17,일반
AG5CZPAP4OJQAWDOFWDX5DEQ23JQ,2023-01-30,일반
AHEWCJSLDVOE5SZ7AB4VZ7GWOSCA,2023-11-10,일반
AFMCJ44W4DCNOIZZWGHT4II3EYZA,2023-04-27,VIP
AFYNVZTVIP3DSF3J5C2NCUYYSHBA,2023-12-22,일반
AHUW3CZFOWPFLM3DYDHP3N4HXD7A,2023-07-11,일반
AGPLH6XWDVSULDCZOFJRM6XNTNXQ,2023-01-19,일반
AGJA524SLTMC75HT355BYHZ4SYZQ,2023-06-22,일반
AHKBD2IJWFB65Y2C2W4J2VOMZQ6Q,2023-08-16,일반
AGKPXBE2NL6FYBQESVEHL3RA6X5A,2023-12-16,일반
AFKTDJKT5X5JYXWOH5SMI7ZBB42A,2023-07-02,일반
AFN6SNPXWBPQF3LKVCMEV42Z66EA,2023-04-23,일반
AHBOEAQIX4ZVKW7XTBDVCH3CWVSA,2023-07-02,일반
AFWQEIDPK36M5BVEIU5MXV4HEMEQ,2023-05-26,일반
AGY4ILCL5CCENO25T2FOKOESHJTQ,2023-11-15,일반
AH32DGGWA7EAENDTHYGGGHBVNQPQ,2023-04-26,일반
AFNU4IC55QLKRUH3HO4F5Q3IFMMA,2023-04-23,일반
AGOUFAD56YMVQOAFUWLW3XFVWX4Q,2023-09-08,VIP
AFSM54B2B2VV367PWSU7PU6PE4HA,2023-09-08,일반
AGFXR3KSCZMQCGC4PF6KV4YYBI5A,2023-10-30,일반
AF7767UQSOLO562YELBYVK7LKB4Q,2023-11-09,일반
AE3DUU4DR7FZFATXB6EAXVQ2XXHA,2023-04-28,VIP
AFBPBZLHAOY5FLNKXSMY7R5NGW4A,2023-10-28,일반
AGRIGBJGBMM4HDFVZRSR6KNFCZQA,2023-06-10,일반
AFL2RLMNGDTJED222FJJLDX6BN2Q,2023-07-17,일반
AGO2GZLUYPY2PUV7F5YM244ODJ7A,2023-09-17,VIP
AGZT23MB5BA7JK74E4NOOJEWQVAQ,2023-05-28,VIP
AEEK7J244RB5UK7OFFLH5QHEQ3RQ,2023-08-28,VIP
AGHSNUIUGMFHBLKEXG7CRIF5DC3A,2023-02-16,일반
AEPBNLNECBWYCIHCV4MUJDT5WCBA,2023-07-17,일반
AH3HLGFYASB5KSFZRSQVOQF5BKKA,2023-02-16,일반
AGTPV3RAU44JP5BCX4LCQJD4WVLQ,2023-03-19,일반
AEZZW5Z3LUJUY5RPYIDDTT64QVQA,2023-05-04,VIP
AHBEND2UUAP6UNJZVH72H7FKZSMA,2023-03-16,일반
AHLQIXPRTNN5L6C3CBOUFKA5BJ6Q,2023-12-25,일반
AFJVOXOQOKVDW2MJ24CT2NJD6Q7Q,2023-05-17,일반
AELCTVZ7X3OEG62M4JR2TL2VCHDQ,2023-03-31,일반
AFPMBWVYFY6T7W3RZXDGZUPYNKPA,2023-11-21,일반
AG5QSBZVK2PROVFXY6NCIIPZCBMQ,2023-03-02,일반
AGIZ3WNZX67YKD4PT46PBZS2V3QQ,2023-05-18,일반
AEZRQDYOBPGOJXGYBF76TP4PVIUQ,2023-02-19,일반
AEE5XXQWRVZSVDNYTBDR3BY4PHAA,2023-09-16,일반
AHBJI32NFYYFJRSI2NZ3RGNYYNLA,2023-04-17,일반
AF2H7SUW3MQY6BK7UCPQQIEGRMTQ,2023-04-23,일반
AHOI4MSGDEZLYUHGIGUGTGYJKDXQ,2023-12-16,일반
AGVPR6MD63A3AKMWVSTGLXNYTXQQ,2023-09-11,일반
AFOIHDXLNQ6URAZKGT3UND7PPAQQ,2023-04-28,일반
AGQJUVEAZQS64J4PFY7EENAHF2QA,2023-07-17,일반
AEZH7UN4SKV7VKJ3NYH7D7CBHA4A,2023-12-03,일반
AEEMDECLMB6ZOYW4MZDRUTMPNDMQ,2023-12-31,VIP
AGCDPH7XJBZZ6ALNCA6XYKP3BZIA,2023-02-20,VIP
AEZHGBDTPEAIDEC4HF753JL7NDNQ,2023-09-02,VIP
AFNGYI4A433E2ZEIJ4PTRXTOFSCQ,2023-02-04,일반
AGGWFNVDN6N7RMXJH3DXEDO63ANQ,2023-10-29,VIP
AEF27BA6AC4XT2HSGW57TG3YS2HA,2023-03-10,VIP
AF5WOBBT3ODEBTFUCW72L3P57TLQ,2023-12-15,VIP
AFWOX5BA5QS5TCVTNV3EHQXOSCLQ,2023-11-16,일반
AGGM4C652EG6WSDEOWBQCR7UXG7Q,2023-02-18,일반
AFZ3S6RJS6RVOXVK5OAIT4AX76UA,2023-03-15,VIP
AFRUXOMHPM4OTISKC4VE3PM45DTQ,2023-07-11,일반
AFGX776XSUUA2LIYKLHSXN3PHOXA,2023-09-18,일반
AF6XZI4LVIVFP2UTPNVFYGF7JPQQ,2023-12-22,VIP
AGYX7IY6ZHCU2J6DXRW5SN6LGEVA,2023-03-11,일반
AHA3ODJCWS52ZKJYWV2UBFR3AVBA,2023-03-31,일반
AGQVEI5FN545VZMNGYRR752JCSUA,2023-09-17,일반
AHMJA6VNTL3MQGWVBYXNUI26DTLQ,2023-05-06,VIP
AH4OTB7KAP7IRL7PQDKLY5C4M7YA,2023-08-19,일반
AFIWQPGVVMPXHXEOCBSOG7COXDDQ,2023-10-22,일반
AHAVKIJW3GZCEMG6GGBR2KY7SJBA,2023-05-09,일반
AE42NSELZZ36ILVUWVDCPYWS3HDQ,2023-10-07,일반
AERT4TSCBIG3ZL2UH52LZBPXJCLA,2023-11-09,일반
AGC3K2VMDCOKRMMB2TRB3JZU4HAA,2023-04-10,VIP
AFF3MID2VKCRG3UPIGY4OPDLKNBQ,2023-11-22,VIP
AGYZOVT6JVQNGFJ2WL62EMZ2Q6XQ,2023-10-24,일반
AGM2GCYQPQRIRJYCQBKBUOCD6VJA,2023-07-01,일반
AHKM6B5F2SLXBFKIBHFHGBXNF4HA,2023-06-23,일반
AHJTLVVBATTLS7X3LPKL2MVJM6VQ,2023-11-12,일반
AF6TX2WLPW4DJJZ4DDZMEXKMVHPA,2023-12-30,일반
AGDLLU2SF3BJPMEHUPCBCSHW7YOQ,2023-07-07,VIP
AGY3ZSD5TYCTKJVVU2CUU2QS7XXQ,2023-02-26,VIP
AHV25QIEQTDUMOJKQQ77WG7X3TAA,2023-01-31,일반
AG6ISZK2C6E2PVIUWTIBAMHO4KQQ,2023-03-25,일반
AHG3XDBDEPOZ2PQAIQ7HUSSRMANA,2023-06-01,일반
AFSJ552FEBIZBYEP7AKKXOTOGO7A,2023-02-05,일반
AHUKIXVRPVVYYRQOUGWBDYO7RFDQ,2023-08-01,일반
AGGFXEMEWUIDSSL7KN6EJW42DQ2A,2023-12-30,VIP
AGFUEPQZZPYTSQIL7UBTDIJYUGWA,2023-04-16,VIP
AE4JBCKONTM2LRZA546FASO3KV7Q,2023-12-08,일반
AHQXFZDEXSIE427UGMKSKWNFS6GA,2023-08-08,VIP
AEJM5FOA2D5WGIYCT5VSKHMSL2YA,2023-06-12,일반
AGQXKHGGT3Y6QOCEULP2LJ44Y3PA,2023-08-08,일반
AHJLV2V57MWQV4UA37TJ2ORGQLJQ,2023-09-27,일반
AFBLFBJHOW7CQX62SQP7S3QJCFVA,2023-04-30,일반
AHRPOOH37D4FX5UHQEWKJ5RL4DVA,2023-12-02,VIP
AGYYGL7JDT7YHKFH7HKAQH5DPBFQ,2023-07-01,일반
AGB77J7O6BH5OYGIU5PPZNLCB64A,2023-04-16,일반
AFUPOIQZH7NDPJN6S2SA7FUJUC5Q,2023-08-05,일반
AHIUAO5XZ6A6KCCQVX7IX2DWQSAQ,2023-07-24,일반
AGPM77A4UXCNYQ6QY527N3FQGXCA,2023-03-11,일반
AGTXMLVIUZKUII7RXIDLLIN4TLZA,2023-02-13,일반
AEYESC4XEIJ23NANPR3BK2GGXS2A,2023-11-25,일반
AH5ZM42ZT35ZFEILY444IJR5KRXQ,2023-10-28,일반
AHHUUUD4XBXYHTWDGSEQGER6S5ZA,2023-08-16,일반
AGEJRNVD42CVJLY6QQULGJVX6J6Q,2023-07-03,일반
AHYCGGRP7XQVIYP6NRVZI6A7FH2A,2023-04-17,일반
AFMG67GYJL44TDSFMSA2OFXMGTQA,2023-03-25,일반
AH72QVCCGUXFHEAFLJB2IHSIDGWA,2023-12-04,VIP
AHWAEDGCATZFN3QCEBZVXCLIRDTA,2023-09-07,일반
AHSYI7EUDN2RNS2IPMGAS5MKLXPQ,2023-12-29,일반
AHHLJNBYVOGQSFG2Q4UMMRU3V3UA,2023-01-21,일반
AFC7PJA3XS6MHXYAUF3JZDHDUZWQ,2023-07-15,일반
AFL6U5G4P2KLLZU4HCOXES7ME2CQ,2023-06-27,일반
AFSSRLUEWTKDHYSAS36MDQQPYTKA,2023-01-07,일반
AG5UBF32OIHPW42GLXLBS4QOKKVA,2023-03-11,일반
AHLGMGTL6FSAFU2INPKH5ISUODTQ,2023-05-07,일반
AFL2ZLTGQ64RMXKWRI7QSA3457GQ,2023-06-09,일반
AFZECWTOM2GUH3T67XW26DXUIJNA,2023-09-05,일반
AEIEKF6EFHH26R4DTUACQKMPJXDQ,2023-07-22,일반
AEFLPPQ4RG2KHSAOJF53X2CIPTEA,2023-05-28,일반
AGFTSZE2FTF4SUTZC7ONQ4JZDRJQ,2023-05-23,일반
AE5SY7U46GVLNQWM3GYOBMBKCVQQ,2023-07-18,일반
AGAOZJQ4WQAODOWE4K6CSPUDNG4A,2023-06-03,일반
AHTX2BOQMMX45RTHRTRK2E6PASUQ,2023-05-22,일반
AFC5XSGIOQBZNVIN5UVP7IOUXFSA,2023-11-09,일반
AHCY2NLFROLZAQ3YQAKVF3DMHB7Q,2023-06-14,일반
AHH7ZBKQ6VW722YSK6JZANJAO7VA,2023-11-10,VIP
AE6TWJIXPTWPLBA6HQBQSCSHMXVA,2023-01-21,일반
AG2KRPXT2HVJMBECVLAOTO7CNI6A,2023-03-23,일반
AFDUBGK37QSYU5TRFFFN2GO2ZIIQ,2023-03-10,일반
AEGFQO2LSWCXXPUILBB4B4GDIOWQ,2023-05-11,일반
AF7NUBGRCKGFYSLOEUO4Y2UC4QZA,2023-03-28,일반
AEYKETLWPT5Z6X2DVORJ76G2E23Q,2023-08-06,일반
AHH26HAPTOI5Z52DFLNYU5TOLWCQ,2023-11-01,일반
AFIPAA4KT36MSZTCVAITRIUVJCNQ,2023-12-11,일반
AEYXCHSBU6NC4ZKH4OOFYZZTQJFA,2023-12-07,일반
AG4CH37VZG5JRJCAEYYGYTFH5UWQ,2023-06-10,일반
AGGCXXWA7CJVTHA22YE7PTNWQ7NQ,2023-06-27,일반
AFNQO7B5IZKARACZBIO74VFTU6EA,2023-04-27,일반
AH3ABVXQTD6ZA64V6NTEJL66RV7A,2023-07-15,일반
AFKY3NTT4T35K67VJ2RIO76YDK2Q,2023-11-23,일반
AHR4WZ6M4WXGQP65Z6SSP4LBJJ7A,2023-03-27,일반
AFWCLXKTHZPXBGFUEZSMLNWHGHNQ,2023-10-16,일반
AGEWKSFDTAPPBDWREYVDDGF54ZLA,2023-03-22,VIP
AGTWAL33XMDTWFE7KCCBAPV4HHEA,2023-06-01,일반
AELBVPKFN3ACEWFOHW6PO7WU6HSA,2023-03-02,일반
AEZYTNF5ZWY4QEOAAJBW4HLB2U6Q,2023-03-02,VIP
AEN3AIBIBGI7VSC6DSJBWDF2CHKA,2023-12-20,일반
AHTHIO4VEWZ6SO3MIQKNNZMDUJGA,2023-01-28,일반
AFEMYJODFSKRPR4XTYKCPXMCO4YA,2023-02-12,VIP
AH7PGDCSET6C5NOBBY2TLG2GX3IA,2023-06-18,일반
AEU243XCV5FGTBUI3KKCC5BGXH6Q,2023-03-27,일반
AFIQV62SLZITCC4FDVBUSBXBBIEA,2023-06-26,일반
AEHSXJA4C4V3JQWZMSE6FTILXNXQ,2023-01-17,일반
AEOODTBGBG2EUG3TEFGVON7V5NLA,2023-04-08,일반
AGMO4AMM5IA4MMUHGAXVMUHY37LQ,2023-07-17,일반
AHUIRRUDX4AQRQM4N7WNVLAJLSPQ,2023-04-08,VIP
AFQUZXA3JPEY4SN7Y772C3Q55IWA,2023-03-06,VIP
AGUHIAX34GIKOODYIJPF3WLC7D4Q,2023-11-26,VIP
AFU2GGLEYBWH47VH3HVIR3352MPA,2023-12-07,VIP
AFHP4M777XP7BFZDMZBUR755IQWQ,2023-01-05,VIP
AEUXG6K2NIXVHWICO5AUEZ5TZX2A,2023-01-02,일반
AHWNDRVWM3DJTAWT2AXHUU2QMVMA,2023-01-22,일반
AGPCRJBUW6U66EYH5WARIXLIWLVQ,2023-04-22,일반
AFK6EVINI6JZPXK6CRXGD6G7V6VQ,2023-02-26,VIP
AG4KZO4DB3TYVVMBWPWMMJGD4ZYQ,2023-03-07,일반
AHE6VSQN5XCADFDWC3TZMMWKYADQ,2023-11-26,일반
AHRNAZGI4ZD7G633XI64QAT6F3WA,2023-04-08,일반
AHUX4GCB3OYN52TETLMI7OO4JJGQ,2023-05-24,일반
AET2XG6WT3TJSTOJRZ5UFC5TYYHQ,2023-05-05,일반
AEOIVRQ4ELTA76SML2EVSFT4UM6A,2023-06-16,일반
AHEXJOGQ4ZOV6QSW3IHMLRYGFMQA,2023-03-27,일반
AEWG5SV4CCM5NUDRMA22BMJDGZVA,2023-03-17,일반
AHN6E6FWRU4KL6CALQVHR3IUMIAQ,2023-12-10,일반
AGHGAMWSDB7XXN3GEC4YFDG47CJQ,2023-10-21,일반
AGMDO4P3J3J6EV3C7KL5LNIZ3OMA,2023-02-28,일반
AEJVKFNPY3U6JF4OWLCJ2XMZNFWQ,2023-05-18,일반
AGSVPPCUSENUIYUPBIHKEYIG2NCQ,2023-04-09,일반
AF7HMPO2QTCXQ3LHWO4WXXWVH63A,2023-07-11,VIP
AFF3B5BNL52NXU2E3X5MOBNVGKGA,2023-08-31,일반
AFX7BRLKONY7SL2HZRE7RXKZRPHA,2023-11-15,일반
AHROIYVXUABAGL5GUFHMEZK3WQQA,2023-02-18,일반
AF4VIP5F264O5O2GKFZICPZ52E7Q,2023-02-01,일반
AH5ZOJA5RWLFQL3XE3GPOEXYDENQ,2023-10-04,VIP
AHM5SJCQQWFMCWZ5776MEZGW5VWQ,2023-01-20,일반
AE7NBFOB3OSILKUH2JW5D2E26VFA,2023-06-03,일반
AG3DYTM7NUZADEFMPATX4TTIKH6A,2023-03-09,일반
AFGEXNVVJZMM7UZDPN6EBCUWSQNQ,2023-08-02,VIP
AFZZGR3USTVT3SLKK2EJHBPJI7XA,2023-05-23,일반
AEJSMM2J65DGILOOHC24C74VWPBA,2023-08-20,일반
AFC4X5UHL2LN4PBS2TWOMIZ2GHAQ,2023-08-01,일반
AEO5TWJ7OMCWVSYFCFNFE7IPHZYQ,2023-03-20,VIP
AH4V7BEA2Q4XN6RTECG52HJ2HQEQ,2023-08-02,일반
AEQ567MMOMWFLO5Z2P4L54R4M3MA,2023-04-26,일반
AF3VFLFIMQBQ33R3XIVUEAEERSHA,2023-04-02,일반
AHQQTNBM4SFZLLOLXJXA7N42YTTA,2023-09-27,일반
AHOF7ZRAY3XJT452UT7VOSM3FSXA,2023-06-17,일반
AHZWXUWE3RGLDH4JJUK3HT3VMBJA,2023-02-27,일반
AFWUWJMEO4IQEMHKMUXYUILK47LQ,2023-10-11,일반
AHESBMCCD2JGQWVMDSW2G6QVJS7Q,2023-01-26,VIP
AGJ2JB67X6WE4WZMZH4NWXHEGP4A,2023-03-07,일반
AEH5FAS6HXOZKYQOUM2YV5KKCNHQ,2023-09-05,일반
AGZYICOVCDNGVWXHJCDF63UTU7FA,2023-09-11,일반
AFIAREIU3BQVJUNZTYKC5I4TTN7A,2023-02-13,일반
AGVOPDVJX5H5BXDGMWPRSWAJSJAQ,2023-04-07,VIP
AEXCQMYUSJFK3Z4POJQTN7YOHRVQ,2023-02-11,일반
AHETGN27YLTEFPHLK2EM3JEE7JJQ,2023-08-15,일반
AE2NBVHMJEM7COMHX2XJ4UPZ7D7Q,2023-09-19,VIP
AFSIUC3ZDSMMALO7LFNQ46WZMU3A,2023-06-16,일반
AHAO6YBR3EDW2EMTABK3HCGJ6LDA,2023-10-06,VIP
AFHUNQB64BPF4MYZRRLEYY3KW4JA,2023-03-30,일반
AE4VZLYVX3UP3NDMCIFWLLDGVO2A,2023-06-27,VIP
AHNKMCRLNHO3LUTYPZ5C4WBK5JYA,2023-07-16,일반
AFUWV4HNHDWYGFGEHEMCKPR7HPBA,2023-11-03,일반
AH2QS2327TLYTXS5YHXNAS7X7URQ,2023-09-24,VIP
AHWO6S34K43AUMEEVHEVFHHPOVQQ,2023-09-25,일반
AHRPIB6BCK5TKG2R5DH5H3AMRIHA,2023-03-15,일반
AEAYBCVEBO7ZZ4SXPQUEWWYXO7IQ,2023-01-08,일반
AGE6KNDSGW2KYR7DTGGTFWVWTGGQ,2023-10-24,VIP
AFRRGE2IZFVEUFIY6PUKMSGSMZ5Q,2023-06-13,일반
AG5WZLHPQHKNWCKK3EZQG73THRGA,2023-03-26,VIP
AEQRBL6PVEWH7MEXRN2ZI6FDU54A,2023-03-13,일반
AH365TQ2EE2HZM2YUGEBUUA3CBVA,2023-02-24,일반
AEIRPCB2GKJMM2D42JI56EZHN2PQ,2023-02-16,VIP
AEOPPOFRNOWYNA3NCZ7FXRRILVBQ,2023-08-26,일반
AFGBMMBD6NTVHNHMZSTDYVKFE2SA,2023-04-14,일반
AHTJ4RNDSCXMGFI5GTVYAQNM6DKA,2023-07-29,일반
AGOJBMYF6L6P3HQ4W5N46QQIAPUQ,2023-02-11,일반
AFKWNS6UYCGBMT6TITLEW7DRFR4A,2023-11-12,일반
AG3EJCPDMWMFHVD75JLK6447GEYQ,2023-09-25,VIP
AG6U76PUTURMNUURSZUAARGW4JGQ,2023-09-20,일반
AFUPVR34RLXDQ4KH53C63MQSFISQ,2023-12-02,일반
AH6TCUCBZUAI6HVVV3CRMHOYA7EQ,2023-12-31,일반
AHDLB7WWZVSRDGIQWDPGPKV6MUZA,2023-09-16,일반
AGPTBPJMGFIJOZ7TDQYIDTKYELCQ,2023-10-10,일반
AGWOADYNA3ENWC5E2ZTCG44PPUVQ,2023-04-24,VIP
AE4VHTKSWGIZRK2VBPA5W4BVVW6Q,2023-12-29,일반
AEGEOVAES62OFGQTSPSDSQ5U7SHA,2023-02-09,일반
AGMBYTP5MS3JCQZ2NHRA3L2FTC6A,2023-08-08,일반
AFPYH3UF3GB4RNX3MX46AXFM2FTQ,2023-05-09,일반
AGWEQHJSUA4YCG44RKCCKPFNHNYQ,2023-01-08,VIP
AER7URKAHGBZZUO54FO5YIX3BOJA,2023-04-11,일반
AEPCLRI6TOAXADIFPVP6BVUV6ZYA,2023-06-25,일반
AHMJGVHC6Z2PFDPRVL3FFO6HVWEQ,2023-04-17,일반
AHV4FNKMIPRVWQREJHBT3T7KQH3Q,2023-04-11,일반
AHHJWO56X2DQATPTWFHER2LAVAGQ,2023-09-17,일반
AGXRHQVYZUCT2IESEBL3JYAJ7ZNA,2023-09-03,일반
AF33ARIIERSZ4KGYWLBGIJO3PUQA,2023-10-02,VIP
AGYPPUPGC6R6YHQ34BXG47EF27SQ,2023-02-01,VIP
AGJETGMWID7POEU5LDGFS4RPXSAQ,2023-05-17,일반
AGRA45O5QGXARH6WCZBOIHOCESJA,2023-01-12,일반
AHJCD4A5IUH54M6QRKEW4LUHVJ2A,2023-10-29,일반
AHUDJY4VCIHRMXKXIYZEDXGGXGZA,2023-01-16,VIP
AGXYMK52TU4YHFTS64FNCTDPJENQ,2023-05-09,VIP
AGJBNYIE4GPKFMI52C33ZNTMSVAA,2023-03-04,일반
AFE2254KL46HW7HEMQMQAGTC2LUA,2023-04-19,일반
AFQ7AUYJOIE2HH63KIUQK45ENQ2A,2023-01-21,일반
AHT7TTZ5JOTUL7CYSG5BBVPKD37A,2023-06-07,일반
AFB2AKARKRKHAB2PUCALX2GXOM3A,2023-09-26,일반
AHYXJP46LXOTLZ5FXX53OWHFNWXA,2023-06-11,일반
AGJH265WIJJRU5CH6R2T3KPDUHUA,2023-09-17,일반
AGURQUXEVAYTPSF26X64GZTYMTVA,2023-04-12,일반
AEDNDNSMKKRKDTTX67VVJMEQEPPA,2023-08-11,일반
AGCUQVPEVBIWQQBLSEKK2LSICLPA,2023-02-28,일반
AE3FZBDL2DKG5S23STYXDBEFCLFQ,2023-09-04,일반
AHSDXCJVYDH2MU3PQR7TRI5TA4LA,2023-05-08,일반
AETU3IBTWBZE4PUKESCCMCBU7FLA,2023-10-10,일반
AEI2GKBIJPYIB7KUV7EKAFN5P4IA,2023-11-21,일반
AGC2IANVZWHPGJS6KPCVASYQ5N2A,2023-01-25,일반
AEJSFU2MHQAGBDP2LWKW2KDEJHBQ,2023-05-11,일반
AFHCBV4DAEF7UL3EHVLA2VQ7R3OA,2023-12-19,일반
AERBFUQ2XX22U7LPZTRG6A2HUTAA,2023-07-15,일반
AFJJ6ZOQE2X5M5FZHRUGNGHXPS7A,2023-10-08,일반
AEHH6FPWXY4NFI63UAHKFRAGWICQ,2023-06-03,일반
AEITDY3ZQ4YK4EAX6QNI43CLAKPA,2023-05-13,일반
AETBZL6TIGY24P3Y6WNN2BNIZIDA,2023-08-15,일반
AEM5NWHHVCMHY2LZH5CHNDXON3SQ,2023-07-08,일반
AGNOLV6ZQ6SYXOYLHBC4ORHEDL4A,2023-09-22,일반
AH5GPY4UE5MUMN6G5NV2BXMUUUZA,2023-05-14,일반
AGGCSIEZNAMED5ULILRMUMIZZ4QQ,2023-07-30,일반
AFN6SDYZHCOQKXW2WE4MBM3SUQ2Q,2023-03-01,일반
AGD6N3XPM2FBWJ5RWHLC5UDE55YA,2023-12-30,일반
AEMI7K7IYACRHQ4ULRGRW6JA23PA,2023-12-30,VIP
AHBB6UBYHJ5FH2BUFQ2BCXHWQFJQ,2023-08-01,일반
AE4S7RU4C77FN2E57NMJIFAMH7RQ,2023-08-04,일반
AHAUWOVUAQX7D73DVER7HM3WKQZQ,2023-08-14,일반
AFVUKW5J3PRPHQ5ZIFK275YXQOPQ,2023-05-11,VIP
AFXAQKHWVGXPXQ34RWZX3QER6MFA,2023-03-17,일반
AF3Q3H3ST2EQI2CBI5V2AZFGETRQ,2023-10-13,일반
AGI6BX5V7Y2QSCVLAAHXBHEHQ7VQ,2023-10-04,VIP
AHVWARXU523WDIQTATHFC5NICFFA,2023-06-05,일반
AFAYH4FG2MUZTFGDVONVIOV4W3KQ,2023-09-05,VIP
AFXA26HZQUFUW7XEXH5GMEEZSPMQ,2023-08-06,VIP
AHFDNDR53QEPY535GSA7C7ZDQ5DA,2023-07-09,일반
AGXTHFOTWKYIA6ES5PVGEF2IHWFA,2023-06-12,일반
AHCSJSWJF6TFP3YDLCRVCNWPZFTA,2023-06-29,일반
AELOYAHMYOGED3PPIMLJIHD7DHGQ,2023-02-03,일반
AGNX3V74DONZBBVE2CYREKRCKAQA,2023-02-10,일반
AEG6YPCCZCXOX53TAJ7RCARHGZ3Q,2023-11-03,일반
AEAX7BRPDS3NSYCZQBQDL5DGZDVA,2023-12-04,일반
AFI76LT4UP2L3SFJMDMH2C5SM6RQ,2023-11-10,일반
AFK4TVL4GOKGSKXKVD4ROM3NWE3Q,2023-03-16,일반
AFNAPG6Q3WJAMY4MYDEV2W7JSPLQ,2023-10-06,일반
AF645AUHJGIUD7JY2VHG5TBNYNQQ,2023-06-25,일반
AHZZFBL24XXVLW6H44MOB6LBHH5A,2023-05-30,일반
AEV5AKL64UCEJJJCSVVBLHHWU7SQ,2023-09-30,일반
AHCDJWUO4YVS63AGSZWF2QHS7QPA,2023-11-21,일반
AGGDISUCB6COXRY7SCEYULDTYJSA,2023-04-18,일반
AETIHYK5L5TW5NKHBPOWXAKS4MBQ,2023-05-19,VIP
AH77PFYHLOMFUSAQTGZKB3Y3GLRQ,2023-12-16,일반
AFNMA3FQAONYMREOFLNYF2RV4AOA,2023-09-28,일반
AHAYDWCGM4QNXWBCRC5LADVNADTQ,2023-12-13,일반
AFQFYAWOQX6T6PE5UVBUEFNBZC5Q,2023-10-16,일반
AHCXVEDVUKHZFJY5GZOVEXXZ5FBQ,2023-07-31,일반
AEPAT7E6LUSVYZ6BFUYULMMKN6HQ,2023-09-29,일반
AE7Y6RN5W7UID7VMJJWVAIT55JAQ,2023-03-07,일반
AECBZRZ5INBTHZJJIGSQJNEEEUYA,2023-09-05,VIP
AHON2KL4HI3A5EPJ4TZU2MQF5ACA,2023-06-05,일반
AF4AWOIIGQUD4IZ6QNWXVHL6OKTQ,2023-02-16,일반
AHGZNSZ5ECVXE3L5RCORYAQXCDAA,2023-07-20,VIP
AGXKMOT2VJHSKVF2RGDS3WHGFBCA,2023-05-28,일반
AHACIJNM7YURLENNI7T2GIOMOQZA,2023-05-04,일반
AE3KVLQI3N4354HVJ5YAIHRJFQSQ,2023-01-01,일반
AFWFAON3AFS63R4TZJ2DPHHB7KMQ,2023-09-04,일반
AFZ4LNRNW2PKH2TMZM6QH2KJNQCQ,2023-12-09,일반
AGQ3YJHNFI6CFAOTHMHNA3BEH4AQ,2023-05-08,일반
AGIGNUSWYO2OQDTSK25NQWQYTKKA,2023-07-10,VIP
AHIJZTKPBCAZCSUIZU3JPERUM55A,2023-03-08,VIP
AFJQGE6TV2BR754CRHDMTKOCTHNQ,2023-01-04,VIP
AGHD2OMQH2SJZ7PQONIDBG63ZBKQ,2023-10-30,VIP
AGPBPLV5X666GMBRNJCVLJNNH64A,2023-10-21,일반
AHRBK243XJM2ALAIV4RQOYVTH54A,2023-05-23,일반
AHNZPDWG65TAYC72YLSK2DUCA6BQ,2023-07-10,일반
AEHVGO7QNRXBJXCIN7ZS2IBKCMUQ,2023-01-21,일반
AGCTCXJXG6EKLF6ANAPIKPTAW75A,2023-08-15,VIP
AGACS7BZV5ZPI2NOFQUC4S6LVZGA,2023-11-09,일반
AF4WE2MXXMQUPLKNPGCVP6N3K3FQ,2023-04-27,VIP
AHX75KI55PFZY6J6PHO7A2AENXQA,2023-10-29,VIP
AFT3ZU3OLRGDMPBARQP3BOKLGWSA,2023-05-22,VIP
AFFB7SSARMFDEYKPBPVDII3AFIVQ,2023-02-08,VIP
AECQPIQJEIF5ASVCNW43FEDLAATQ,2023-12-21,일반
AEO2Q72MKWA5DPWBFQQ63ALQW7AQ,2023-09-09,일반
AEW2N6ZN62QQ5C5RXHU4TSK2EYRA,2023-11-29,일반
AGLPUYATOE2KVD36DZ2VD4QAOZCQ,2023-07-26,일반
AFC5T42J2P6CMZQUXB4IVBEZSAFA,2023-07-29,일반
AEAFK6ITOXRVS34MTPODTIE4UWLQ,2023-04-25,VIP
AGNXO5MSN4KKBGSQR3YT26CYYBQA,2023-08-13,VIP
AGKMK57A4J54JG5OUHPMVGGPVUKQ,2023-05-14,일반
AHDTCW665XEPKY4WAUG3DREFCCYQ,2023-09-08,일반
AGPE4RKV5YRZPGLXQ46D7DMCFDLA,2023-08-07,일반
AHDKSXMFH5GRBJ6QJAPSEKXC6AYQ,2023-04-01,일반
AF7PR2PDWUSBNAQWPFIBW4J5OHBA,2023-12-20,일반
AGAWIQ7HOF4I2AFI7CD5ENI7BCDQ,2023-02-15,일반
AFF5TLCH4IYWCZK3FG64LZ4FHRHA,2023-02-07,일반
AFR53YXK7LLTSYXP3UALTFVDQCAA,2023-05-22,일반
AHO4LIQVYAUKT6MMF4Y7MN5Z57YQ,2023-04-10,일반
AHE52HKDGFCWSQO7STU7NRWWHTWQ,2023-11-24,일반
AHCBTTZL4LES5ZR54PCU6LSVKYPQ,2023-07-09,일반
AFZRZORHYQ6TSM25CRDS6UDSLUDA,2023-02-04,일반
AGWC4Q23F4DQ6TOMY2OBPZUB3W3A,2023-05-27,일반
AGSMAA22LXXQD6VGCO3X5MMAT4RA,2023-01-30,VIP
AFCTDH6RSQB5Q2F5E3ZXQL5I2RMA,2023-11-30,일반
AG4QFJXKZLMRSSLHOSL4XYGM6G6Q,2023-03-25,일반
AGG35S7QJCAA7Y4FOAUY6IXKP75Q,2023-10-08,일반
AEFI7KCPVSZ2JTMHAZ7AXVWCZR7Q,2023-12-10,일반
AFCDH6KOUMXDXYT5J6RI66H6H4RQ,2023-09-27,VIP
AF46JR3IL4FMLAHLNGPOCTPWWO4A,2023-06-03,일반
AFWFXXYDJSIBNGG573MZOZ5RW4UA,2023-04-12,일반
AEZTQHAUCPBSKVZ3RAZ7E52E4JWQ,2023-08-03,일반
AGB6S2IB6ENELR6KLDKCNQUGY6TA,2023-05-30,일반
AFE2763GMEXU4LL3TH6HPCL6FWYA,2023-03-24,일반
AFU4JDUZDD6N5MUGLULCRLUQLHDQ,2023-04-20,일반
AGI4QJTBBCTTOJUOUV5X6ROZH4OQ,2023-10-02,일반
AGUKIFBPQ5LFT3NFKXAMUVEYNSQQ,2023-07-20,일반
AGVBFFFQVNSBYFKF5OKWVY4EPALA,2023-10-11,일반
AH4Q3Q5642PKPJSMYRWPYFL3TXEA,2023-06-22,일반
AGYUHTEK4JFB4XX5QUITAD2DWWXA,2023-11-23,일반
AFPBJHSPYTYE2YXNTCZYAXLQXKZQ,2023-07-25,일반
AEDMMOCM4OA7BFGRBDZP2RIROZFA,2023-03-04,일반
AFHFQB5UN57HBBYIGBV4YYZDXSZQ,2023-03-14,일반
AGBB4DAVTI36DUQN2NLQNXJLG37Q,2023-09-08,일반
AG5H3U5TC6HICM23GAH5FKKIZAYQ,2023-05-04,일반
AF53WDXQTVOHTCIUK5YSGJXGVLSQ,2023-05-01,일반
AGVGHUTVQQMXT76XTN2CYSHDUJNA,2023-10-02,일반
AHXN6UXEHQZVJHLCNWCYHA2IAZQQ,2023-04-30,VIP
AGTC2E3OIYPYGNKPF2XISDGZWZEA,2023-11-13,일반
AEQJY72BUJBIQCYK6V7CIZFEGFKA,2023-06-13,일반
AGS74K5IWCYY7PLGQZR7KGVOPCYA,2023-10-13,일반
AFNGZSZUISNZ2SMAN3L3OALQXS2Q,2023-09-22,VIP
AEL2T4V2QAHYRIJ6BPMOETWMGLIQ,2023-11-16,일반
AHEU57WSVYX3MYVUTKXND7722D6Q,2023-06-10,VIP
AH7GSAGP2FWNNWZHN7Q56Z2AWLVQ,2023-11-04,VIP
AGIHBFWNPMXWTJOAUVEHA23XKOBQ,2023-03-30,일반
AE54CJHDDTC3JOR6UCSVK4UCZTTA,2023-05-22,VIP
AHXT34K7Q5XLB7MNGS4NFI2VBMVA,2023-07-22,일반
AHTP47A2GMNACDBEPESZBPCQI2UQ,2023-11-05,VIP
AH3VUICGCKITW2W3TEED2EIY3ZTQ,2023-08-15,일반
AGTVGGF42U3KPHT3BTNHNX73XSVQ,2023-11-30,일반
AHMMC3QMOKVDBOOVOHAFZSCLWDAA,2023-08-10,일반
AGRHECE4JDSOZKHEAH5YNWV6YNKQ,2023-02-10,일반
AGIL2JPFUVXPBA4PNMMVAIPXAKWQ,2023-07-15,일반
AFPOLXH4MXKCJI33QBTKLOA25A3A,2023-03-09,일반
AF5M3QNBEEXBHH6BOPCHIU7V2WVQ,2023-09-21,일반
AGWVF275SEYSCYQXQFO7KEL5AAQA,2023-01-02,일반
AEKLQGYWRYPMVY7BPBGHFZHW2KHQ,2023-12-27,일반
AFY6F4SOQGV36CVSEIW32NCNCSUA,2023-05-05,일반
AFZJRXAD3NPFKJU56SZBKYK3X4DQ,2023-04-20,일반
AHPF7KBSD6D2KESY7LO7JWUYU6IA,2023-03-27,일반
AGCILAMQ3VYCN54F3LUXGIFBXTSA,2023-04-30,일반
AGE7AOWKJLOVFXMMTBYYLT35OEXA,2023-05-07,일반
AGWQVVOQMKQDKPGOT66L7MEXJXIQ,2023-09-12,일반
AFLSABEQELMYX7MQMC76CE3YZA4Q,2023-07-02,VIP
AGORBC2ADNWTLGRWKCZRO7GOG7RQ,2023-01-16,일반
AHW6N3FDZXLXEEXO53Q3SMVFLCDA,2023-03-03,VIP
AFLGGMV4SBRWIXXHBCHESRA5WMVQ,2023-06-07,일반
AHXAAOXPYBOJOTHOOTDEEPQJ7FVQ,2023-09-25,일반
AFNROTTTTJQQPZPRJWWPSPBEPVQQ,2023-02-04,일반
AEFXAZ2UATTLLEZX44V5WMEGNS4A,2023-09-24,VIP
AHERJ7CWJFLTCL3H64F27OBZBHBA,2023-03-05,일반
AHHURVABUYFBH5VMO37ELU6VL4BA,2023-02-19,일반
AGINNSDVZYV5ZKNNIJO7GL2ODKJA,2023-09-12,일반
AHGTFXNFYDEBYKFIM5AGTVJHLQWQ,2023-05-29,일반
AETX622QBRE6A5D6JOV5JW3NDXUQ,2023-11-21,VIP
AGJDDBKFP2QLF76TQ4G2LWTVVXLQ,2023-10-31,일반
AFYQCTYLY5N5ZAB2DBAKWUZNBF7Q,2023-10-03,일반
AFZQHGNNUAQ2MMHXAE3IUISW6OFQ,2023-12-23,일반
AF2PEMNSWZSUIHRAPJGOPJ7GAF6A,2023-06-21,일반
AHJATMZUL2L2MVZDRBBE2YCLSDUQ,2023-07-20,일반
AHMCOOZB4T62PFVOC5KYTRN7AKCA,2023-11-20,일반
AHO6HF6W242DPCOUL337SAZ4RFWA,2023-02-04,VIP
AEPIMKMLGRFWLU7CETWUPBCLFR7Q,2023-08-04,일반
AGT4OV5ZEJELU6LGJ3SVHQBHUBYQ,2023-03-06,VIP
AGBJZG3XMZ3WPI7FY2DLYYXSBUNQ,2023-01-08,일반
AHG4NWCAUQ7X2Q2OYOIB5WRNPHWQ,2023-10-28,일반
AGOYRCQ3PNL2AIXWYLPSXVQYGJEA,2023-12-09,일반
AH5ZFNLZLJW24YKDQMDHCWGT3MLA,2023-11-28,일반
AETSU7SDMZB4653PYWJ54WIPTYJA,2023-03-17,일반
AE3XDACOGNEPOGDQHEDJWR4R3JBA,2023-06-23,일반
AGLYWTUJ7XAWSKGMRXZEMUHNN3QA,2023-02-16,일반
AGJ2FLVYPLUMJGSB434XS3BTEU7A,2023-01-15,일반
AFPDB7JSVPNWJT6KF53C3O5ORJQA,2023-12-27,일반
AH3M2HOCS7VMTXCOYYI2AKZTFQDA,2023-05-27,일반
AF3XMPDSQQDSRN2PG5NGPECLPRDQ,2023-01-26,일반
AHQF77NZIRBV6LQMO6VEC6O5FL4Q,2023-11-04,일반
AFIKD3VY6WOYWPMJUTELWZAXHIXQ,2023-04-03,일반
AH6NJEFXD5ISMZJQICGKAZPQQGWQ,2023-08-20,일반
AGQS2PKNNCEBXCPSYKOO4I2DGZNQ,2023-01-21,VIP
AEMACSBSMT4WLJPLOKIWGFJLJJEQ,2023-11-03,VIP
AH2MIHS2WTWM7R5DFWRUZVTYK7TQ,2023-02-07,일반
AF37SWB5BJAXD6F2Q74M6HJIHADA,2023-10-03,일반
AFP7XI3X4GGJVQCYYPJZ3Y3KZJFA,2023-06-06,일반
AFC5CQXBCJCOU4VWPCMLLQV5NJRA,2023-06-28,일반
AF5L22PGGUCE6JRZN7Q6CZJMMH5A,2023-05-12,일반
AEZQUPHUINOCTERMXT3HOTVPLYGQ,2023-11-07,일반
AF2GJR4HSNPC5E7MMHUMDK5QR4PA,2023-12-14,일반
AHR6Y7I727FA6UYUHTZYNGOGDV2A,2023-01-28,일반
AEZPOZQEEBFFXZ2EQUYJI4VIQILA,2023-09-17,일반
AE4FRP3D6KIQG7H3GP436GUD52VQ,2023-03-17,일반
AGIUJI423LLZ56YOUAQ5NEYLFVEA,2023-03-08,일반
AGGT6VCILAXDI3NPIFAKXBGDYVQA,2023-12-08,일반
AHYLFL4VWQ2J4OOZXMEPISX5G64A,2023-07-13,일반
AHONFHGWU5UFOW2K622LL7B26M3Q,2023-06-11,일반
AETTZUILIPB5I7FQ272YUGEJ4SNQ,2023-12-13,일반
AGXGYUPGIFDGD6LPTVB2XVE7JWNA,2023-12-27,일반
AH2ZUPRKPAFHMLFBVWD26PDVJK4Q,2023-09-14,일반
AGAXCWBSPZUPB6GKZKHS3WDT52YA,2023-03-13,일반
AHJBGHHXDRA7M5MKCLYLYDNWSURA,2023-03-28,일반
AGS35GMYV4YBWSINMHG7KX6VCX5A,2023-09-19,일반
AFX2CQSR3SBHOJQWQHBLDIHQG3RA,2023-08-02,VIP
AEEE77EDIHNXZHXAC77EGZGKGSLQ,2023-06-02,일반
AH64TGKPMKB5SNT76NT4ZDNF5YEA,2023-07-29,일반
AFYMFZN2MFKODDI25OZKLO36LCHA,2023-03-02,일반
AE46PAL3I6SQVZG4CQR754OYQ7RA,2023-09-25,일반
AFILVEY4BG7TP2XCLB7N6AGAZMFA,2023-09-19,일반
AHKAHUT2A5EOQTRLYEOO6W6BQSTQ,2023-08-06,VIP
AELYRRH5SBV6UFG3GU6BFG5BR2QQ,2023-10-10,일반
AES5I6RABQPPMKSG73P546HHSHFQ,2023-05-16,VIP
AHTP6VRCDVSOFKPWMXJLFWKU2VJQ,2023-12-28,VIP
AF27PDSYD6M3T6GI6X3VMQXOGUUA,2023-04-03,일반
AEY3XQ3NAOS4ZK53VDEVWJ72UYMA,2023-04-19,VIP
AFENYA36PCVR7U6VQVSGHGIUH7KQ,2023-08-29,일반
AEEYC3VV6XNJOUKLAKNJCTNZ37DQ,2023-12-21,일반
AE35LUYKKECJUBLJE373GGQIZNOQ,2023-05-22,일반
AF75CFR7RD3EVKMOZ6TU5J7GOOVA,2023-10-18,일반
AEIHLPUUYWECA55HPXXHUPKVA6JA,2023-08-25,일반
AFAEMQGQFXD6JFPE2PTK6THIH53A,2023-12-06,일반
AGUZOTZKNVCVN57MFLCTCNCTDLCA,2023-11-08,일반
AGUV3QWPJUZF72A7TRV5XZLSRP2Q,2023-06-26,일반
AHQMSLQQ4T7RDZBR7K6FFS2WTG3Q,2023-05-21,일반
AFZVV44R3C5A6YYCZDNUTMEKD7OQ,2023-07-08,VIP
AEZKAOXLKYZBBTZ6MEL33LAY2O5Q,2023-02-18,일반
AF5AATC7IJVSDOVSKOGL4KE5M52A,2023-10-29,일반
AF4KWHA553OSYR5DLLBBDEHHBRJA,2023-07-09,일반
AFEVXMESJYDWLJBXPN7HVX62TPOQ,2023-05-16,일반
AFI2SQEGAA3335ZEAMB52XPPHS2Q,2023-02-12,일반
AEP3MKB5RNDLJPK4JW22FX74WKFQ,2023-12-19,일반
AFWREBMJRX47V7TJD5E7VUBKZY3Q,2023-03-31,일반
AFKUWB5DABB7DVVRNJADCSDKFJ5Q,2023-10-22,일반
AGCKABAFBXEB4DLQSVS2YPRFULZA,2023-12-07,VIP
AEWO5MXEBFN3PMJAXYAUXB4OMBOA,2023-09-02,일반
AGBNLIOKIT72A2TBLG6A35XUEIMQ,2023-07-11,일반
AGDC3KZSQJMQL3GNEEMOIZRKXUAQ,2023-11-14,일반
AENODPH3RWTEZMADDI7ZXXD5UBLQ,2023-04-16,일반
AGGJWLZDECN7FGJ45NLF4JOUE27A,2023-12-29,일반
AHLLRY3ISUM56WO2EJYCDE4J6E3Q,2023-11-06,일반
AGL2WQUXIVJ7MJZO2FQA5YEEKYGA,2023-08-21,일반
AGPMMNZ6KT752BNQNASY52CKSHHA,2023-09-22,일반
AFTPAQY425APNC5O64CFVBNYGUMA,2023-12-10,일반
AFFGWYKF2QF2IRGERWSNOLQ2QW7A,2023-02-06,일반
AFFQMKXLAXT54MS2POKG6RZSRQXA,2023-11-01,일반
AE3ZQLAKLHGLFWBN2LOJTSYYN7HA,2023-02-10,일반
AHI4OYSIYXJIJIXAO73LAUJTEICQ,2023-01-17,일반
AFJ7UDS63R5ITGAMOSRK7KNWHSSA,2023-12-10,일반
AH7ZV5NZPWUYLZQLPVYXXYV4VOVA,2023-10-04,일반
AHIHRVMHYHOH5D52QNATDQ6G3VRQ,2023-11-03,일반
AFDTXWDJNXAYUGM542YUPNIBHBOQ,2023-02-28,일반
AEP7EC356VG6MRFKXMOMUB7P54XA,2023-07-02,일반
AG2SFK64KDQ5YXJ2DRZSQHA7IAIQ,2023-02-10,일반
AGKFITVCPLXDAGC5SLHFRLXPQYYA,2023-02-08,VIP
AEU3E6TTMRR3RHIFOK3IF6XYSDLQ,2023-07-11,일반
AEZYNEENP5XHNOPLJJETULXZCA3A,2023-09-24,일반
AEGIDWKG4HE7J5FFY65JSBQTELFA,2023-05-27,VIP
AGHNMCD4YF3P2TJZ4OARR35PZT5Q,2023-11-29,일반
AEXUB3TKS66IKTFNZZYLP4CJ2IZQ,2023-05-07,일반
AFGWFXKWBDBAQ6Q2FCANAK7ZJGUA,2023-02-15,일반
AEDCAWW6MGT4UO4RRH7NOK3EH5SA,2023-02-14,일반
AFMZX4QR2GN2JMC5GZS66RJM4YTQ,2023-01-01,일반
AGT75OEHIEIVEH3WH3ARDJGVUM2Q,2023-06-17,일반
AEZW37RE5IIP2MCYW7NCWO3CTJCA,2023-04-18,일반
AFGLU4AR4M7DZADQJX5SUGNZW7UQ,2023-01-19,일반
AG6YU7BHITXUFJ22336KYWROTZKA,2023-11-28,일반
AFWHBJHINMLO6RESQFNCY27BFGHQ,2023-03-13,일반
AGGSPBWHNKPM222VK2PCN4PHRMWQ,2023-04-19,일반
AHKPIQ3BNCTJ2EVZ3SWK45X6S2MQ,2023-09-25,일반
AEZ4XP6EQ5UIJF5YHBGJ3EPP4MOA,2023-08-28,일반
AFIND4QQKETURXU76GI6655ZFS4Q,2023-10-28,일반
AF6SCWIB7NVHZI4WWZHXAY2JJUGA,2023-03-31,일반
AEE2XYKFE3DMNYQTOCBK3PEVORQA,2023-04-13,일반
AH7X6273K5JCM64M6H4NHACJNOPQ,2023-09-07,VIP
AHJE2BSA3PARAUPU7WEXWJ6WS3KQ,2023-01-08,일반
AHTYSJ2UVZO5LT77K37P423ZMQXQ,2023-06-02,일반
AHYQION7F7POWPGNNAFXPK64RSNQ,2023-12-13,일반
AHKUNPS4ZAWFCFMIOFSKV5LF7IOA,2023-06-23,일반
AH4O4H2WHIKNWUYTERTGOH4FFY7A,2023-12-09,일반
AFIS2LYGKHAXZN6NFF2JJI2M4TBA,2023-06-07,일반
AFQLKJFTCAK4X2YI2B72OID4IVLA,2023-08-03,VIP
AHQIKKPBVNWP27JVQYZSYMEG6XAA,2023-06-26,일반
AGKYYB6ZSV2OI4BSXLKISFSFLGUA,2023-06-24,일반
AFLLCZFPCLWLDKVX63KDI75LX7EA,2023-12-06,일반
AG6UWS47VN74SMHL4KL57DEJMBIA,2023-12-04,일반
AHVRHERJSRHVM63FSTZZI5SRWFKQ,2023-05-26,일반
AEXK4GFZSUC45HV5ZMD6ZSF2CK2Q,2023-11-20,VIP
AGEE5MMSCUBGNWYJ3WY622OZ7Y6Q,2023-06-10,VIP
AFES6HMBN5CAV5HWKASX5HS743BA,2023-05-07,일반
AE2SYKBDNNE4PVOOYME4HQILKXTA,2023-03-23,일반
AFDMSPZU56HC6LYNPSPFLBTALJMA,2023-05-27,VIP
AGVSDTELCGKF3H54PJHYWO22MGFA,2023-08-27,일반
AEEOHRSGRB777SO6I4OOPWZ4DQ4A,2023-03-25,일반
AF3CZ6OL3AA35DQULP6J2TCEOJOQ,2023-04-23,일반
AHTXWZCWVFIFVLHBN27YWHVPXTUQ,2023-08-13,일반
AGVJ4GQPFR3DJ4ZV4ZT6EXE3ZNUA,2023-11-28,일반
AETEHTDQT4GMZAJW5NTRO77AQBZA,2023-08-31,VIP
AHMFYDHJQSNEIQVXXGRBHFN4HIXA,2023-05-23,일반
AGDVBHF2VZWQBVPW2LSCWM523PCA,2023-02-10,일반
AFHCO46ICGCCZ7HI7WZSESKXHVSA,2023-09-15,일반
AFOVQIU4VXRHWZ2ON5VX6DOVPRVQ,2023-10-12,VIP
AGYOOAFQSB2ESYS42MNEKUCHNQGA,2023-04-15,일반
AEMEVA4RPDV7TUZZGW42VEOVSMXQ,2023-07-21,일반
AETIV4U656LPL5QIPSWXR2INPE4Q,2023-11-03,일반
AFIVMGZO74QYOK7KXVJMFH36PTPA,2023-11-27,일반
AEILB3YJC5WD4FNH2SCVAGPRDRBA,2023-09-23,일반
AEOCPQRJLJDQSJTXD4NVM6LYDWLA,2023-07-29,일반
AFHPT2SC2FCLRFYAXBVAYHGPFA6Q,2023-02-20,일반
AHDEBPMFVRVWVX6O4KIOLHJ743AA,2023-04-28,VIP
AEHTBYQI7XPSICO42RVPPDG6GYAA,2023-07-20,일반
AGZFM5HJWJ6EYQ5AKAXM22NAPRLQ,2023-02-08,일반
AHFUCGQIN5PXICCP3SSBXKBIMIIQ,2023-01-28,일반
AGQT36ICAXRXAG4IXZUULJZIH4XQ,2023-09-16,일반
AGQCLZES57R2QEDXM4F4NYKS4BRA,2023-03-25,일반
AES2RGBBQ4M5CIOUC5LSR4XORTPQ,2023-06-04,일반
AFKGUUI7MXXMU3IRK4KDHPAP5OCA,2023-04-27,일반
AEVJWZ7SNUGFWWIEFQ24USB2IELA,2023-01-02,일반
AEZEXVSVIXMOTKZXT4BD2BIIUI7Q,2023-04-03,일반
AGOUYRRLNFOWW2P323TXTZI42STQ,2023-06-15,일반
AEPC76LBJ62NNNFB3FLLEV6DMZXA,2023-12-16,일반
AFBVO5EYL6CDO3PXRSG4MK7X2JXQ,2023-10-23,일반
AETHN2CGVNPVX5Y6SAWO6IO7QOEA,2023-09-15,일반
AFIZ6OD2C7QAISE7FEEQR4C2NBGQ,2023-03-22,VIP
AGE43ATINMGDC2ODRZNEM4Q2SEVQ,2023-09-25,VIP
AE2QGBWD4NHT3VTKAS4TCZY6S7DA,2023-08-23,일반
AGKWDNWN4W7YDLRGGLQ2W43GW5AQ,2023-11-17,일반
AHPZNS35WCST6ATG2RKUV5UMGU3A,2023-11-07,일반
AEETUHPLSOLA55TPPWJWAQ7DZK5A,2023-10-28,일반
AFQJDMJNV2HMS7L5OAQRNXKVOVOQ,2023-12-23,일반
AGEN4ASYZOLVEWYV3Q2CJR42ZOEQ,2023-08-01,일반
AGQMPOU46LE2C4Q5COR7RRACQZ7A,2023-03-03,일반
AFDOB6ZOXEPJSTD5TYLQTRXTFSMA,2023-02-18,일반
AGDEK4RWKXOP4OS377LV7WQ2O72Q,2023-05-07,일반
AELVIMURPMROWIZHRTYGSLXA2SJA,2023-08-11,일반
AERMCSAKPLOJGCA3UDMWD3VRR2QA,2023-10-06,일반
AHIKZM3LUGBBQKMPY4BSYBCUI6FA,2023-10-21,일반
AHUBLOQI56TLETS3LQ3YZIYR5Z5A,2023-10-11,일반
AESKYYTGWJ7VJASMOE6QQUDXSITQ,2023-10-04,일반
AH6RJFHNEDVIFN34SEYOWEGNXG5Q,2023-04-17,일반
AEE2HCL5QT6A7E3BE2FDJ4OLCSQQ,2023-05-26,VIP
AEQTCWOCB3X4GQI7K2RBNLVRCCRA,2023-04-09,일반
AF5XYEIQYYW2O3NPIGGGE22ZQDSQ,2023-03-14,일반
AFX3TRRDLRW7VDIT7AJQ4WFA6FOA,2023-05-02,일반
AEQOIDOT2CNMB2L6ZFFZ3KSUWBBQ,2023-01-30,일반
AH7IU6PPKPCOBZXCSAJRBQMD4SGA,2023-07-07,일반
AGZAT3N2CULLOY47CAPOZIZ4IWEQ,2023-12-30,일반
AGDVKUWO3IY3NBBLOGIPEYI7AQGA,2023-12-20,VIP
AG3GZQUNY2SEAOLYGGMUN36D36HA,2023-10-15,일반
AGYVTXWWOOWXGPOCDER3AH6ZTTSA,2023-07-14,일반
AF2ESYW7THWXOTQLOYLOR24YMU7A,2023-06-05,일반
AGEECPGW53BWDVGR3FIUX54YCUWQ,2023-06-21,일반
AEX3W4D5UHGTLDCIO6KWMSD3QYIA,2023-12-01,일반
AGRR24ZLDUPIJY24ZNQ6KIOYPY4A,2023-02-10,일반
AHM342MR54IYOKXJGG5MN53GQQDQ,2023-03-04,일반
AFOE32RXBAXIE4XHWXU564FUZT5Q,2023-01-23,VIP
AF4EXZGWO5Y622TNNQ4LPS6LLG5A,2023-12-26,일반
AF3VOU2M55QKFJVDQDNOWKFKOBCA,2023-03-16,일반
AGXDNBVCES7HTOHR2K4UBUFUAI3A,2023-02-17,VIP
AH3XUGDVTNMIHGLJDQIRLHEY54HA,2023-06-09,일반
AH5QYAVG2DRXF32LUKZIPG7KZLDQ,2023-11-09,VIP
AEHIU6L7VK72RINFPDTI7XSIMD7A,2023-04-28,VIP
AF6SWZOHDVA3F74K6ATT4UMM7LAQ,2023-04-10,VIP
AFFHIOWLVWJ4A22EGJX4ME7KQLSQ,2023-06-16,일반
AEM4NOAI65UBAADJVTQH7AQUAMRA,2023-10-17,일반
AFGXHN54PS4545UIGIHTMWU7OI6Q,2023-06-05,일반
AEV5KJYTEDJCSN5KFGKY4DHGZOPQ,2023-01-07,VIP
AE47RN5UXX2ON7VIYMVW6NBT7PJA,2023-07-15,일반
AE6QIRYYQXWBXRANCBNV7UQU3C3Q,2023-02-25,일반
AFR73WEZI4S76UC6WTRTOM27ENZQ,2023-11-17,일반
AFCBKJAWH4J2UWEUQEGSVYNFT2YA,2023-07-12,일반
AFDKMC6DZFM4M7BKRFA4APKCYZHQ,2023-02-16,일반
AECLFSQIEBC26S2ZU7FRYDI66W2A,2023-05-28,일반
AFTZLBOMSZSCBJ7CK5VXRSA6FGMQ,2023-10-02,일반
AH3HKWLRRJWVLWWNSNRI67WU77ZQ,2023-06-06,일반
AHMPP4TKEPMV7DE5QB5NSFTTXUPQ,2023-07-21,VIP
AGARJN3VAP4E6PQYIF74CDF3W6GA,2023-05-06,일반
AEC4ZK2E7SL6RXURSFAQILIAIYHQ,2023-11-01,일반
AHP75752OD4FMWOWITYVDF4EJ57Q,2023-10-21,일반
AEGZNHJ5ZCSPMTVBUTJZPDEJEGRA,2023-03-05,일반
AF2OFWJDSCJNZ4QFIX7VUUCHPURA,2023-11-21,일반
AEYL5JRPDTHDBIPN3ZSYS3ZLEK2Q,2023-06-25,VIP
AECSR4RFQGV6P2PCOA7XPNGGBZQQ,2023-04-26,일반
AH7EAYMQGZAZ24G65FHVBLVAJL7Q,2023-07-23,일반
AGASWLGAJEYSNHPWSR74GSDXU5JQ,2023-11-17,일반
AGFT22PQSW5ZDJLFLBQLNNFO6I6A,2023-01-31,일반
AFBRDCFTMGH6OFKCC7GQQKXBCXKQ,2023-04-23,일반
AGQE66MG2AEU3OO5WWLBODZ3DRCQ,2023-12-31,일반
AEKU5BEAVUA6QMUPL34NLEFTPXSA,2023-11-21,일반
AFWH2VR4TUJFCVLGMLDKY6QHFPSA,2023-12-10,일반
AHLVULA55BHT25TPEJKZCCTPM7CA,2023-03-08,일반
AGIRX4TLOCUGC4XPUAFPCQ5TLLKA,2023-03-16,일반
AE3GJ4N2G2K4Q6JXYPIQSH4344CQ,2023-02-14,일반
AFJMCZWWZZF4HZYT5QLSXG4AKOTQ,2023-09-17,일반
AGGORGEJT3XXWXUJNZJNW2L6UZAQ,2023-06-03,VIP
AEJQ7NWZITDPI44AMIPQPK7DQLCQ,2023-06-04,일반
AGJRVDXBXRIIRR3G7HCF5CR6XDSA,2023-12-29,일반
AGU4IMQTKDZTL6IFTDNG3D5CQO6A,2023-08-22,VIP
AGKXGJ5QRZFNVZ3MKY7PHAOMT5LA,2023-02-20,일반
AGCWHOWHOTWSN4J2TFAXUEZZUBXQ,2023-11-02,일반
AF7COMJXY3YJUCEUEC67ZFJ5H4XQ,2023-09-19,일반
AGLEJTZLEMONKAC3DV6ZVJKNFQQA,2023-11-11,일반
AGXSNJ34NKC5WUWNLAPAUMTDOI2A,2023-05-05,일반
AFVHJSKGY45HGBLZAUIWDMNEXFPQ,2023-09-02,일반
AEH5PKQJMHETBOTMVZZU77XAOPHQ,2023-01-30,일반
AFPFHOITRATHZVILCGAOACZDXBGQ,2023-05-02,일반
AGJVNXCQNOHPS72LI4265DJ6TQQA,2023-05-05,VIP
AH3XZBFRJ3T2YATYJK2CNTCARCCQ,2023-02-06,일반
AF2NVFDYXGX2BT7EPAUN7WYN3TDQ,2023-06-19,일반
AEVRTZ6HVKKV5CVX5XBW4QQLY3NA,2023-05-04,VIP
AH3I5Z4W5KIRTITFSOBDBDSA23SQ,2023-12-23,일반
AG2DKHTMNEVMFCTBVNTH6NRRKTMA,2023-02-04,일반
AFDJVKMG73WAOX2CNN3VTFIT76UA,2023-03-28,VIP
AHFPVRVDCUBDIONDU5U2DAT4CVJA,2023-05-14,일반
AHVSH7O4J2LW4S3YH4M76PPPVLSA,2023-07-15,일반
AHDNZMNGM6UT4M2VPRPLZ7EBWCOQ,2023-10-01,일반
AFI2AGCYNXV2A3SKAJRTFFX65HFQ,2023-07-20,일반
AEPIRPEEOWBOSQVYCEWRUCZJFSAQ,2023-10-12,일반
AFVP63GD2YFUXERJWKNLUY3NZSKQ,2023-03-18,일반
AGFEBW3IPRHJNCKQUJTJQ2GBB3RQ,2023-02-28,일반
AHWNQOAOX5D633L5V54NRQBS6BIQ,2023-05-06,일반
AEKO2ZDDNGZ4CMORVWODMHM7LD5A,2023-04-19,일반
AHJUIXMUINDDJJDLRFHQSHGLBSTQ,2023-08-12,일반
AH2OGGTXFZ6MSSCZB7IRRZPFOJLA,2023-10-05,일반
AFV6NBHT64FRQA3KRITDIU3M7NNA,2023-03-09,일반
AHIKT4WX23GNGZCH5KEHHVFYZYMQ,2023-03-10,일반
AGQXGHRFNHL3Q7C3YGA7SESRJBRQ,2023-06-14,일반
AHHURWLAWRA76F6ZD3SQ2LZ5PYVA,2023-11-01,일반
AFI3GFCFBOM4G6QGUKQKOZYO4BGQ,2023-06-11,일반
AFF57GWUKTC6BV7TNG2LEFWDVRQA,2023-12-31,VIP
AGJBCJZIXDHRCB2E2W6LKVZRPKTQ,2023-12-08,일반
AGQOIAAECVPLYNBEMZOCS6GKZWDA,2023-11-05,VIP
AHGAVBUAPBB646EUCPJNUADKTLAA,2023-12-09,일반
AHG4ON6JILVZZJIB7VNEWDGQSMZA,2023-02-11,일반
AEOMSGRZI2GBBBATYNQ2IXWGXWGQ,2023-12-20,VIP
AGLEATI6IBYVUFPSA2LAFAVI4ERA,2023-04-19,일반
AEAEURMVDILS5FIOXHO3U5UK7GCA,2023-02-20,일반
AF65ARGLPJKDMEKC4YE6J6TTE3GQ,2023-09-07,VIP
AEJULQXD34VV2C2AACLTB44MWEXA,2023-12-07,VIP
AGT57G75IGN5AEBU77WPGOUYZMVA,2023-01-21,VIP
AHQGD54SLGLEGF2NDJAG3O7QOWJQ,2023-10-27,일반
AEUM5B25NOTCU5KDYMVAOBN5Y5FQ,2023-05-19,일반
AG6U536CQCCXIUB2KAMNSXV6FDRQ,2023-12-25,일반
AHLOOYOSGEO7R4A24UBQVT4UM2JA,2023-11-20,일반
AG2Q3W62IHB6PTZ2ZP3W2MI3EN3Q,2023-04-02,VIP
AFQSUGIEHJ6OAZVRT6AUSLC7DJ2A,2023-10-07,일반
AGBEQ2VS3TLOX5JYXV47BERXYWSA,2023-05-05,일반
AFZQFX2T6G3DRQ5VN2RLQHKHN7OQ,2023-04-21,일반
AEWQ6I7BKVHK5FWMLUNE7WL225TA,2023-12-20,일반
AETG7JHK5RW3AFEYCBDANJNOWWGA,2023-05-19,VIP
AHPF2D5RYZ5QDJZFGDKRPRL36Q5A,2023-09-30,일반
AH65VYWK4QUJQPLHAIBZ2PIVQ5WA,2023-04-09,일반
AGLMDXIDTQ6JHLKTJF7S2CD3PFJA,2023-09-09,VIP
AHSCYYDMRKGSS34SATRXSBNFPLSQ,2023-12-04,일반
AHYPBUOGDWIPQZHL5OKLHPXJB2SA,2023-04-14,일반
AEKZNJLC7X57UF3F4STP3GSIIGJA,2023-08-02,일반
AGPESHJAGFFNOORA77CESB7XBDDQ,2023-09-06,일반
AFP6VTPJTBO2PC47S433EJWP6MDQ,2023-06-01,일반
AFVTXEYL44JFAYLMKFO7RGRQGKNA,2023-09-07,VIP
AF62IKENODH7IRC3TVNOMP4PN2NQ,2023-10-02,일반
AEPPS42KFYOB2D4EZGAE4DDSL2EA,2023-06-14,VIP
AE2YPAMPW3WE3EY6YUGZTOVDZMEQ,2023-12-07,VIP
AEAGP3KMHVFRPDKOR7TNLXYAKA6A,2023-01-08,일반
AHMAO37N3VRBQR5QXRATTM75KHAQ,2023-10-11,일반
AHMX2NZBM45ZRMYJIJGGTCHNYC6Q,2023-01-05,일반
AGN7DFBGDAM7NRQN6WGIZDOATS3A,2023-05-25,일반
AGGZJWNAT4VKG3N7PB5HVNY2GTHA,2023-04-11,VIP
AGRESPYD37LHSEATHKCG4ED3A6SQ,2023-06-13,일반
AFQABEOYWJJP6XUPWCJNZ6DTPTFQ,2023-05-27,일반
AES4PVTQ4WEANJ2E2HOJNVVBGQNQ,2023-03-05,일반
AGU4YJLPDKSSANW5PJMTKRAB4TYQ,2023-04-01,일반
AFYMT7DOR34UG7SPECITTIOGLASA,2023-04-27,일반
AFOCWD5SWSKUUTLBP667KT6PGKOA,2023-12-20,일반
AHSXXQ7JVBY3HIPIGY2EGEL37PKQ,2023-09-24,일반
AGZUR76DGC2434JZIPVNBWTDRIKQ,2023-11-06,일반
AFOBPWQSTMENPV7ZC2SSKSXWFQ2Q,2023-06-22,일반
AE3FF4SDT3KWMHGTK4ENKBTY7M6Q,2023-02-16,일반
AHJRPRAXBOIRLYMCRQ4HCACPXDVQ,2023-05-20,일반
AH5G5ENXXWLJAEJMD2DGGVVWCXKQ,2023-09-03,일반
AEZRJAZOI4QT6FMFJMPVMZEEBGIA,2023-05-29,일반
AF7HCYB2DO4LPCOGY4TBL6SW5QXA,2023-09-03,일반
AFPF5JNNNSYW22R7HPGXZGZCWJOQ,2023-01-05,VIP
AELR5MHP3LFLHR2IFMRE3FCQIHZQ,2023-07-03,일반
AE6APMY2U2SCCZYPIQWLII3GJGDA,2023-01-20,일반
AGYT72RKZLBSL7IRSVJXQNKHJOKQ,2023-02-15,VIP
AFD574B3LT7V3OO5CRMLVYUWVDLQ,2023-01-12,VIP
AH7GUHDHH6BRJQAKZSWN2SRQGC3A,2023-03-11,일반
AG6YFIPWZK7TFOKVJJTYNM25TCUQ,2023-01-17,일반
AHLAXX7RIGY6XLKCS5X3RRIMJMHA,2023-05-27,일반
AHVG34735ZFEUTFNWTE3CN6DUPOA,2023-06-03,일반
AGWB4RQND75EY257QYGB2MPW655Q,2023-10-31,VIP
AFHTTR3AJAXNL2L2DCMTWPIBZELQ,2023-04-18,일반
AGQ7HOUDA7K64AQCEWQCKTRE2X2Q,2023-08-24,일반
AFEDVL6QIKT4RDYRHGMUZAU2JSQQ,2023-11-04,일반
AHQQOEE4QQIMIDYPNWVDHOJKSHFQ,2023-12-18,일반
AHTMLMISSWFEKD2NMUHWQEZIQYFA,2023-03-11,일반
AGMI265U3VU5FUCE4AIUVKPIECJA,2023-07-02,VIP
AEX4YXQCRJ7VNPCMPBWKL52L37JA,2023-09-07,일반
AEYY4VXTPNYVKYAOEBWGAWONPIDA,2023-08-16,일반
AGKQDWDU5LWC5OCTKCXLET7EJENQ,2023-04-12,일반
AEAQ7J2ZTABMBDMZHCHUBIMR3RHA,2023-03-16,일반
AHUXD3GCY22BRMQLWN5ZEB3TGGAA,2023-08-04,일반
AEPHHPGRU3LZVJ3GOQ6HX5WSLUJQ,2023-07-22,VIP
AHXQZN3N55YAWSIZRNKHRWEQ5XZA,2023-07-11,일반
AGKQIHXOMAM6DN7XIUVFFHL554LQ,2023-09-06,VIP
AF76YQ4VNWMTEZXSFQDAICDLYFXQ,2023-08-30,일반
AHHF6TY4V2LICXXBWSKTTCUWRGAA,2023-06-28,일반
AE3Y3RIVJMUAJO2ABMM6V7I5V7QQ,2023-08-07,일반
AFGC6EORGDR3Y2COS4G5WRLHLPNQ,2023-03-23,일반
AH3MVZYHGOVNKO5T5EWVT4HK6M7A,2023-04-02,VIP
AEDGEVRXRPJZOKCKYHPSRPYFIDZA,2023-06-24,일반
AG5ZMUHXVOUVN5BBEDWNN56JLUVA,2023-08-27,일반
AFCLK65T5NMGQV7RXN3QJTOYNTNA,2023-09-17,일반
AHHZ7KJRSXG4SOCT5CYSHO3DWDMA,2023-12-31,VIP
AEWZXQYKDB6JJD653R4I3TOIJXHQ,2023-06-12,일반
AEWMRL2WQK2553OVVG4CKRWSNYHA,2023-02-17,일반
AGXE6V4HYRRDGH33H3NE7PGF4D4Q,2023-11-25,일반
AFDW67WRZ2IJI7LQQP47LWZJHHUA,2023-11-24,일반
AFQVWAIJE5R6L6CSOOEAZ4SB4LNA,2023-04-26,일반
AEY3BCCYNITGIMQHCNTZIYDPA77Q,2023-12-03,VIP
AEIYOPETQ6QHPCWMGJIFDTC5FQIA,2023-12-03,일반
AFBICVVDSWHTB37XUM72SGTRRL5Q,2023-08-13,일반
AFPMPHWQ374TQ7ZCW3RUEVPQLVSA,2023-12-18,일반
AGAGJNDYID4G47KUQZVTWOGT55JA,2023-11-24,일반
AEZPNXZLF5U7XEX6TOW3J56C3XDA,2023-05-27,일반
AGG3ECGCIKNPZJEVJKMFI24VBSCQ,2023-03-04,VIP
AHJWICC6V4BPVHNSGZ3FCIC4KUBQ,2023-10-21,VIP
AF3SNGFXLO2ONOHN3SHCJZMEWYFQ,2023-11-19,VIP
AHTBWFIYIZUPOLJC7KOWKDPK4PGQ,2023-11-21,VIP
AGNE5T4E7SEMJUDM4COI6JBNJQBQ,2023-01-13,일반
AFMW4FWA573DFJ2FLM5SVSJ2RABA,2023-07-08,일반
AFMZYKMUK4P6MPASSKTR6OB22Y2A,2023-10-14,일반
AG7XUAMM5BZSSPCBAQJ3YGYSIPXA,2023-07-27,일반
AGS6JTKZGW3L2TCNL3ERIOHLMCGQ,2023-04-24,일반
AFI4YPCZQHDV6ZO7ZJS4IEGDMNMA,2023-01-22,일반
AH7WGTWJ5AZHJIATOQGSXBUJ5ENA,2023-12-15,일반
AEQVMOXFRHZEVVSM4JNAJ7T3UHPA,2023-08-02,VIP
AFC5NBFKNTHLIZE4PFLSCEIUHAYQ,2023-06-20,일반
AHWWTEG22SBYSSAAMFW4EKBWFJ2Q,2023-11-19,VIP
AHZS47WK6D5XJ6FS6DINGACMRQKQ,2023-02-23,일반
AEQGYJXCSCCNZSPU6KO2ROAMEJXA,2023-10-25,일반
AFAXMU7HOTIJ56JF2AK52OFSTR5A,2023-11-16,일반
AEDN6ICRLDC6CVKYHK3F5747TF7Q,2023-05-06,일반
AEDKALHSURZRICZ2LRUS4QMUGK5A,2023-10-04,일반
AHG53EP2KNCQJLYG56QPMWGNY3MA,2023-07-23,일반
AF2C67JL7AXARCQIW5JJGKTMIWQQ,2023-07-13,일반
AGPWV7WDFN56ZITTHJJTONXPBBGA,2023-06-18,일반
AGDVP275BZYGQLMEGEB3RSVZUS2Q,2023-06-01,일반
AFMBNWKA4H7GP6PAHPYY25A6Z4HQ,2023-02-04,일반
AGMBVEO4J5JYGUM6X5INZMD4FRRQ,2023-07-03,일반
AHKQXI6UBPLTL65RPYN7PJ24ELLA,2023-10-13,일반
AGWRIXDLH7IBOX4O6L3MW66IJJPQ,2023-02-26,일반
AHPV4OCEUB4DZDFNOPHTRE4FHN5A,2023-08-10,일반
AG4PTAEZKGTC4UKZX5RSZKK32JIA,2023-10-30,일반
AHPD7DFCKP7UFYA4KRGXU3BLR7DQ,2023-06-12,일반
AHSUCDSAY4VEIJ3KL6M7NSFL2W3A,2023-01-19,일반
AEZRH2UWC5CQXUVLFUEAYAPXDFGQ,2023-09-21,일반
AEVMIO4NTG5PTXCPYF3BTUXZ66PQ,2023-10-09,일반
AF4JRMMORST2B2X2W6XBRMWNKZ5Q,2023-04-23,일반
AHCUDG4P7CG35HNQJUAAVOYPZ4WQ,2023-11-23,일반
AGA5GE5IJRW4L4BHWDNC5BFS4UUQ,2023-01-30,일반
AHLUETN2P3TVLZUYVNMSIJ3GVVPA,2023-05-15,일반
AGLKQIVDJLMLUZ5MP3HOO7CDT6DA,2023-03-08,일반
AEQPH4WG6ITTFAJPV2MAS6SL46IQ,2023-03-06,일반
AHPKWPXNLGMP6BBOUC3MKMDWBIDA,2023-10-19,일반
AGMBJC7TRKMW6NZEZ3MPTBCTYQAA,2023-01-25,일반
AGMR74PGVNG5IU7X25GJGDAT63TA,2023-02-06,일반
AEEVP6GP6VPJ3DKV2WCQZXRYF4NA,2023-01-01,일반
AGBCEE2BSSGUDXRORMHMYUZVK6LQ,2023-02-06,일반
AEVNRR2MLSJBNKXZWO5FKQSJA6MA,2023-05-21,VIP
AEJRNRKY5EAXSJJK4Y42EIHW7CIQ,2023-08-20,VIP
AHSUVTV6XML6IBKSEU3PV37SNICA,2023-05-16,일반
AEEYJCTR44VPW4DW537EAZHK5CPQ,2023-07-07,일반
AGHDZUKPZDC4HH2GVGDOBXWU4D3Q,2023-05-08,일반
AFM7R5JRUEXGKULZMOOZCS2DWRIQ,2023-07-20,일반
AFDEGSSFTG26ISJWFNZXKO5VINOA,2023-05-07,VIP
AFLJZDGN73GMYGJB4HNT2CXBEDIA,2023-09-14,VIP
AHSPJR6ZDZZBC7PN5ENIUNZ637NA,2023-06-13,일반
AHGZYHF5ZRYSA3NOF7NFU4AHW2ZA,2023-02-04,일반
AFQ563OKBUIIL2NHNPXX7KRKPYVQ,2023-07-13,일반
AF772O5YC4ZR6O2Y4VMIWTWEZMPA,2023-07-10,일반
AECNKBFNUZ5AY4RLJIYQOHMMKQVA,2023-04-14,VIP
AH7MHPNMOPCXJHV56ITYG5BNCVNA,2023-01-23,VIP
AGVVJUVII5T3HT6O5F7YHQNOXCPA,2023-09-22,일반
AGEDNYHQPV3GSF7ZKA3WWGDLKGGQ,2023-10-17,일반
AEDVHCTFRSHLBEEGFK3H45GATQFA,2023-09-17,일반
AEDZXGGZW3ZS22XINYAPXX347GKA,2023-12-24,일반
AGGIQC3X6SACWMNN7EQANQMS36IA,2023-03-16,VIP
AEJHA2E6YBI635Q3AKE2QNBOM24Q,2023-12-21,일반
AHBXRBDR7QC3GHIMO3KBIIA4U26Q,2023-03-13,일반
AHVNWCICNY3UEAX4JMSJGPQNPVRA,2023-09-16,일반
AG7KWVG7HMZOHCIDXRJ7KARTAFQQ,2023-07-07,VIP
AGU4QDN3LU25GWIUH3PQUSSGODPQ,2023-06-22,일반
AFL5ZDARQ6ARU2TN3RCY7KFBJBZA,2023-10-17,VIP
AE3PTJFRVU3YM5YFYN3ICDA5X6FA,2023-02-14,VIP
AGF5DMXE65QXZPJX6BJANVMCGHGQ,2023-03-02,VIP
AE5VM7Y43HENV5JBN7JB4LCDHO4A,2023-03-24,일반
AHBWFF4SD5LBHN6R3W43JNZW4A2A,2023-05-03,일반
AGSOXL3BMIL55ANW7OYCFRBWUGEQ,2023-12-24,일반
AEY7GHROFM3MCCHU6VOU5GAUQNCQ,2023-01-16,일반
AE6ELRMJIUHC3CN34MMM7JRL5RBA,2023-03-07,일반
AHDXDGROQRENYUGOZNF4LBVDF73Q,2023-05-25,일반
AFWDV7TXGNYDA54LFNRDRJBTBH4A,2023-06-11,일반
AFEPCSTHZXN35QN2NFRS6X54AFQA,2023-08-22,VIP
AGZEBZMUHSRT37TWDJQAIFK7R7NQ,2023-05-24,일반
AFRSTB6WTL3CEY6EHWNZYGP7F5IQ,2023-12-24,일반
AFXYRRVG6WFFNONQ2DGVUOCPP2TQ,2023-07-07,일반
AFGHPNJCPTG3GN4WG2YTPWNFYPHA,2023-11-18,일반
AGKAIBTFKDPPNNZ22TC34TRNBNMQ,2023-01-13,VIP
AFJJH654JT5YBKS72KDWAOPPCZPA,2023-07-03,일반
AGO7FWIRBIVDDEAYX2UI6DP4G6GA,2023-04-21,VIP
AGSJBU7AZR5BNW5HGXFDNH76SNWQ,2023-10-17,일반
AELVWGIYLMQUY65GUKSUJYVXRODA,2023-10-22,일반
AGSZBM525VC5PTNWEZC6I5CTH66Q,2023-08-03,일반
AGQDGNLHK6VLEZF33POQLAQ6NNSA,2023-04-30,일반
AG76GICZHJGA7YVN4TORX36ONVYA,2023-02-24,일반
AHOXZCFLXIOIPGI7DXYFAI2644UQ,2023-01-27,일반
AERATALW2RRDMFXI77X4JJBT23RA,2023-04-28,일반
AFCKOCN7FG2KC4PCZZUORJFFGEJA,2023-08-09,일반
AFAVZL5OGYPPWWRW6TJ7XTEHPVFA,2023-08-19,일반
AGKSU4ZSIR6TKLSZKM3IHFEH3FZQ,2023-02-22,VIP
AFPXTEAIUHCMFSNSGOL4CREXR4PQ,2023-10-22,일반
AF7YEBOIUIR3AWM2L4PCV2MCTUOA,2023-11-17,일반
AGO5SRT3ESLNL5WTRQFD5BSIYPQA,2023-08-21,일반
AGGNODUMRADB3PQQTLA3U7UKYEWA,2023-06-07,VIP
AHOUPKNSFRTL4F3KLBXFMEFJSKUA,2023-09-26,VIP
AE2BXTBQXZ54NAE4NYNFSBR2WREA,2023-01-21,일반
AFVUO24OGRVCE6Y7NXYDIOQZONCA,2023-02-22,일반
AFJGD6THKLQUOW46YHUM7RY2IPJQ,2023-10-02,일반
AEXCIDSOW3GVBORUKET6SP7RJ2PQ,2023-11-09,VIP
AHCS34T4DOHWPNKZ2G3W76AITIKA,2023-10-08,VIP
AGEMHG7WVU23NHOM3FGBFUDR4U2Q,2023-08-02,VIP
AGCOAUC6ORUPLX2ZZZQR5HD3HGHA,2023-01-31,일반
AHO4LKHLICKCC2UKDNIAITWMGBJA,2023-12-03,일반
AGU4OVT7IYKSJIBKTMGCTB6DYUOA,2023-07-02,VIP
AG6JGUFT2AOXWJS7UIOZBRYVE7VA,2023-01-23,일반
AFUES4NRZYASSBOKEIWJLHRO7CPA,2023-02-01,일반
AHDATOMH7HPV57Q6UFWUI47QEQ5Q,2023-03-15,일반
AE4XKNCRFDT42UVC2DCKMIXW4MVQ,2023-01-10,VIP
AFF4VJIKK6EL5VW7Z7QZGE2JAG6Q,2023-02-23,일반
AEV7WXLS2DB6RQA4TZIZ3A3E5L3Q,2023-02-21,일반
AGQUCM3GAU6HWOILIQRBR73AAR6A,2023-05-28,일반
AFRRHZVMJ63DSEXGYKGIGH7QJYJQ,2023-06-09,일반
AE5B4IQUTNKHTVKOPXPIZF7BSVCQ,2023-01-14,일반
AHQTD5TF5VW5IPOSAGIZ7VYFB66A,2023-06-27,일반
AFHJSGFTBH6DO62VXXNYJWTRC5JA,2023-02-22,일반
AEACCLBAYRCRJLUMTQVS5JSOYYVA,2023-12-01,일반
AEBFS3LI626ABZMQMQQZAVCZMSEA,2023-01-22,VIP
AEPNFXQVCUUGVV74K5KGJEIGCBMA,2023-01-30,VIP
AE7YHD67JEECIX3IESFI44QL4HNQ,2023-07-10,일반
AFCCTAOXYH2XQNESLRQRH72G27ZQ,2023-09-17,VIP
AGSVOGYYWRHJDZKU3MCFFYIPEVWQ,2023-07-24,일반
AGWVUW6YRWVQ3III5WXH7X4RE4DA,2023-02-28,일반
AHEH2QAVUEPNGB7EQJJWPYAOCAAQ,2023-09-21,일반
AG2X6MXVRQJD5VE7SYKNUNWVOQRQ,2023-01-12,일반
AHHZNQQE76XX2RN65TJO57ZXDDLQ,2023-04-29,일반
AGQ36NZXZMWU5W2JFXIK5GCM4MUA,2023-10-17,일반
AFBV4HQOSFPQYP63ELMOYRE32V6A,2023-12-04,일반
AH6SINCM4KQ3L4MEBRPK3MNHX6HA,2023-09-05,일반
AHSLNF7XKYX4LHL3JCCWY2KKNEAA,2023-12-20,일반
AGNSJO5LAO5FKSHPW3UDKZQLPONQ,2023-05-07,일반
AGSA37ZLXWHMSL74K3NMUHKGHWXA,2023-03-16,일반
AENFXWHBX7R7PZG2Q67PXLFGPHAQ,2023-12-27,일반
AESZWZDE27MOGUHBRLCLXLVPGAFQ,2023-07-23,일반
AG4UQP4EKBXW3ZFQFIEGYNY2UHWQ,2023-02-18,일반
AFOLBZKWUZVF4PQ33ISHI3DEFDUA,2023-03-20,일반
AFV6VAGYLU35VYPDF7TN4ZJOCTWA,2023-08-29,일반
AGA4MZI3ZKNPYUXSJ5OHUNI7EJPA,2023-12-15,VIP
AFJCL4S4SSCDXKTSMZJQ7DWNWQBA,2023-06-03,VIP
AFRUA3JDKXTUMZLL7DF6FA632JVQ,2023-10-01,VIP
AHVAI77H64YMRRMLITKJ5FPYALPQ,2023-04-06,일반
AGRSF3JCWR3L4M2GULFI4A4KCZKA,2023-08-02,일반
AGBRAMADVM5J4BNY7O4WWXMTYEBA,2023-10-21,VIP
AHX5AFYII54YJY4XSBZU3HV2PN2A,2023-07-28,일반
AFTD5SG4EQFZYMU5MFGH4URN6PKQ,2023-12-09,일반
AEESPVBBOGON4LQB5OV3CCXNRKJQ,2023-03-29,일반
AG4FDTJABUWBNHOQZ6CDMPEV5VFA,2023-11-02,일반
AE637NV55PORSWGNKW547AAOV3VA,2023-09-21,VIP
AEPLUJYB5UT2XVP7A2NSNSCOCVLA,2023-11-21,일반
AEM3SCJOCJZZLGUXTB75C57SOVNQ,2023-11-16,일반
AEBRBDIZFIWDBOXITGLYRRSVZBTA,2023-06-06,일반
AF3GJDKWGWNKAWFJPJWX5GB75VHQ,2023-06-05,일반
AGCDYE3ROZ5D6RN2F6OGXL4I72RA,2023-05-19,일반
AEXQ4SRRBRCQ6ZBY2R2Y3FP7YCFA,2023-05-01,일반
AF6ME2VTJURUMEZJMGCC27XEYDPA,2023-03-06,일반
AGFPWV2V26QRXMWUSTSGYQRVLW4Q,2023-04-17,일반
AHLPMR4VVPOQ2YOHBFOZ55D7OUVQ,2023-05-27,일반
AFXQR65B2ONAPVNIFV6RMMJXATAQ,2023-05-17,일반
AHKIW5FEJBZVHD4MH7LBRDKXFJTA,2023-06-11,일반
AE4XZRBGX3OYZRK6X25BK6UW7KPA,2023-04-10,일반
AFA2RHFCGLLADX2Y6VEUWDGJZPNA,2023-12-04,일반
AFTW5AE7RXGZCZGGGE5CIVC6ODMQ,2023-11-03,VIP
AH3VCCMOSINF7Z5TWDQPIJTI7LNA,2023-05-21,VIP
AHQQ5CAMLDWCOYQLE46VT6DT7T6A,2023-03-24,일반
AFPSD5MVTPICFIXY5LKKTXSG7ZEA,2023-06-26,일반
AGJBM3XS26DC7YAEKR4MCLGOYVBA,2023-07-17,일반
AFSBPCLAH6PSYUW2CO7D3SLAZDXQ,2023-04-22,일반
AH6XCAUGFE76YB4KK6DPMXFQJFGA,2023-02-25,일반
AGFWFWJXJOOOZJGBRVWUFFHZVMVQ,2023-06-28,VIP
AGKJJHQERUQMMSYWWDLXSY5VNH7A,2023-07-05,일반
AFXICPXB4TFIKV3SCE3LBN5W5QCQ,2023-08-06,VIP
AFFSKDBFEU4DW4HMBLQ52IQXBHZA,2023-11-12,일반
AF6PMNNWP4CSP7MYSQ6UMLKNRUJQ,2023-08-05,일반
AEMSMWVWDYLWF3I3SCHPJPDTS5QQ,2023-04-30,일반
AGTCJJ32K5W5TMGLW3ZYSCOMHWVA,2023-06-24,일반
AGAO5NDUOORFZEJW3M27SHMV4IVA,2023-01-23,일반
AG4QLX5GRMA774DI4ZA6VHAWPXGA,2023-08-01,일반
AG4ZT4XUVYDG34W6WLOXQPYYMX2Q,2023-08-23,일반
AFG4YVV6ZDOXBWVY4WW7EZ7FABJQ,2023-01-13,일반
AEKLUZARDMPMWERNPZFR6JD3BYBA,2023-04-11,일반
AFZLO4JX4Y2XDISGVAWMFE4GIZZA,2023-01-24,일반
AFGENKSKOZGTS6YYL5CYWKMV5MCA,2023-12-30,일반
AF4XQLEHSE3N5EXHAFITQTURTKUA,2023-01-11,일반
AEOHSSPCLSTWA4MAPWJJLJHSJDMQ,2023-09-30,일반
AFWL3FG6OEIIFL3TUJIB76DXYWXQ,2023-10-08,일반
AEUYQQW6ZI6DK2MJQTX2O7SNRENA,2023-04-04,일반
AHCEHLGVT3XPNMBLTOFSQRRZ3ZTQ,2023-07-20,일반
AEJGZNKM5ZGH6UY2YX537NWNWYDQ,2023-01-21,일반
AGZGGK6OUCCSLXO34PHT72EFVDQA,2023-12-06,일반
AERTNA7V2HRIEPGANADEJFCY524Q,2023-07-30,일반
AEITY7VD7DALKLQUEG6PFVIR4OIQ,2023-05-20,VIP
AFUAADADBTTU3YB2FUJQC3C6IEBQ,2023-10-20,일반
AH7F7ZZ6T36PJAYQ5CEN62XKFPMA,2023-10-25,일반
AFGPLYW6L6FYUGQDND7QGCRL2H2Q,2023-04-11,VIP
AE3W6H2PP2KKMVEDIF4Z2RANULGA,2023-10-31,일반
AFERB3TDE3HAUIGGRZAO7LNF7SYA,2023-12-25,VIP
AEC6SV7YUF3HQVEMSZOXIOJORZ2Q,2023-01-28,일반
AHHQF6UWD53IPS32OWDH7PX3LWWA,2023-02-10,일반
AEWG4B4DLLS74A5D5D2WYKSH4ZNA,2023-12-21,VIP
AFYPBI2BVOVJGI2FTGVRG7IPNYTA,2023-10-30,일반
AFIOILAIZXRGBCG63U6QWKUJUL6Q,2023-05-26,일반
AFQ44B5ISCXUWKFHZL7HTRTYWZKA,2023-09-13,일반
AF3IECP2JCTQZRF55RNIHBLIVL2A,2023-08-15,일반
AFLK6ZRFGVUE3QE7RXQXHDOPPJUQ,2023-08-24,일반
AFPXGO2U6B5RAACITVCFJZEUNRKQ,2023-12-27,일반
AEQRAZQWNHPRGHNIFYNEIKPYOH6A,2023-01-13,일반
AE54CJI2T5ADE7M3QPQN7LC7ECTA,2023-07-29,일반
AGMN7AH7PCCN7UGWGCPJQLH2SWWA,2023-08-17,일반
AEAATGPU3JDB35QPGDBHURZCAH2A,2023-04-10,일반
AE35OI7LDTOKU32IFQ3GQX5AOKFQ,2023-01-31,일반
AHT5CRFFKABTHYW4ECKZTQFY46NA,2023-01-16,VIP
AEXIV3RFI5NFISHPIOIRBFCEMKUQ,2023-05-17,일반
AE4ADCFGK4BPHVK426KLAGJIECTA,2023-11-25,일반
AHGC4ISYSAWYL3CB4IONRS7WO2AQ,2023-06-15,일반
AHQQYHFW6CVRWYWGJ53LNZKKCSZQ,2023-11-06,일반
AEJOCAMBYG2VFPAYA67LRSSAMDBQ,2023-04-10,일반
AHESOERCB5FRKL7BYJ6QQHK4BMJQ,2023-04-19,VIP
AGZCXPBXKXIEQTY4AH7KM6OPQW3Q,2023-12-09,일반
AF7IPRBRDY6D4F7XVZW4QZZRI3KQ,2023-06-22,VIP
AHGJXZZRXZB2T477ZTVMMKDT3LGA,2023-08-25,일반
AHXW4TW4TIIXXSXFZXBR2MWZLVQA,2023-06-11,일반
AGUQ57PHU2MEG2BIYVXDH5WDDDZA,2023-08-04,일반
AH2MCCISNTRUSC5FU5VOYCGL575A,2023-09-21,일반
AH4IURQX3DSNH4KLG3MFMVNAR64A,2023-09-20,일반
AFNBAIT26TZ4OJCNYY37T6SWDS3A,2023-10-19,일반
AFAVJJJRDJZCFKPZ4ACGTYBLRJBQ,2023-10-01,일반
AEZBJMTSQQ7IGWYTZDUQ24KXSFWA,2023-01-03,VIP
AFGZQNTKB7GCYDFGCOV2MF2VBSXA,2023-01-28,VIP
AHM3MJSP4J3IJUZE6ENH3352KDVQ,2023-11-22,일반
AFDE6CEFGDYLXV7SSVU7NCEZKXKA,2023-05-29,일반
AHNR5FBWUV4A5XSJXNBBK26US5XQ,2023-01-28,일반
AH2YX7BOKWSCK4CRS3U5IOHLPPQQ,2023-11-06,일반
AGNBRGWKNVYUJI43BQVDG7UPV6PQ,2023-03-06,VIP
AFVFGVFOC6WUUL7VZ3ZSBDAFMPOA,2023-12-22,일반
AHIQYP5QKXYWXGJC5Z6YGIZVQTKA,2023-01-21,일반
AGCXB54PNFRXYGF7NLH66BHO6S7A,2023-09-09,일반
AGJTDMCUUNZJRJKAQGZNFBSZUAMQ,2023-08-23,일반
AEBHV4MEUEGYYUNRYNMTNAEZFRBQ,2023-08-15,일반
AEFIFJIV3YDBR7WKSDYX4JEQSCDA,2023-01-13,일반
AGJ7FX6Z4B7QEM6DG2BT26XG6XWA,2023-11-09,일반
AF3HHR5VANS5ZX2IATPSOZDFEP7A,2023-02-18,일반
AEGDY32LMHDQODUG3Y452L2DSSOQ,2023-04-28,일반
AFYM2YCDE6SZB4OHEG4NX7OWJI5Q,2023-02-23,일반
AGIT26W6BSDLN6OOXKXIYASNSPXA,2023-05-18,일반
AG6WNF3AQBACEWDTRW6UM2MALT2A,2023-02-22,일반
AHKRFXJ6RBOTGHZ2QFSLO5BBRHIA,2023-02-13,일반
AHMRH27KXXRCKPVINMYZCJRLSGZA,2023-10-30,일반
AGOU3P3LXMXSZTQLWKGNGS3Y5TYQ,2023-02-22,일반
AEU6MYQDUVKLBHRXLKVRUIEWLX6Q,2023-03-15,일반
AHCIZVWUXAKRCE6KVLLMUKEL2QMQ,2023-02-15,일반
AGBUNLUGN3BK6UA3QIFOWGZVTLFQ,2023-01-13,일반
AH6WR7DW4S5LL5XV6UALLTX7XH6A,2023-06-14,일반
AFC5A2WLRTDARIZXW6FH3SDWVD5A,2023-04-12,일반
AHW76O7CH2OHYK2TO5A5BKXJMRTQ,2023-10-07,일반
AFEXISDUUT35W2QRLZHXXRXSAG6Q,2023-09-15,VIP
AGB7Z7NMD5362JFEZKZOJJJHD5OA,2023-12-03,VIP
AG2ICOYPSOV5SGBKFEYHGKCNK7PA,2023-12-22,일반
AGJ3OQ4X262D3MAQZ3CLCRVR5R3Q,2023-05-18,일반
AGWXCIC2IWWGNN5I4QTFMPSLSTHQ,2023-06-12,일반
AHG33NYBIPVHA7BABNXDT4NDZBMQ,2023-04-21,일반
AFWPPZRH2WVNMVTLFNXMAJCTTVFA,2023-04-12,일반
AG7Y7ZU2S5Y2H7UJX6AFGQSRB7ZQ,2023-01-17,VIP
AHAVRPA7Z3PKTTWVBVUISCKI7RYQ,2023-09-25,일반
AHKW7DR7CHI2WL772IRNUK3SOAUA,2023-07-01,VIP
AE6DY6YWTSSE3XNHDXZDGQM2JL2Q,2023-01-24,일반
AES3UPSNCD37JZLHZ3OIILRLLLCA,2023-01-29,일반
AESL7YEFFKTIZRBEDUCMD56K6VQA,2023-06-20,일반
AHEV734TKPP6CEJPWIMMHA65SL2A,2023-08-16,일반
AGBLMQ2TLWRDFQ32LGRIVVPYOQVQ,2023-07-07,일반
AHKUSAJGBXVQQSDC4RCKHF6PFODQ,2023-12-12,일반
AEPEJSIYSFPXKOXPS2QHZ7P5VCIA,2023-08-18,일반
AEU44FW4XJBDB33N4LYZMVLOUYOA,2023-11-17,일반
AGQBRQKHB6V2GKNP5NQCBG3TZFPQ,2023-12-06,일반
AGXXROFSXQ7UYFJ4SM2KRSY5GNUQ,2023-04-29,일반
AE4OJDGKLBRC3SKJV2S3AHVXBWBA,2023-06-05,일반
AEUDSXTROWKKBDOIXDIPXVUR5GAA,2023-09-29,일반
AGB2VOIFUR7OVK5G6TMSPV52XHFA,2023-06-24,일반
AF6LSVYUDV7WMLIBPHXHBDSVFDTA,2023-04-14,일반
AHPXWAFSPVEID3MIG3SFU4XFOSLA,2023-04-02,VIP
AF7QEOPISA5J33YVAQWX2EGDEPUQ,2023-07-05,일반
AGK3NNXG44TLWHYTJ2OAY4JMD3VA,2023-10-10,일반
AGKSHSI672DMOJKNVYC33PPKNISQ,2023-06-30,일반
AGTC43ZF53CWD5YIEPDMGMDP22TQ,2023-06-19,VIP
AGHCWVVH53TQGWLKJOGWOYCLLU6A,2023-07-06,일반
AESGEGKMDBH4NA6TM7NJILHKW3WQ,2023-06-24,일반
AEMDPZ5BX65L4P5KNIF3MZTZ6PEQ,2023-08-10,일반
AGRH5LRSEB7REHEO2KY6RSZYERTA,2023-08-21,일반
AH2QFGBZYKJDYPAKHEEXUKLZDYTQ,2023-06-11,일반
AG2RP4LU7VSU67OTVBAC6LSKI3PQ,2023-05-14,일반
AEQHT4NCWZ6DDFMOV3QW3W7N5HDQ,2023-08-12,일반
AGPYAZNUEWYCAGM4A4WWQNUXD25Q,2023-06-02,VIP
AEEH35CH4JAERU44DZYQVKQVXGHA,2023-02-02,일반
AF67OFMRED2DAQUDHR32ZPSIZEAQ,2023-02-24,일반
AHFCRBRVKYQJW75E4DQHUOXK7IVA,2023-01-07,일반
AEWM6BXJQ76ZA3JH3TEG3ORMEDCA,2023-09-01,일반
AFWCCY4OETWIYGV47TLKUZG3NAZA,2023-11-09,일반
AG2SGIEE46YOK5J5WFS52KHY4PYA,2023-05-06,일반
AHTWRETINVEPSRPIOUQTVART3IBQ,2023-01-12,일반
AFRSGOLOZ6Q45OOHXXHDH25XYHCQ,2023-01-16,일반
AEO6PDZZEPLEYE6MLIQMEEOEVJEQ,2023-07-27,일반
AELS6LXTPB4C5JNSXZVLDQDAZ42Q,2023-02-12,VIP
AFV3TYH4ZUHBEHG57TJOZ6XAQICA,2023-05-15,일반
AFUWVHBC2SCTJ7VEAWEIEYW5V4KA,2023-08-16,일반
AFYBMZW3AZJKJJTALIIXD7ZGEHKA,2023-04-21,일반
AFUFHMKHZZMFJX554XNEXXTJXWEQ,2023-11-03,일반
AHXXQS4GRLX7EK5BE6LFT6OKTWZA,2023-06-09,일반
AGUPGGFPP73O6INTDQ4RCOGZA2HQ,2023-11-27,VIP
AGNZRKED7ZOR5CWLAVUPIYAYAOGA,2023-09-21,일반
AET5GWBU6F666XIYM4PJ6EY5WCKQ,2023-08-13,일반
AHQ4S2IRIVYCHMRQ2JX27C6KY3IQ,2023-08-05,일반
AFR7NDA6QYOPSCNJIDXRDRHJIYXA,2023-02-14,일반
AHHCHJMZSYKSIE6TTZMRNSBE7WTQ,2023-08-02,일반
AFSPQFXDIKOSTXLMOGOBF4WR4SPA,2023-02-28,일반
AGHBP6BZR4HZMOMFJ7O2A22EAEWA,2023-05-12,VIP
AHIPJJAVOME7HM7PQCZAEOJRLLSQ,2023-04-14,일반
AFYOIOJCLIUTH3O47WX3UURCJZ2A,2023-07-14,일반
AFHSGENEII3KZX2B4PUT7PN4E2AQ,2023-06-06,VIP
AHAMQ4BF5OY7VBA7DZTCFBRK7QPA,2023-04-08,일반
AGIOL4B6EPMZ63RZQFWZWI33O2EA,2023-08-14,일반
AG33OJYQIXPPS7CONXFHC5GEYEQQ,2023-07-24,일반
AEGA5UJCOTFHN4JW6PDCIHQGYTEA,2023-03-20,일반
AFQM22ZZXTGUTLGC7WE4BVLEZW7A,2023-05-04,일반
AHNW7DHVU2D3PR2CDGHWALCLXWPQ,2023-08-06,VIP
AFEVDY2YG3NENBI47RFAXQ7ZEEBA,2023-01-04,일반
AGMFAVIBZTCLSNBIEME5SBNPIQ4A,2023-03-31,일반
AEWIIDMBKGRGGXGMHUDHSJRSYABQ,2023-04-14,일반
AF5YAAI52AMX6HOPQF2J3SOJESLA,2023-04-29,VIP
AF5SLHZEFIV3ISEOW2STG3EWYNQQ,2023-05-13,일반
AE45TP5ZURNMWK6GGPJ3F75P4ZZA,2023-11-08,일반
AHEA3K6ANMNJUJMNXADMGWWCQ7SQ,2023-04-06,일반
AFIRCW3B6RJPGLBHGXSYUWY27DNA,2023-11-27,일반
AHNBZ3WPTLGJBSD4DMHKPHJ7XDHQ,2023-05-23,VIP
AHCEOI6ITIDUNPWUJ4UXVSLL4YGQ,2023-10-15,VIP
AH6SGND2YZGJPEXEPAT6XTKVRWLQ,2023-01-28,일반
AHUKUGMWTTVQ5MYELQCPYTG2PYPQ,2023-10-05,일반
AFDHR2G2FNUFDTSWHO4LCLMB6ZYA,2023-08-21,일반
AGAPQRGQHJFMTSOOUP4ASESAQ74Q,2023-01-17,일반
AGHDPSPN25DVVA7HJ2AH25FTKQFA,2023-02-28,일반
AHGT6UU5RQGF6YSGFMDIXANEX5RA,2023-03-31,일반
AG6L76MYOFGJ2MUPN3XH2RN6KXHA,2023-07-18,일반
AHI55SSF7NUY4BMJHZVXTUAI4Q7A,2023-12-28,VIP
AHB4AEOCLEVH2JSTXPU737KTXS4Q,2023-01-26,일반
AHXC62FGJRYSCJEBZEZVALOML3GA,2023-01-25,VIP
AGZPAEOZFLFBCYQLIKZGSERRSPIA,2023-10-28,일반
AE3T6AOS4TGSVXSZ7QPC4ANCQ3TQ,2023-12-05,일반
AG5Y7T4IINHLVZVMTSVQVFGJEITQ,2023-09-24,VIP
AEYZIV7VQ5N4JLPNJBE2H5R4FX4A,2023-06-30,일반
AHZSWCFTWESY2N2RK4BVWBMM4TZQ,2023-12-26,일반
AGMSYOF7SPTTR7ZTP3VWPKWTZFVQ,2023-03-09,일반
AFCKVOFM46DHVEVU7M4ABUCXDLLQ,2023-12-17,일반
AH6ROKDEOWF5LFGRK4GWLYNSO6YQ,2023-11-17,VIP
AGWSJPW7AT2OTWNRZGKCMRT4TPYA,2023-02-18,VIP
AFX3S2XJA42O4HP6JF2F2MM5XGFA,2023-06-24,일반
AHZJIQSIZULMCKUVKKUV7WG5PEKA,2023-02-21,일반
AGSOOGPVVNTJXHSJK7FBA7ZJHIHQ,2023-04-12,일반
AE5BCR4FI23IPEGD3ZSDWOGO4ALQ,2023-08-04,일반
AGJ64A22CHS6NGAE6LD7G7PHCYKQ,2023-07-07,일반
AFJXIJRSFMMNTYMOGJK7EE5XNRAA,2023-02-26,일반
AHPNKUIAW65N46LJ65KLE62O2ELQ,2023-02-16,일반
AEY3K25JLSHVO6HLN6ADH62FJXMQ,2023-06-08,일반
AGX4D4PROUQBRLWAC6L2I7UQSC4A,2023-06-23,일반
AGI5GQ6NFKL5BOZABRAH3KIS5C7A,2023-08-30,일반
AGTBOVMYG7TUOXA2KTDKPHKVOUIQ,2023-10-09,일반
AF7NUNBNBZ2WXQ5QGBAVERSVWZYA,2023-08-29,VIP
AGH73AG4ROQHA5BYSSFPWXK5NXVA,2023-01-05,VIP
AFA6YM4NTFRGHHKYN5U7HUYEVSUA,2023-03-25,일반
AEB3EVUTQCHIE3PGITWK72Q6EKTA,2023-11-04,일반
AENDMMCGUEYDYJTVD5GZ7VWYOALQ,2023-12-27,VIP
AGYTNS7EN2WZ2WQGLKN74NA75PNA,2023-09-05,VIP
AFXQSIUT7B2DVWYGONQGEGVMGFTA,2023-02-23,VIP
AGBSRQCSUBTYN644BB4FVJBC6RCA,2023-06-10,일반
AGK2AGWUMBCU5TCFIZSFDJORZH5A,2023-08-14,VIP
AG6DLOLZYH4E5ZATU7HOAK4REHSA,2023-01-15,일반
AEREPHGDEP7EUMBCNLBQ67GNJQMA,2023-08-12,일반
AHLOJPA3DIPNKLDZVAW5XBTCSA5Q,2023-03-02,VIP
AEAEGYFLA2BDHDKFUFJYT535NYGA,2023-05-02,일반
AFAC52GQISXYJ5DL4YVQHXGSE4MA,2023-10-04,VIP
AFHE2TI3W6OLWLYJHVQNAT3C5BUQ,2023-02-15,일반
AF3T7GA6HBAC7MHVNY3RBAHOEXJQ,2023-10-21,VIP
AEOHQRCRMKHNGRQRBVRQJUV3UB3A,2023-03-03,일반
AHRD7JPBFXQ2S3VWIQRTIKHYK66Q,2023-03-27,VIP
AGDY4LIW3A477KFMINSUKYRMSK7Q,2023-07-29,일반
AHX6FDK45XLTIXMOCTEJLIVTHJDQ,2023-03-19,일반
AH7QP5VH5777BLVSP5M6KE2IEOWA,2023-07-21,일반
AG3B6VHXNSP3NV4QKN6S2UYW3IHA,2023-10-29,일반
AGK67PKY5YNSHMUNIPVHWPQKPBLA,2023-08-11,일반
AH75SNR4HB6LTEAQRARKQV4PGRJQ,2023-08-10,일반
AGCF4OSJR3ZAIS426KF77KR7N52Q,2023-01-03,일반
AESIFL6Q25WEMARTHLWMLOCS7ALQ,2023-01-06,일반
AFSM3ANFFBHN7NCB3JYF4RZ7YQAQ,2023-04-03,일반
AE67ZNU72JW5PJQHCXBG7SZX63SQ,2023-01-08,VIP
AEWHCRZOB4UBLIBAN2HJSXDEGPBQ,2023-08-23,일반
AEQNCSQJK3ZBHTJ7M2ID6FLUA2CA,2023-04-18,일반
AEFDI2YRIMBNCPVHEGTCZ3EEJJBQ,2023-06-10,일반
AGS3WLGMF7WWDCLGJSVULWUNPLFQ,2023-07-28,일반
AEF4AQOCIUBZ2YYY25OWVB42GTKQ,2023-08-28,일반
AFDU4WS7SYXWPP3Y7OSPKXRJUB4A,2023-11-27,일반
AFXRH6SHIJIG475VOAVT4QPDJHIQ,2023-11-29,VIP
AFSUZQF66HKTKPWRUOGXQKZ6VAKQ,2023-02-19,일반
AFZVACGHIEIUWBF2UAWI2MU67LCA,2023-01-11,일반
AGFNZ473LGYCCHTA6CZKSUAYVN7Q,2023-12-17,일반
AFHK3ZGJ2YCZLGNZTHLEN6MVGCAA,2023-06-05,일반
AFF4CH4SPZXHDKB5BB25KUX22SBA,2023-03-11,일반
AH3NRXRMQGG7MFMMJK6V4WQJYO5Q,2023-06-18,일반
AFW7SE27ST3TM7KFAGQEORGOCQJQ,2023-09-29,일반
AFROXVCIF6PZXFXLS7DLTPT2CGCQ,2023-03-09,일반
AHA4ODJMDNBNUVEUSICIV66LIJDA,2023-12-21,일반
AECLUTC5AZMCISU3ZNO6J5POEQQQ,2023-09-09,VIP
AFN6GFJ6JSQR5IEIT4Y34BNEZAYA,2023-02-17,일반
AEBPHDTDFUCW7HI35KWQYFX46I6A,2023-07-03,일반
AELTGGPWKKSTSM7K75CTYV6PIM5Q,2023-11-16,일반
AEB5GI6B4ZNBZUJQPXNXKQ5M776A,2023-07-06,일반
AHUPT5QRQ2NHQTMF6RUCZW6WBXXQ,2023-03-31,VIP
AFUGDQG5WBWBZJE2NX2OICO3UFWA,2023-11-28,일반
AHFRVHCEDFHQ4PRJLJHZKNRN34KQ,2023-05-19,일반
AHZDDRQIN5ABLJXSOK7EZI2GZHYA,2023-12-23,VIP
AHCN532M27HWIMZYEX5JVUYXR5EQ,2023-03-30,일반
AF6LU7CXBGSR5KKHAJVN2PSESNDA,2023-10-01,일반
AG2MRGYFBXUEYGEMBLUJC3F74LJQ,2023-01-19,일반
AFF5WUW7WRVIFAPDQNHER4FCQFAA,2023-11-07,일반
AERZ4XMT3P4TPSFNUYQ4AKUC6S6A,2023-12-24,일반
AGU43SQ6PXZIL5F5RIBYVGP2JK2A,2023-06-03,VIP
AESMLM2YPJKZK3XTTYJZFFK4VVSA,2023-09-17,일반
AFQO5BOLBEYCCQ2IQ2KCB3FWX25Q,2023-04-18,일반
AF3N7NRJHQ6Z5XZXU4HXESU2YXGA,2023-10-12,일반
AHL6VKPMWQ4A35OHVFRCPPBBEJMA,2023-02-28,일반
AG3YSO4JPZO3L6K2RWYUN5WXRDKA,2023-05-05,일반
AEMVESKWHANTAIVYKLAW7JYH4YYA,2023-12-20,일반
AHITHYIQE2EATBE3LI6GU3HJSMLA,2023-09-30,VIP
AEZJUJQB64NT76P5L7G2ESI3636A,2023-04-17,VIP
AHYCLMEK6HTW32Y3U6V3MVCCEELA,2023-10-26,VIP
AHN4U6CGBQDOWUPXFU7GFTTT4LPQ,2023-09-02,VIP
AHEN3ERHEI5OYGDGM2BXEF7EH6EA,2023-12-02,일반
AFFX2TCBVY23U5UDFM3NTOPUSCFQ,2023-09-04,일반
AHHWMM74VFNSZX4JYLKWBTMNBYVA,2023-01-08,VIP
AENJS6Z72CJBZ6HHPJE2422AE57Q,2023-05-21,일반
AG7L3FBDA2KLNZOZWS2XF7Y2GGRQ,2023-12-28,일반
AH6VYUL52LC2OCCRBHLSH6IH4B3A,2023-01-08,일반
AGD2RAVYCENEIWLBUNTSEHBJ73QA,2023-12-18,일반
AED4F4GBE3CHLH5VPHQFYBNTSZJA,2023-04-04,VIP
AGNRMULABMTY7VTZAGRBYTQ2EMCQ,2023-11-17,일반
AE6GYV2V4MGT4VMFHJ2CDRWVYS5Q,2023-02-08,일반
AGF6BP7K7OUOWT5WN4AKZWW3UDLA,2023-03-22,VIP
AHICRWO4RPGT5JZX5X62PHKEIOAA,2023-07-06,일반
AELSKKUTL4Y2Q3KU5GP2L33XVMYA,2023-03-25,일반
AF34EG2TFEJSS6JCF6KVYXWFVKMQ,2023-03-29,일반
AFNLHG3TWOKXCUUSVQRLFJUO4EQQ,2023-08-30,VIP
AGRLV5DOERPIHD7M2T4BROBCH5BA,2023-12-08,일반
AGSKNL5Y5BXTBFEM26LRS26MC32A,2023-04-03,일반
AH5PHT6FNGEAWO5L6B7DQSYHZMFQ,2023-03-27,일반
AEEFS3FOUKDT4GU4ERN6AOCMHTFQ,2023-02-13,일반
AFOJ6DLJQNWRLJIVLU25OZILE6RA,2023-05-17,VIP
AHWP57C3GNX5E32HHWT43GCSC4FQ,2023-03-15,VIP
AHAKSS633XQSBDP63G7OCYEXPV2A,2023-02-05,일반
AG7IZHWLVWLGGYDRPI7FNFT5FTOA,2023-04-11,일반
AHQTUOLZMVDGHM233DHLOCIGDSYQ,2023-06-05,VIP
AHBXADPUQXAIJI5XTHUKDWD3OQLA,2023-09-12,VIP
AFT2P43UBSNDT2FIVCJGU5OXO4IQ,2023-06-20,VIP
AFFDTA4C2KBZN6U2VLE3H4Q244QA,2023-08-04,VIP
AHFX3A6IT3PFKH3WJU3BRCMOAOIA,2023-06-19,일반
AE57P6GZXORH2I7GELKYG4WF44EQ,2023-09-09,일반
AEYYJ5PIFRCXNHS2EJPMJUGTDEZQ,2023-12-26,일반
AFSUJDWQ273XNSVOHS2DODGGBVYQ,2023-11-18,일반
AGKQW7XWMS7MUWWL5OHMRKRJCIBQ,2023-02-24,일반
AHUIE3AFZ4L4DOWE6HF5XUXBWM7A,2023-04-01,일반
AHBJKJCUV3CH6774KEAQSRLKXU4A,2023-10-05,일반
AHCP3IJRF3CCTAK5LPCJSWLVMCGA,2023-04-11,일반
AEWV35IS77VEIX4T7GIMS7WUPLLA,2023-06-04,일반
AHJJPJEYJI7CTBSWRRMIU7GW3NAQ,2023-12-15,일반
AEQPYAO4245QP3GSNQPFDVAKHFRA,2023-12-30,일반
AE52V2LIW4Z75F47TVPERNBRPXRA,2023-05-21,일반
AH3EONAK3BU7EWDYJGJEBJ54KRLQ,2023-06-22,일반
AEDS2VTTH5GACRGL2B5F7TLJULYQ,2023-01-10,VIP
AGOY7AILHEVOJA6SPYYUQYIFVVKA,2023-08-16,일반
AEWW4LJOVXD65UKE7QCBCHQZMG7A,2023-09-22,일반
AGVWB5YTQZC7GAIV4PCCOFF2U27A,2023-09-05,일반
AFUR2THG6BYV6IRA5JV6LBQNG2AA,2023-09-04,일반
AFSG5TXKKCLHBK3FABKJABBBUHEQ,2023-06-04,일반
AF2DOUVTY5LHTVWGGVE6YHW5KEGA,2023-02-03,일반
AFEX5OM5UOST6POIWTBW6TCEZ2YA,2023-05-09,일반
AFKZZOQ7J2SOXP3OHFBEDXNFINCQ,2023-06-09,일반
AFD6P5IRXY6KWXUW4H7X6ECRMSLA,2023-03-30,일반
AEILGA3FG3TQAYO3EITLHUVI6MCA,2023-04-03,VIP
AHCOIX4FTZHKMCOH7TPK45D2KKDA,2023-11-23,VIP
AHYFPG47CQW6OMLRJZSHPCQJXP2A,2023-08-29,일반
AEDE34W5WJGXECUXTOAKRHAOUGBQ,2023-11-19,일반
AEZW6T6MCZ36RCAVWYLROTAAACCQ,2023-04-27,일반
AFSNFNBATJC5YFJ3ML5STBT5A4KQ,2023-04-04,일반
AGUI6FOOCJNZ5DBLVZIZPGVHXQNQ,2023-06-12,일반
AGH2D3JCXGY6SY5ZWKOIDELCLUQA,2023-04-09,일반
AFK54CUHW2VKQOGOWQD432GXJJJQ,2023-04-23,일반
AGWBDFED7HKRTXHFQFNGFDN32GFA,2023-12-25,일반
AGVIQIEZRWOFT45FVFJS532GJDEA,2023-04-01,일반
AGTM5VJF6YXWQ6RW4Q4OUT2OCX3Q,2023-12-12,VIP
AFI5C2KZCUJSWZLUFDDRAPMFJPSQ,2023-07-25,일반
AF4FIRN7RPMBEFPQGRYS36ZJWW7Q,2023-01-17,VIP
AF4ZFHPSSQQNBOH2HMEA7ONW5GBA,2023-10-01,일반
AEH4535UEBGBK4WIFIR5RHBM7AQA,2023-06-22,VIP
AHBXCQFNVX4Y3DSDZYYDHORYLLSA,2023-04-26,일반
AEOLHHEMZIIF7EEUUV2R4TJB75UA,2023-12-15,일반
AFFAQFCCJ5DD22NG3VJQA3XPECXA,2023-06-30,일반
AHSUUCCXKIC7DV2MVAXINC3B4GOA,2023-04-01,일반
AGTQRL452KSW2S3HBDH75PIC4F2Q,2023-03-23,VIP
AF6AJLI5BMDQ3ODA7AW3UMVU2X7A,2023-11-20,일반
AEAD2LHI2R3QVR3AQKOPB523SVUA,2023-04-24,일반
AGHZS375UQZ6XK6BYQCZ2YJ4TX6A,2023-09-14,일반
AE3EZWQC4YBZLYGELTAF4RPD4YVQ,2023-02-27,일반
AGHNTOZPHJSNZXAV6VXZ55QQS2VA,2023-06-03,일반
AE34CJ4WMOVB26TU5H42L74U5DGA,2023-12-31,일반
AEMLPNYNPF73NMFYHSSXRCYO2OGQ,2023-04-26,일반
AER43SPS7UTEVRDP7YPU3HTOQA3A,2023-12-09,VIP
AHF2MPFWRSCS6OXUZ3D5W3C37CRA,2023-09-23,VIP
AEEF4HG4M3I4C27OWPX5SSBESB6Q,2023-11-11,일반
AHNRF2HZSCFRQZBZLYECIAG4X7LA,2023-07-22,일반
AEBY7LSKMBHUL74SXGJDSRKKPGXA,2023-02-10,일반
AFZOAPDLJIFD3YE3HDLTHDSWUXNA,2023-04-15,일반
AGHKOJMPPR3ZWSYI7BCOFHNIDP4A,2023-07-12,일반
AEUXGDH7N7HYBKXCLX6ISS5XYIWA,2023-10-05,VIP
AF2FJFSVMDNTOTK5VXW324KCENIQ,2023-12-20,일반
AG5S67BW7SOU7MZK7VGDTLCCCFWQ,2023-08-25,VIP
AHEPPTU7YZ4YNMCKFBT5PG7W2CHQ,2023-08-09,VIP
AG7URP5PKDSGZQUIBSSSVTQCYDBQ,2023-03-09,VIP
AGVHA7GWJH65MLMZ6UEFQFPFEABA,2023-07-16,VIP
AEZJ7W36ANQVE7DVQAVPDAMMK65Q,2023-09-13,일반
AGLLWVAI4Z22HEY37TBOWCHYNVMQ,2023-05-19,일반
AG4KCGZMX3RVD6WWOR4USWIW5P6Q,2023-11-08,일반
AHI7MAEVGKFALD52EV265L5ZZXTQ,2023-05-29,일반
AFGEKEI73SEGJGTUTZCS35U5UJXQ,2023-04-09,일반
AFQ7SOVCXM34BZ7KEFEX7M4TPD7A,2023-03-17,일반
AHUPUQJ3RNQZH5SI7ZK5LWNDYXVA,2023-10-09,일반
AF2K32KCDE5FG35MDRCWU35PBIKA,2023-04-19,VIP
AECWYSIVTNLIIS5A2JCCXVV65YEA,2023-07-07,VIP
AFGRH4DRQCAFVZ32E2HCJV2FY2CQ,2023-07-18,일반
AG3VNAPINYOYAQVGDR7ZJ4YQMHRA,2023-10-30,일반
AFVCCE5SH4O6EKOUDLJNKCHQCEKQ,2023-11-23,일반
AHXGYVTMKDT7JUK4RJDJC7ISMPDQ,2023-06-03,일반
AEWRRSZJ7PFNPLN3PDWMWQJ2UEIA,2023-02-09,일반
AHWNKLMNWM55LSYHST2D4QJHIPJQ,2023-05-13,일반
AEP3BU7PNOTWYZ2YZ2IGC2AFJ4UQ,2023-05-12,일반
AH5PCRPW73ATTHHWOOCLLOY27RTA,2023-10-06,VIP
AHYRVZO75V7QCBX2UY42LN6TPVHA,2023-12-28,VIP
AGMJH3UJPOVZAA7KCWUGWNBPOPDA,2023-03-25,일반
AFA6VUQZIGTFOXBWJQEN4TRPEYSQ,2023-08-30,일반
AEFBEFEQHITZHESCPA42U5N2Y7YQ,2023-04-26,일반
AHXVJ4RECEDVRCX2R7BYOMRO7KJQ,2023-04-19,일반
AEUNZGZ7IQFCJEFHU647HB57FC2Q,2023-08-09,일반
AEUWYI55HVW2GO4GRLWK4PWCTPLQ,2023-02-10,일반
AEDRDM7OTIWIAOWELAEAITODC4EA,2023-05-27,일반
AEDZ4OLR66LZO57XWMR6F43K736A,2023-04-22,일반
AEIXRXVWCR62IELG44BI5F7ZZUSQ,2023-04-13,일반
AFMCGE5U34NNKT2AGRY5TPX4OHKQ,2023-02-15,일반
AEFVX5GYQ6Y5MQSA25IP2FM2ZKTA,2023-11-20,일반
AEMEBARDKUUI7MQSY2HXMC2DCT4A,2023-09-28,일반
AH36CGQ26U2XBH5AOGHYNKL5Q2OA,2023-07-14,VIP
AFN2QOA5EGEBINN5RMANWEVQNMYA,2023-10-07,일반
AFRAZBKDRASUEHTVFD2LOQLK7DCQ,2023-10-10,VIP
AH4QHKISYAAMVDYY7BKOAN2BNLAQ,2023-02-09,일반
AHKEJNX6BD23WELVKN25GORPR2NA,2023-07-08,일반
AFTFXABT3BDNGAMCE5GCZ5BIZOGQ,2023-06-13,일반
AHGJUEH2OCUBOVSJSKQSHCSOW7ZQ,2023-01-24,일반
AELVCY3WRWL2IPLH6BX2VXKUHDDQ,2023-01-24,일반
AFQ4223SMNWNRIAGWCCSB6AN6PRQ,2023-01-04,일반
AE5XTZM6CCS7KOS6K2CEYEESQJUA,2023-11-19,일반
AFSBYWJB5BRFON6DVK7M5YRGL72Q,2023-10-17,일반
AGIP2P2RM5LF2Z6NRCGYE6IZA27Q,2023-06-30,일반
AFAY4E5XO4Z7KO4FYOWQYQSKT4KA,2023-09-05,일반
AFILRU3X2FCDPDW5UKLT6C7OPJSA,2023-04-26,일반
AFWTGD4FCS2E2U2TDCOEOGP2FWEA,2023-10-06,일반
AFHMG44566SPMVPBLRU7VTTJ26VA,2023-12-31,일반
AFBDL2XOOPYMHMLABSXN4JAF3WOA,2023-03-10,일반
AGZK3EYB72FFZWRS77DCYORIIZZQ,2023-12-17,일반
AGPQASU7OTDRO76TQFWP7NVDKD6A,2023-09-11,일반
AE62ADD7WHBES7SB2GESKXCE2R7Q,2023-06-30,일반
AFZZ3LQJXGZL2I3L2FI2I4ZYEDPA,2023-11-14,일반
AF5VUXGXGK7JT2XRO7HGTFDQY5OA,2023-06-18,일반
AEIXBTPYBR47FGHAXDGUF47THVNA,2023-11-09,일반
AE22E2AXODSPNK3EBIHNGYS5LOSA,2023-09-06,일반
AHHV55IOBUA43K6OGUB6MH4SCSPA,2023-07-07,일반
AGJZRLTPG3LJML3KI4RAVEQ2RQDQ,2023-02-23,일반
AGRAVGG6YRUYTGZDEFZUUNUQO2MA,2023-11-22,일반
AGS2SGI5ZQ3VU6CQCOHCNJ33XQRQ,2023-12-23,일반
AGCI7Z2ERAGGKG4BPPEUVLXHT2FQ,2023-11-09,일반
AFLLEPVLIAH2DFSHAZ77KWFM72ZA,2023-05-18,일반
AHY2YZWK63CNZ626MC3TFQRBB7RA,2023-06-17,일반
AG3PG2EM3MIT6IYPS5KZRIAF4QDQ,2023-04-13,일반
AE2KS6ZY376YMGX7RNKV7VXUEGFQ,2023-03-26,일반
AHUPZTSAPO7GABNBTIBDYNFKYFKQ,2023-11-13,일반
AENQGQZ4L2CTB7HT4QUUZB3IJO6A,2023-07-31,일반
AFZDZGWHZNPZ3VLECIBYSFUDGT4A,2023-01-03,일반
AGOYRUEHDI3SH7N4KBLQS4KE6G2A,2023-06-28,일반
AHT3PNU446CPE3MJRLGDF5V2R5EA,2023-12-08,VIP
AFM4NVMFZR7V3YHD54FEHQXFQBXA,2023-10-30,일반
AFZEG6L4GPWPLCNRA727ERKMBPBA,2023-11-28,일반
AF6ZV6WLSN2HCC3XHTVHZOMRRZ3Q,2023-02-07,일반
AEIRWUG67FDIYGZLFOLIOT3LAZ4A,2023-08-27,일반
AH67GVYCB2QS6CIQIZ7IFYKSMXCQ,2023-06-18,일반
AF7V4J7TH7SIZBZW2ZKS56QML76A,2023-12-09,VIP
AGNGKPDG2KXIZC5EXKPKSBJTSBNQ,2023-11-10,일반
AGZRJIMJCQUUHZG34JSIL5PSXGTA,2023-11-02,일반
AHHGP3WIV7RMRVERWVUEYLPYXYHQ,2023-01-30,일반
AGB2GEXGTW7TMVVANDCMSSXHC45Q,2023-07-09,VIP
AHMRZCSYJPOWABVP3722Z6YZR7KA,2023-12-23,일반
AFILVH3E6XXNDPWWK5NDSVKXLEHQ,2023-01-25,일반
AG4V65HMYF6P3SFTT3ACUTVJ5ZWQ,2023-04-22,일반
AEYUOB6DIP2L2UJDHWMN3TIFU2CQ,2023-07-25,일반
AE3BKBMK2CPOW3B3NOAN6753O4TA,2023-07-04,일반
AGKET6EBMS4XL3NJXMR2JOPTFO5A,2023-02-16,일반
AEWBMDGEZ4X45MQ755DGGWVOA5PQ,2023-08-16,일반
AEDWE7SRSLUC4O4UBDVW2PG6RALA,2023-02-08,일반
AGP2G2TDF5Q5HZECH6MKPXWAFWDA,2023-01-16,일반
AHHLEAFO3POG5JSN5OBR6S23N3PQ,2023-01-22,일반
AGNPEDP5PPB3WS77KHG6YFLDZRUA,2023-08-01,일반
AGEZS5T62DR6CMVOT6PTWIKB5G2A,2023-11-06,VIP
AEXIQRY2ZR6B6GRHEYZEMLUEUAQA,2023-05-29,일반
AG775T6JDIUUYOZ5VGCCQLTCDVRQ,2023-08-29,VIP
AFQPZZYIFMI3C6LLIUI7J32N2ENQ,2023-09-29,VIP
AE35FM3ZVTBEQGYDRYS6BVM65J5A,2023-02-28,일반
AETNHAGXKVVCV37ZG5BSJULYPI7A,2023-10-14,일반
AHGJVDDNG2LCJPZUBWBLWIJVH5HA,2023-07-21,일반
AHKU2DWXK73RVA5XWKV75XR6WFQA,2023-02-01,일반
AGC7CC6P34RRKZDPNW5BIM55VA3A,2023-06-11,일반
AG5C253AVEWRSVYUA7CC5DCJAXZA,2023-09-12,일반
AF6F5SXN6WZEJUZNPNBN7WYT5HPQ,2023-09-11,일반
AE5Q66OAQVOETNNHP2BPN5WIBVJA,2023-01-09,일반
AEH2RH7OIWT7S4QEODICS53N57KQ,2023-05-19,일반
AEHOWFK4BF6CWRRJDVZUZOVUL64Q,2023-01-10,VIP
AFJ5LGRDRG2RMQGAD5BJC5YXQSJQ,2023-08-02,일반
AHTXV552AQKBQFWD55KKCHCNLVZA,2023-09-30,VIP
AH2A7GWJRYJ67HRIGNYIKLIU3ORA,2023-11-20,일반
AEUXJKOEYXTPEXZALZOBJP3QBI3Q,2023-02-17,VIP
AHE44P32QOQ7RN7NMKUUNY5UCWUQ,2023-04-21,일반
AEXGNEQORPZO3LRAOYSYY2YEKINA,2023-06-02,일반
AGQL4UZV6XLH5QKBJPXX5F2SVRDQ,2023-05-03,일반
AGKF7OIXWGSJTEV3DW2MLSSCFK6Q,2023-12-23,일반
AF4F7MWCZXPUGRG54DXLB53MOJPA,2023-04-12,VIP
AEUW4Y5YDVZYXKFQ7BOQZ6IL6MPQ,2023-08-29,일반
AGKF4F2CY6D6E6FT2SK2ERSQJBIQ,2023-11-17,VIP
AE3VYASU5PP6DWIZJ66PBLNM4PLQ,2023-07-10,일반
AGVFCAHYGUUYGNODPT4TQQXTUGHQ,2023-08-05,일반
AFWK27A6IAU3NDNZKOC6VSFUPT7Q,2023-02-20,VIP
AEUNRLYPFHSNIUTSTYF72R7XCSMA,2023-10-19,일반
AGIXZFCBWQFPGYRBGOMZN4HDJ22Q,2023-03-22,일반
AFODHW3TDUL5H2EGNF4DOL5KWEHA,2023-03-29,VIP
AGQMTHUQSTGTZAMDFWDNAUTLQN4Q,2023-07-13,VIP
AHUAVIIVYTKSFJV2C42QS4BXFOMQ,2023-04-14,VIP
AECKRXKG6P4WDPQMPD3XPO5ZZ5QA,2023-09-28,VIP
AF23F2BUJEUNAGZDIOQJKUYF6LAQ,2023-04-06,일반
AHRDRWRO47YAE3WV6X6SXN6DJZBA,2023-07-17,VIP
AHJ57MLUC2YLYZQKU3CX6UL5PGJQ,2023-01-01,일반
AGCKYTS6NKAUMR36K3LGAKBK7HLQ,2023-06-16,VIP
AGMB47WHJPH52A57TVE43RY5DIZA,2023-05-06,일반
AHYSFGBB7ME3WWWP6PX55YHNYFBA,2023-11-09,일반
AHS5UBL4UFHYRUJRMMJKY2CUTOLA,2023-03-22,일반
AE5VN6K6A4NJNWVYSEWB62MA3GMA,2023-09-08,일반
AGJE2YGFQDWL6E6O3XOBPQ3YJIHQ,2023-06-18,일반
AEG3CL326V5AJNOLTC2BCUTR6NHQ,2023-03-14,VIP
AF2L335C5YSJANG7RGOAGSFB6J3A,2023-05-21,VIP
AFBUKSAGU3IQF6O63H3C52YQ3KDA,2023-03-11,일반
AEWN45SDFVQU23BOZRMYOYRAIVNA,2023-09-19,일반
AGRGAYQYSNND6OH2E5YMILNQLBBQ,2023-12-06,일반
AE4LFM6DUWG3H3L2O7BRXRDWMPQA,2023-11-04,일반
AE2TSJXRS5BXE6X7WFS7HOFJKCOQ,2023-09-02,일반
AEQTFT2S7RDVYEGOX5RBADQ4VY2Q,2023-01-03,VIP
AHPCHA3K3ZQDEKCNSZJ56BD4HY2A,2023-12-03,일반
AH75O6CQEPN6J3Q6VH4WIVD4HZUA,2023-03-04,일반
AHNK4EL2BOSS6WRMONWHNWAF5KRA,2023-02-18,일반
AERG3U7VI5YCANZA73XOR6KT2SZA,2023-03-17,일반
AHAN5RDTJMGOCIYJZKWO2SJFOB3Q,2023-06-24,일반
AGHS26EBVZK3HDJBO26J7C5HYCSQ,2023-04-19,일반
AGYALNUKBTA6RNY7Z2SC3VH2JT2Q,2023-07-02,일반
AHQDHG6EKCV57TQLXPKVE7KAYNVA,2023-07-11,일반
AHCJIH6NMUZJQMRBAA5PYGR45WWQ,2023-03-06,VIP
AF4IW4EBDSC5S2XTNUNVHFYUJS7Q,2023-12-03,일반
AE4KVX5GHYODL52WEFZP43XMAQGQ,2023-09-28,일반
AHCNPSJTDABFVKVD6GQGNFVLHCQQ,2023-04-10,일반
AHSHLUYM2IFSKX2JWJBR6JAAP7HQ,2023-02-01,VIP
AFYRXRWGIWPROKMMVR6ELUFSFSGA,2023-12-18,일반
AFMALPNH6MGGBFCSBABKO6HN2KKA,2023-05-08,VIP
AHVP3JOVGO4JRMQQPHMEUNYSLZEA,2023-12-05,일반
AF5VMYLEUAE5OBUOA4XYAVE3FJEA,2023-02-12,일반
AH5UVEDAQ5T5QN3ZCZIDM5TNAAFQ,2023-03-19,일반
AHKX52UJ5M3DNLQFUIONNKE3TSUA,2023-11-10,일반
AFAFL4TW6TSNMNULD4R22QMZVDIA,2023-10-16,일반
AEYREUEKXGYJ52TGYDI3BEH44BTQ,2023-09-27,일반
AGD6B62KZDV23C7SNNGH527OSMDQ,2023-06-11,VIP
AGYGJLVA3D5IZCPCTZ2TRLD7FMPQ,2023-07-08,VIP
AGRLWIEF6OTIY3HBUUQOGQN26K6Q,2023-09-04,일반
AFC577LBGWLZKE53GGT7GGJE5BZQ,2023-08-04,일반
AHBQ36XNYYCHTWJGBDIP53OJLBDA,2023-11-11,일반
AHE7Y3GGVB7K7SZY6AG3SAD3QINA,2023-12-05,일반
AEDKNRNG6YV7UXI72VNLX4DK3XMA,2023-06-17,일반
AGOEYA7EZQOCWCZNMHZIS4SESREA,2023-12-05,VIP
AEY7ZU2T6RLK6AL3INXMZP4VGQCA,2023-07-12,VIP
AGM4GRCJABX6KMUTF7LJMPUL5BKA,2023-10-10,일반
AF6O7NBOMM3QIVE6BOOJII5Y736Q,2023-12-02,VIP
AFTKVEHGY6PGODF22MSSXW6GIXJA,2023-01-13,일반
AEG7RME35Q4ONPV74W2CUT46XFBQ,2023-08-28,일반
AEP72RVSIU32NKEQVLVZT5YMSZGQ,2023-11-16,일반
AH5Y6ZCLABCUE2X6JBWZBNQO232A,2023-05-27,일반
AEWQXQDOQAMTNRLYVT65ODCFGMLQ,2023-07-23,일반
AEMMWXTPKDUDSHPWJAJWU7QUV6KA,2023-03-21,일반
AGGAGBP6E3H4EOJFHMKLV6UTDAFA,2023-02-12,일반
AFQDYNJV76K5BEIS7BWNA7HN4EIQ,2023-03-30,일반
AGBVG2PAA7ORCTFXCNEII55L66CA,2023-05-28,VIP
AFVYZFTM3SUEGYESW55OJNGUAJVA,2023-04-05,일반
AGVKIL6EHMVCD6XP4SLWUBJRWGAQ,2023-05-31,일반
AGQNPJPVAIIWZMD7X5LKPA7WMQDQ,2023-01-02,일반
AGPJ54XLGYPWACFVEJ2KWYJYREZQ,2023-01-22,일반
AFJFRA7ICAY5EGWEPVUYVN5F4F6Q,2023-11-09,일반
AFCINWNSTFJ34CLKQUKDBPPT76RA,2023-11-24,VIP
AHTNFP2NA52A4C2BE5WK6PFOCSIQ,2023-01-07,일반
AHNEADEWNAYISDYQMQWYLB5DC46A,2023-07-25,VIP
AHPK4TPPZPW5SZTVGVTF2AR33XSQ,2023-04-24,일반
AGERE7VCY2MX4KDYA2UECKHFYG5A,2023-09-29,일반
AHVPFHNEPCJFLAXKD5IGQRRBHMWA,2023-03-24,VIP
AE7N4FEGNJFTRCFIDRMGOBDVTOKA,2023-06-28,VIP
AF6FIGYER3CY6DBUHEUCV7C6WNMQ,2023-07-29,VIP
AFKAKXB7ROJUPGDQFMMREJPHKRGQ,2023-11-24,일반
AFJZ3VZZ6FQUGCAV2NYXFS44TAMA,2023-05-04,VIP
AGQ33PJLVCO67H7X7FFQPI3WIXWQ,2023-04-23,VIP
AECYNJOWTBY3PX3PXUDDWBLIOPSA,2023-01-12,VIP
AEPARPN2RVNADVDOWX5E43NSRLBQ,2023-05-06,일반
AEUSMIS4UMLQRJF7OOIJ6KTVQYDA,2023-02-22,일반
AFESZUVJABZQU6FJXCLTVXNWXDZQ,2023-11-27,VIP
AH6T7UQ53KSUT77BDESOKVK3KCUA,2023-10-10,일반
AGLC3O6OCQK6CXGYLFWPEWDEZXKQ,2023-05-20,일반
AFRFNC6ASQGGZVH3NLZE6KT3MR5Q,2023-04-07,일반
AEMVIKFENPWUSU4YOQKPSDR2MLPQ,2023-01-05,일반
AECNNZVKQPR25O2GJGFWLHBH367Q,2023-02-26,일반
AF56FEP276BYOI3GE7GYBD2GONQQ,2023-11-30,일반
AHN5GS7H5SE5ZCFJH4KQOWDUKARQ,2023-03-10,VIP
AFDIF43EHQD67SR2HWPO3W6B7FDA,2023-04-28,일반
AFUVPBEMV5BKKLHXC35CUJ45FV6Q,2023-02-28,일반
AGWTCY3ED5Q52QJACMXUFJ32UUGA,2023-02-02,일반
AE2IJXBP54QRMOS6COSQSEWEJ6TA,2023-11-14,일반
AGGC7EXQIXQQET64Y4ZRMOZBK46Q,2023-02-19,일반
AHAZZ6OGFULNRHTS2SR7HAH223NA,2023-01-19,일반
AHNCXTHT7W36ICJ75NEKWWA2AK5A,2023-08-02,일반
AFMD4SE25XE75YQ5PNLPNHC7NGPQ,2023-07-16,VIP
AH3DPG47VN4IXIXJOLBB4IYDHCSQ,2023-02-16,일반
AGQGCM2UQZEIKDZL6CHD5CMSWKRQ,2023-06-16,일반
AGUUT3CETO52AO4E5ZCNGSFGLEFQ,2023-10-16,일반
AGEFHKQ5LOZMS63V47JBZPDDQI5A,2023-05-21,일반
AEKJYGHV46KB5CVLQS54Y77VRNDA,2023-03-25,일반
AGDONPW67V5WB44YKDWUNIOUCVOQ,2023-07-01,VIP
AH2G773PSDMH6YDWZTQV46JBDUQA,2023-03-20,일반
AGH6Q37L7DIEWBSU3EIR5G2M2IYQ,2023-08-03,일반
AFOJCT5TZP6RXPWS6JH3AA6XLGFQ,2023-01-14,일반
AH5MGTEZZ3XQQ2VDXWYOWDBBOAOQ,2023-08-03,일반
AECQAMC4JK52F4BZZJ23CKZEWXNQ,2023-05-08,VIP
AFMLNZDRKLSCQYTW64DIOGHX4ZXA,2023-11-06,일반
AEKOR4KOSCMLNF7H2XKEERKJ4XRQ,2023-09-05,일반
AE3Q5LLITMWIVXRKSDTAIBKUX67Q,2023-01-29,일반
AERW2VF2TNA3IAT752HDPH76RFXQ,2023-10-07,일반
AHYXOLBCMSIEDFBT2ZQZUWIT75UQ,2023-12-04,일반
AHSMRRBBAXRO4SUTY5CLNUTHR5BQ,2023-11-15,일반
AELVCVKV5L55NF25RIF5XOTZLBRQ,2023-07-21,일반
AG6FYUMRVTFM4OWVDHQF4KDQXG3Q,2023-12-27,일반
AH2DKPO2N3KYSDBPUHBDHARSSX2A,2023-02-26,일반
AEVJPCOO6CKJVR6FZRQHFFDXQXHQ,2023-08-06,일반
AHWAN6UWMQFAMU7OUT4YA6BUEUDQ,2023-03-03,VIP
AGBCACABUIMCCGTZLCVST6F57IPA,2023-06-06,일반
AHWONJ43Z6G6Z6BLCJGD7HHGIU4A,2023-07-21,VIP
AGULGNC3BZBAM5CYV3RDAIQXN6LQ,2023-01-17,VIP
AH5ZYVU5B5QHUAH4QDCDJ2NJCWFA,2023-11-18,VIP
AHQ4Q75NBEWOM4OWOXUZW7V247NQ,2023-01-06,일반
AEQCAMSZJTMNIKXAPXCKT5XLOWIA,2023-02-27,일반
AGCHPEKLU5ZFHDV7K3QYXNJQP6JA,2023-11-21,일반
AFFXN6T5QGDHRUO24P4PM56E7AAA,2023-11-14,일반
AGUPZJ4VI66F5L3GN2VT6QDZEAJQ,2023-06-18,일반
AFVIFCKLO7ADXYQAQ2T74HUJEBEA,2023-03-23,일반
AFRCL2UST67EVGUTDLV2JGI4OKUA,2023-08-07,VIP
AE5JR5HPVSNYE3USXPC5DD5QZPEQ,2023-06-26,일반
AGTCKJGZ3Z6MWRYDZBR3BBJSFYZQ,2023-07-23,일반
AFFOKWDBWHTD73ESMLG5EHU6D64Q,2023-03-12,일반
AEBJF5IZ4I3DJKCO5DFA6UPGX3NA,2023-09-23,일반
AG37JNOSIVJOXSZEPVVPPBFCS56Q,2023-04-08,일반
AHIF77XCTU4RPZQLTOMGSXQAJIQA,2023-12-11,일반
AFUHQIJJYON4KDALBU5NF4TOUAFQ,2023-10-18,일반
AHSVH7UVP3JM3CKGD7QPMP5ZXTNA,2023-07-27,일반
AHPQISIB2DAWTJO3NBJYFMEDERFQ,2023-01-02,VIP
AHEVYUNLYXJXL5LUWGSH4XBESUJA,2023-05-04,일반
AEKJOTUYTW5GOZPGXAN7FOMQ6SUQ,2023-10-07,VIP
AGYRWNDZCQ4RHAQ6YZIBCQDFMH7Q,2023-03-15,일반
AGEMPEOZMB2CNDKH3XBKWQ4NT6PA,2023-06-15,일반
AFOPJWBWQAT3U43C3O3HJE7MJJCQ,2023-01-22,일반
AEWBG5DA5BABI4GNKJHLAY3IOTPA,2023-06-03,일반
AE5BBOZWRMK46CA2IDKPBVIQIFAQ,2023-10-22,일반
AHZRZRBWNNDHG2KXXLPRZVBTHTUQ,2023-08-07,일반
AHVOFX6HOS5RQTDPP6UONVCRODLQ,2023-06-06,일반
AFURZKQOYCUW7VM4OARS72JDTB3A,2023-08-18,일반
AHKCSY3JWTOFWMOBQZX7KXDDMQFQ,2023-01-20,VIP
AE74526CGYUJIWO3DRBFRBTN2I3Q,2023-02-10,일반
AES63PZGZP33ZVO55CCO2WYML7NQ,2023-05-28,일반
AHQYGDH4CNFRYRTPCENNJNJHULTQ,2023-04-18,일반
AEMDF6YAXYO7WQUIAFGEULA7NWWQ,2023-03-25,일반
AFDV4H4KLTJ55TV4USUXZQ3SM47A,2023-11-18,일반
AHHGXR7CKVXIJ2ZT7XLLXW4DK7DQ,2023-11-05,일반
AEBMBHYSJBU324NU4URUAU4RHB2A,2023-10-17,일반
AEYMLF2UAU4DY2LCCDIDPFEIAAAA,2023-11-19,VIP
AEJYXUANEWSM2G7VHRZDANCYLPYQ,2023-05-14,일반
AGGUTNEUBYL4DWFU3VO3SR64QPKQ,2023-07-26,일반
AHFDICPWOMD7PR4EWYPOT5JZTX3Q,2023-10-10,일반
AFUTBH6P5GKM7JEHII7LKYB3XKDQ,2023-09-23,일반
AGNHQQDJF2WSXFFIAY5RS22DBECA,2023-03-14,일반
AH26TJQO7WSE7QTSY7DWLILS4QSQ,2023-12-18,일반
AH6F53CHVVYPMBUDQWTG3LJZVCCA,2023-02-17,일반
AEF6JSVY55DHBPROF6AK72DB43ZQ,2023-11-22,일반
AFZHVPBS7NVVW2M7U4TXWIQBRKAQ,2023-08-21,일반
AHOARBR5RTZEZWDSDTRGIBNM7TJA,2023-04-10,일반
AH3PPZMEFKEJLVVCX3FZ264SEY4Q,2023-02-28,일반
AHAFEMDFYHJDWIR4CF4JD3HIA6ZA,2023-09-15,일반
AHOQRYDRLIO5O3MPE76LHWANC7EA,2023-03-06,일반
AFANGSCZERSUTYMODCZNYRH7NL4Q,2023-03-24,일반
AFBIER33V2UVWGHQNBRTHEVLIW6A,2023-06-03,VIP
AG7MI6MZP3GMUTO65QNUR25VP7VA,2023-09-23,VIP
AHBZCVGYU7BO7DCSNDWCXK5GQP2A,2023-11-05,일반
AECMWB3HNGTTXL2CN4FR6NFXD5GA,2023-03-20,일반
AEDRNOENRBIMTJ75EUOOTKRN7YOA,2023-11-11,일반
AE5GXCIX32PZKCLESSPQFXILAPNA,2023-05-30,일반
AHM3VIGOFAIX3B5LBTVFIH3JPL2A,2023-02-17,일반
AGN44TXNKAN6TOS4VEW5N347GCNA,2023-09-05,일반
AHZZISWHBQV4TL3MKOJTH22IUNIQ,2023-10-05,일반
AF757N27JM5UZFJ3TS5FVGBYVMDA,2023-12-22,일반
AEMZHQJZLLZE7YLSPHME5ZJUOQ6A,2023-04-08,일반
AGTQADVKZIITNOSSU2VHYAEEZ7WQ,2023-01-25,일반
AG5QL2X7ZDWB3GK34SRUZTAXKO2Q,2023-10-11,일반
AFVEPSR3NXA6IPMGBTDRZNB6TY7Q,2023-10-28,일반
AFDLI3P4HU4RJGHXBV5X4UBM7ZLA,2023-03-09,일반
AGSYEEI6BBNNWJDYAHK22EYCPKQQ,2023-01-07,일반
AGNR2DWHR4DRJVRRUOZTUU4EY5RA,2023-11-01,일반
AGHW3JDEF6JIRC4HB43UDMKOFXZQ,2023-05-17,일반
AF4N3Q6OEXVBSAHPK5NVJRGEZT5Q,2023-06-13,일반
AGM7YFUBLKUQPYVYZQDDPI3RXSZA,2023-03-24,일반
AHECHFXUUNHLH3RQ6ESN5GCUHGPQ,2023-05-18,일반
AEYY76T7GEFE75ZEMXWPKW5H3LEQ,2023-03-14,일반
AF6SAPRZH3XU4YBLVMC6THTXAPCA,2023-08-25,일반
AH6NK74TCKWVMLPVFEC44ZLT546Q,2023-02-15,일반
AEUNLUIL7UEDSBOHDA52EP3CT43Q,2023-04-16,일반
AGKEIYGWTR5DFWUXTQK2GJCADGAA,2023-10-15,일반
AHYDGBIJQH2XC4SMUNVX2HGKOELQ,2023-09-19,일반
AGERLRPT3Z7WUSIERUPQ3NNUYGBQ,2023-06-25,일반
AGBVV6FOZ3OTCYR6XQ7UZL5OOF5A,2023-06-15,일반
AEBHFCOMRX6G22X3JLSCKHLXPTOA,2023-05-25,일반
AFZZKKAWBJWFT7ZNDHWFPI2LJTLA,2023-11-26,일반
AH4RET52ZMGRWFVZDYIC3ANTDNZA,2023-10-10,일반
AFZF624S3KR3ETF5MQRA2CTEEOOA,2023-02-23,일반
AFVQA4IJSHO64L2W67VXGZLWDGKA,2023-06-27,일반
AG2H434HPEN5BMI4TKNQGUCQE77A,2023-09-01,VIP
AHPMZZOSE5TCIKKBOGRDOKZVJLMA,2023-12-07,일반
AEJBFSMMLP6KY56NRUUCZB6WVIEA,2023-05-07,VIP
AGTJ7HNPS6WJFXFLM7ZFLLVPUUZQ,2023-09-28,일반
AH556SFTL3M6YI6NWOTRTGHA4WRA,2023-05-12,일반
AFVD56LA6WDD3SSROFLFQVHLSHJA,2023-04-03,일반
AFKGFQ6SM5VJVVFZM7RNLTQ4QFMQ,2023-03-14,일반
AFZ2XU2PKUJGH3N6MCYNRFGVUU5A,2023-09-05,일반
AHY6XDQNLICAHSOUPBE47XD3UDTA,2023-12-14,일반
AE7PU2TS7JOYITZOCZV5YQ2D4LVA,2023-09-30,일반
AFDQY2YWCKPDNXKZDTLPJAQ4JO7A,2023-02-12,일반
AHOSX5HUOCDZZKOMGTHESXDP4BQQ,2023-02-10,일반
AGUBBQWRKM3QWTTVHVOYM4IYMDFQ,2023-06-19,VIP
AGRGIE4WRRX3CUQLN2RJDIJE3HSQ,2023-07-31,일반
AE7QGXIB227O4GIHLSTP2Z6VENCA,2023-06-17,일반
AEULY7BU52WW7X5U6TUNDBO2BU3Q,2023-02-08,일반
AFFHWVYKVSRM37YO4YB3Z6IMFLYA,2023-09-02,일반
AER5JFSJPXWDBT3VSBEHV6VVVIHQ,2023-05-31,일반
AF4TKZNEXBR44GBBFYI6D2I4KKFQ,2023-04-21,일반
AFO3ZXLJKCVDKFHGSXAFA6AYDE5A,2023-02-16,일반
AERWXGUBL74M7E5ZZ255BQBB6S6A,2023-03-04,일반
AG7XDPNSDQFE7CPVN7ODSPVOAD4Q,2023-08-13,VIP
AF54QC7SIVQCZ4D2KIEIC4GESBFQ,2023-03-10,일반
AFNCBTSEMD3A4C34GITDLZIGOSZQ,2023-10-26,VIP
AESAFKWCY522JNXNL3GMD7K6W6KA,2023-10-17,VIP
AEUJXKO6WMZSLPCK7OD2FF3LV5BQ,2023-10-23,일반
AEH5I544J65UH4UBNRET43YVAXOQ,2023-07-22,일반
AHVWI4H6HLGS3KQDKNQWF2HFGEUA,2023-03-02,일반
AEGWP42GIGIOVDTY5DG2A6E4AY5Q,2023-11-14,일반
AFAQCBEHAIWL5F5W5PTWK2V7U4TA,2023-11-10,일반
AG5M7MJQX6OLPQ2CFRNGKTC26IZA,2023-06-10,일반
AEFRDOHS5FREPDSZU6FPMMH5QXPA,2023-11-27,일반
AGUCBTQJ5SB74KLB7QHID3VMEQHQ,2023-01-16,일반
AH5FRUHWJN6LLDA3WQUHV7DSE3FQ,2023-12-04,VIP
AG2DJXFBQPAWRGKC2LLG4IUWWJNQ,2023-04-04,일반
AG2VPNDAAPKBRHLK4L7CWYBZPNAA,2023-10-31,일반
AFNCX33YXD6T4LAWBFYXN6RR7LZQ,2023-05-18,VIP
AGOJ5KXS5VV6NQS3XHAGRDZ7S2BA,2023-12-04,일반
AFWEWWOEAAHDSL4SLZGRNGT57HDA,2023-02-07,일반
AFNGBQYXHSKNKA4E6M7RBIESDL2Q,2023-05-07,일반
AG52N6UOIS5XRAI7K6RRCGIIGGYA,2023-10-02,일반
AFNUG7NKSURNWMYX4JL5T7CL53XQ,2023-06-13,일반
AEDDSZIS6P2DL7Z4MHVXUKLW73QQ,2023-11-15,VIP
AFFTXR2YGTS2NVJHQAAWSV7UNBPA,2023-03-18,일반
AHQM673VAJUI7R3VMP4NWML4CZLQ,2023-06-23,일반
AG7HW2RWBBMIKW45MHWWO3MJPAMQ,2023-12-24,일반
AHAMXU574LIAJQEZIHZFB2VF6XEA,2023-11-17,일반
AEVK6SQSDGDCBJF4OM2Z24SXE36Q,2023-04-01,VIP
AEOOR2OZ72WSRAVRX42ADEZNXQSQ,2023-08-26,VIP
AG7NKDJ76WUK3JVPQ72NHUHHKWFQ,2023-09-21,일반
AFLID5BXTJU4P2YML63YQCJDCP2Q,2023-06-28,일반
AFI6OXAAZYUPZN5I4RP7TC66JK6A,2023-07-28,일반
AG6LARJ3IHDAIRVVN6WW4Q6JTPJA,2023-03-14,일반
AGRR4GPFNWDS7BAR4XXDSLRWHS7Q,2023-04-17,일반
AENVIGC6PVWFL7WNAH2VXOSK5AQQ,2023-12-11,일반
AHIWMQ35DZ32I2NXFG3FZGQ5WUVA,2023-10-22,VIP
AGJGE65PDHD3YRNJZX7AJC2OYYFQ,2023-10-11,일반
AFWQUAD7B6KQ6EMMOUGFBPXWFAYQ,2023-12-19,VIP
AG6NHOI4HQRYJYKR7M2DERXZNMIA,2023-07-01,일반
AFW5XNPYWYUD54B4GHGBC7JTMYHQ,2023-02-06,일반
AG3P4IMSW644U3FQ2765XNZFNC3Q,2023-05-17,VIP
AGDKW4WQN3ZJJ4CVYLNXLCK5CNIA,2023-12-04,일반
AHU5TPA2UXOKQ4DDHN5RNZVBZLYA,2023-02-25,VIP
AFHAATSERIT56U7QXWGJIL4MO3KQ,2023-07-06,일반
AFX5VVJ6G4NBFDWPMRQBFLYWEW6A,2023-12-07,일반
AFUUXVY2MHW6RYIDUUOPR2HDA5OA,2023-09-15,VIP
AGZRENIZWCVXGLGXBQR4KWQZK6AA,2023-02-27,일반
AEBZFCW7Z2OSX3FS2DVMINPUZ6KQ,2023-12-29,VIP
AH6LPYJT5UBJ7CIEWVHDCNQAGWZQ,2023-05-03,VIP
AFG4CVSEFXYGJMIHZKX7JGGLCSZA,2023-07-07,일반
AFEXNZMRCU4SZFDGWRO6P4CMOGRA,2023-08-18,일반
AEUTWNKAMWBUEKXPNPWLZAV2PASA,2023-06-17,일반
AE4WVGQ3VRHKHQN3CNM7NCZL3BBA,2023-04-24,일반
AGQA6CD2EAQHTFTTONWV6IBD4PLQ,2023-09-09,일반
AHXVDMVAJ3EJF56HHLY7CHZK5ULA,2023-04-17,일반
AESCIZFPXLL5RG2IAYQEL5V2KNDA,2023-02-06,일반
AEV2RFEWLJIWQDBU7FMHAUJT7PQQ,2023-12-01,일반
AGN4RT66HR52VG2S2I5B4LUDEZNQ,2023-04-02,일반
AGTTKLYUVR5XG4LXI6QWACQJJKRA,2023-01-18,VIP
AF7EAJ3DVQJ5OV7EN7NI4ZCTUKOQ,2023-12-20,일반
AGCEQDLYNNIX24BEH2YDCDOSQJGA,2023-03-04,VIP
AFZU2DMK45O2USJ3FVBIXTNRZXYQ,2023-05-30,일반
AHDAF6TAAIC7SNQVJIBHZSWZHPGA,2023-05-19,일반
AEOA3NB4DXSDU3E345Z7DFFTZLTA,2023-07-05,일반
AFCNMPYF3HBJZ3FYMKXQAMR55OSA,2023-07-04,일반
AEWQF6RZYLNE6KZGF7DKK3C7IVGA,2023-07-24,VIP
AFSLFJUEJHEFU5FAYUPIW2DZZR4Q,2023-09-17,일반
AEFUZZHV62AGF5NW5JJMEQI5TJ2Q,2023-08-02,일반
AGYOCAXRDRTOABD7L7HRINORYK6A,2023-09-13,일반
AFGWCA57CSCLUTCHHHRQOHUZALAQ,2023-05-15,일반
AF5DDVYNOENPTAMINHPTVCNWPCZA,2023-03-02,일반
AHTBDJ3J72O3A3NQNV2OUTOXP36A,2023-12-29,일반
AFDER5KTHQQR7JFESKR2BGL7N3FA,2023-11-06,일반
AHOVXBUFOZ5ZU5QYL5B26JZ6M6SA,2023-03-29,일반
AFSJ6X7ZQ3N3TLGPUCWW5U2DP73A,2023-11-20,VIP
AHQAQBNZHEDXSAPJK3W3S2BAIDYQ,2023-07-26,일반
AGHPAJL4PEZZNE6X6JAKEBI2UG5Q,2023-05-09,일반
AH7BGAGRTSO5HVQAS4TWUXAV3G5A,2023-11-07,일반
AGDI3CM73SM6W3GZTPAXJ23GNXUA,2023-01-03,일반
AF2WVFRQZPM6MC653VXOF46XYNSA,2023-08-30,VIP
AERSG63VY4JYAZNAFLHC5YBE7QYA,2023-05-01,일반
AGD7FEEGW5JL5H2DY4PAHXBXEOBA,2023-04-12,일반
AEYPXM7M4FENXD3QMAU2DHWJQSMA,2023-02-07,일반
AFR23LRVE7CTSLJBHQFDNYMX5HFQ,2023-12-07,일반
AHSNDUCUGAHGPOTD4PIVFRZK3GBA,2023-05-13,일반
AEV2ZXYQ2Q4ZKT5EADCYWVI62Q5A,2023-07-21,일반
AFUKXJCLJNJK6S47HUN4KLGPFHCQ,2023-12-14,일반
AEYU436CG3CVTGML3U4BQLM24X7A,2023-01-21,일반
AHWGO3DOMU5Q5D2THPQOCILMEL2A,2023-08-30,VIP
AEC6ANESUDELYRB2T3RKNZCOXMMA,2023-04-19,일반
AFO5GWF5MXFJW7SF3RKUTJXPB32A,2023-10-30,VIP
AF7P2QHPYH6Z2KS5K2V2MTRPHOOA,2023-03-25,일반
AEHAJER6YJ6UB74W534EA2CA355Q,2023-03-24,VIP
AEQ4D3BU3IY4OTLZQAL6VTAOWUKQ,2023-10-18,일반
AG62NLRIFTN2XEHSJ6HFEUWLNUFQ,2023-03-10,일반
AF52BVFW4ASG3V7VPP4S4BZII6DA,2023-05-09,일반
AFAS6QTXL5CPXZ6RHDRQP5FDQ5XA,2023-07-15,일반
AFIUCL2BAVOF2TKHTDO6SILLENFQ,2023-05-20,일반
AGYRHFW4K32QEH7TATXEH565CBZA,2023-10-10,일반
AHQH5PRVD42NW5O7FLDL2ETIBOXQ,2023-11-08,일반
AHSXVV5G4YWE5XMUXSP6ST7S3Y7A,2023-08-22,일반
AGRQAZ4YPQE4JGYOYPWSYCYOLQPA,2023-01-23,일반
AF6FWJDVYLDXCQ3XUAMYDIMTDE3Q,2023-06-02,일반
AEVREAMLELSSIBFZAFMHJZHZOCEQ,2023-10-04,일반
AHFQHRUOXMDEODCDMN7DAH7O3XUQ,2023-03-02,일반
AFMEP5XCM2UPBSXEMETTX2WKYZXA,2023-11-15,일반
AGHNC3MCDVNFBHJE57OTC7AOT6YQ,2023-02-21,일반
AEYTSGFWZ4ZRHMCUB3CPKEWFHMEA,2023-12-10,일반
AEDKRMDACO4VWC4ERJ42X6USUNTQ,2023-06-02,VIP
AGSYXGAGS3QPCXMCULCHPZHVZY3A,2023-08-25,일반
AGYI2ZNVO366FOQR4EPOZRQFKZHA,2023-11-07,일반
AGSQMFOIENJJKSUCLBBILKW2Y3SQ,2023-10-29,일반
AG43V5KMRNBDZHB6JZNM2RSJGEHQ,2023-02-01,일반
AEKKUECOGRGJJGSMDTDUTI2JKL5A,2023-02-24,VIP
AHIACMMGVA72WI7Z7AH44ID3AVUQ,2023-12-18,VIP
AG3WWBPMVIMZILVOZGYXYAA5M6UA,2023-02-05,일반
AEB3YEBRITFKRFWRJ6F7VGPIR6FQ,2023-04-20,일반
AGFSOG7QWOQRQTDVWUVK4WPOPHSA,2023-06-26,일반
AG6UPQFCRHSQODIOVIMER3P47VQA,2023-12-28,일반
AFY66NURTOX762MUCC6G4QMEBE3Q,2023-11-10,일반
AE3NPJLVC2YRPBNFICNMX5ZB6MEA,2023-10-22,일반
AGAZYH7WC2DAX4C5Q2IJ3QNNTXKQ,2023-12-02,일반
AEBVNEPJTREFKWKSVGGA4OTLKF3A,2023-04-07,일반
AGCLISGESOSSRSZW6ATE4IHBDFZQ,2023-08-01,일반
AH6BK2HIRJPBQKUMSL42RVA2UCVA,2023-11-13,일반
AHOSVRPAZVI6XRKDHV4VQKRHMV4Q,2023-05-17,일반
AETMXBXXZHMQXZEJUFTS4VEBC6HQ,2023-01-06,VIP
AFK63ZR76EMT36E6263UOQCDR5FQ,2023-04-19,일반
AE5BEDOHJHOGLXFPGD7XGENYUXCQ,2023-02-04,일반
AFZS47FK76MBKOKQHQ2BEYNB2ZEA,2023-02-08,VIP
AH3QHP5V7G52L5SDIIAFE3TN3VGA,2023-05-30,VIP
AGFHSRASMHH6HVE5ZRM7FL7MUBOQ,2023-04-28,일반
AFHV7P56J3ZHPKSNHAQSO4YCETBA,2023-09-18,일반
AGC2PMSRLC3GK54AGSC3K4VQRNJA,2023-03-28,일반
AE6JJW7YL5O4AMNXCKPOXXC6PA3Q,2023-03-17,일반
AH4Y6H6PRTHH24FVECTXBUOCALYA,2023-11-09,일반
AELPPLMH55RVXKCSXTVPBOVOIX2A,2023-08-02,VIP
AGOFVAWAS7B25ZHWYBLYIXX6FXBA,2023-10-12,일반
AG4HRUL6S4S7W4SSANHGXJKEBNKQ,2023-08-27,일반
AFI6J7FM55FQVJBAEQHVPNNQSKQA,2023-06-14,일반
AH3HPLFU4X7HBCFKBJZU2NOF24XQ,2023-03-28,일반
AEF5RCDWM36RUTBBON7LXA26PTCA,2023-05-21,일반
AGLAZIZLDXX7FKDCSJ6ZLKSHW47A,2023-06-09,일반
AGUL3ZHFKXB2FHBKW6EMPCOZBV6A,2023-02-15,일반
AGGJYZTRMD5LELUKQE5ZNVQ326BA,2023-04-22,일반
AHTOUZO3OWX3CDI6OWWD2QY3NYWQ,2023-02-14,일반
AHY7SA7H5WSKZPBFECKTY6UWHFAA,2023-09-04,일반
AFE7A5UHWCAOYQVYDUDDHOUJFMMA,2023-04-14,VIP
AHXG6CXWUZKDMM5DNC6BELMP26QA,2023-03-26,일반
AFOBWTUOP4PHZ5K7XW4SPJWKDIKQ,2023-05-14,VIP
AFRJ7RO4QSGVXMGOMAYKDF4NV5GA,2023-04-18,일반
AHH3N6GR7D7M2TQEMQ2YQZ6E3VSQ,2023-01-18,일반
AEWMKIKL7BPEMHC27IUYWYM2T7IQ,2023-04-04,일반
AEE7B7WVQ7D4AVZ3PNCXJEA36ZWQ,2023-05-30,일반
AGJ7O6CXXXUN72WOV5JID7X7ZBMQ,2023-09-03,VIP
AFFDNRHZZZB4RCDML523QW3BV24A,2023-10-16,VIP
AGI4CCISF6KU62HQAT2VM4GNNNJA,2023-07-28,일반
AFRVEW4OKSGZ2FNKMBGZK6CXRLHQ,2023-05-06,일반
AH6KDBZ4SDILJZNKGSFMW3NOWMGQ,2023-08-23,일반
AFHBK5CYQFTCGBI3AI5RVFZ5XCVA,2023-05-02,VIP
AGWF4RTHPA35XFXCZZGOORF3KOTQ,2023-05-18,일반
AFU6A2VUU2NNOTDQNVKBCY7B5ISQ,2023-04-25,일반
AGBFCJ255MTTPSXYPTKWN7BLY6BA,2023-06-11,일반
AGB4BQGMMGUSJ2SMZJDCF7WTQSQQ,2023-07-20,일반
AE376Y5V3WTFCERMS7ZVYUZCFNUQ,2023-08-22,VIP
AF5GSV6GVHTLGBTN2NIS23BQN7HA,2023-01-28,일반
AEQ57W6KFWU72BECDAK5CJ3OML5Q,2023-01-11,일반
AEZLUYRORWZXFHOSF2KN4GKOOATQ,2023-07-25,일반
AGNLOWKPE2OQVARLP6ZDG5ZHQQUQ,2023-06-16,일반
AFQBZXNFOTEDURZEUQ4GBITKZ7CQ,2023-09-04,일반
AFQZ4Z5IE2BDZPQJ7OBQS6FXMWZQ,2023-02-16,일반
AFY2KVXOARKAYSSSHYAZXMKB7ZKA,2023-09-03,VIP
AEKIHWXMZFS67F2COXCDUERH5PXQ,2023-05-07,일반
AEEOKIYMOYNGBWPWP3FJDCRYUCMQ,2023-05-27,일반
AFSV27BUBBO4RXKL2XTBKTIPEOSA,2023-04-28,일반
AER7VVMGX6M6QAMBZFMCQ6A7MZAA,2023-06-01,일반
AE5GTUXFCCPSGKHOEKPPBZXXFH3A,2023-03-13,VIP
AE23WGYTUMB5R6JJMBU4V43JIW7Q,2023-12-29,일반
AFNMQJFHA6ZOCOGA7SINBVYAUIPQ,2023-05-17,일반
AEXW3VTOJOMHJUJV5ZQILFLJYNQQ,2023-06-24,일반
AFC7Q5Q64XM2Y64FT7Y3L2YVALRA,2023-10-16,일반
AG7C5TFPIBMWQQC2SY4UPPRF6T6A,2023-01-19,일반
AEV3DHIQIEUNDUMXEPHJBVZ3VMHQ,2023-07-14,VIP
AF7WOI76RSO6HPHORY46KHV2KARQ,2023-11-26,일반
AGLMQEABF4OCKPYA6Y4H6ITQQMXA,2023-06-24,일반
AEEXZXEWCWYDJLF6GTCY2Z26BNCQ,2023-12-20,일반
AEBEEV5D2QU7YGXUN4BJIK4UUFMQ,2023-05-21,일반
AHGY7QPVZJPTLRLC4ZAY2N4EISNQ,2023-09-03,일반
AGREMFD5IKQE5NK2YCOQ4XNUTUDQ,2023-04-03,VIP
AHHCU7EJOMSMPWWIYKX5AYZMZL4Q,2023-08-27,일반
AFMCUIC3C5CHX6MWTMK6NM5UDCLA,2023-07-24,일반
AGA3HQYJUDXUSMKY2XA7VMWANUWA,2023-02-17,일반
AFPORMGJWOHUS73RCALK7AQLVLSA,2023-09-02,VIP
AE4YLPCDLNTQVAY55PYV3LYJYUSQ,2023-11-16,일반
AF7LYQTIS45CKK5MJKT4D2B7VWAQ,2023-11-13,VIP
AGSPAJCL6J6YDXIAPE76RI7HR5AA,2023-10-22,일반
AFU6BZRZSMJBHGEYA6E7O2UZEWXQ,2023-05-08,VIP
AEZ56Q4ETISVJMCTD6W2Z672HIPA,2023-12-10,일반
AFBQMEOHKDRW6CJJFN2X6BVFQ2XQ,2023-10-09,일반
AEUDP3SKTHEQV7VQ7TV6PCVWJUMA,2023-01-17,일반
AG5OWHWYJUE7GK5HV47FTXCLUL4Q,2023-03-12,일반
AEADGYDCRKJZHYV73SEXX5CODVVQ,2023-09-26,일반
AFEPF3H7CZCWZW2M4ZVRLD7HTTIA,2023-11-21,일반
AFBQNIYHQELPL3AS3CI5Y7MWAJXQ,2023-10-09,일반
AHCQZGA4PP2US5BBID5MH7DGIRCA,2023-11-01,일반
AHBAFNJWDQVW7JM7YGQOHNOCVM6A,2023-01-07,VIP
AHJBDYJIPK5LBAZKUJ5QEN2SGAWQ,2023-11-10,일반
AGPESJMSSBWG5JO3AUJN4IZKD7TA,2023-11-01,VIP
AEDY3GIDR2RJL5RYJ3TZYZ5MUJ2Q,2023-04-13,일반
AGF22A6YFPOU5427WPDKHGBCDTJQ,2023-11-05,일반
AEZTXYO6KQGB5TJF4C2QF4Q337ZQ,2023-07-12,일반
AEMDPSOBAW7LQQ7RCDG65VFSK3HA,2023-08-29,일반
AHR3OXVD5W52Q2MYS737HKHMTCHQ,2023-03-03,VIP
AGWIRVRBLNDID5X4KTAFBTZU2U2A,2023-01-17,일반
AFYA6RUSF2C4PVOBWDACACIU2SBA,2023-06-20,VIP
AH6ZRK276VT5ZAI6TDZ442AS57BQ,2023-01-25,VIP
AGPGSHGMGBF6GBOQ7ZXUBQ3IFZJA,2023-09-08,일반
AGCTDYXDS2ERAZO6ACV6JTFOHIZA,2023-09-10,VIP
AHRUFDHGCKZGKT54AVRPZEUTNROQ,2023-07-26,일반
AHMN43SPXNEJP5O5QDLMZJXUAECA,2023-01-29,VIP
AGM6G35OHG5KQMIRRXHX72G3LK2A,2023-04-27,일반
AFRS67BBE6ROLU6SGM626FXNLFNQ,2023-10-09,일반
AEEJ44O5YFDJ7ILQI74U7XMNEFIQ,2023-05-24,VIP
AGK76H5VGHDWFQD7JTHVKZNQ5BHA,2023-01-25,일반
AHWXK2FU23OBRZZUAXLTBDI3GMIQ,2023-11-06,일반
AG6MJ7SV33TYEKAWZOY7HBZ2W2WA,2023-06-05,일반
AGIVUEKXGQYNDWJ2UDEE6T24G6LA,2023-03-14,일반
AH7Z4E2IL2MTD636EXSVY3BP6DYQ,2023-04-30,일반
AEQTIHVRG63RUHQ6HMSZZPITXCSA,2023-11-08,VIP
AHYTLAOGOPXGT32G7WO2MNPWKISQ,2023-11-17,일반
AFPZ5LEIQUTJBH4TEJFQIQT327NQ,2023-04-03,일반
AGD6ND3S3MD2GWZDEJJ225BLLLUA,2023-03-27,일반
AF6WTL2BAI27FGX2BFG3WCXREK3Q,2023-12-02,일반
AG3PFOJEF5GLV3YFEAWJUTBBSIEA,2023-12-30,일반
AET5DKTUHQBYCL3S6OBVUHPPGDUA,2023-04-28,일반
AHAXFLMAGSIXKYFVDPGC3QLAEOOA,2023-08-21,VIP
AE6EIDBISBBJAAF35WCPRRY3NORQ,2023-07-18,일반
AEGAAZHTQRX7HIKMQ4KTWNBICPEA,2023-07-25,일반
AEA7RJWIWRHGUYKUP6LJBPRSZCDA,2023-12-05,VIP
AETT3TJOC4QSORCIDNNMRWXFQBJA,2023-05-27,일반
AEKSSQBYFN4PVMF6TFSWCDM3GGBA,2023-09-28,일반
AH6FWLRYYSUC255E7WWU5QRIWS7Q,2023-05-19,일반
AFLKD5Z33WDQ2XULJBYG76T3YGVQ,2023-06-30,VIP
AGT5DX567X2NQXMMIEMN3DPDQNSA,2023-01-30,일반
AED67MOMBSOFF4YGXKG4BNH4L7CQ,2023-02-26,일반
AHVGOLL7QJE3QK46VKGLFMON2ZZQ,2023-08-20,일반
AFJSUF6UQOVP4YGWFRSY6RSQJ2WQ,2023-05-26,일반
AG65C34LATM4J3ZFKJJPDNISZKUQ,2023-02-17,일반
AHHIHCEKEYDIRPJ5W7WXGLB3E66Q,2023-07-13,일반
AFYSF6635O2EAPR4GMVBH74FSIFQ,2023-08-12,일반
AEDH674UH53A5FKLUZCCM5LVKUQQ,2023-05-16,일반
AEUK344UA4FNU4PR4AWSPKWX5PPQ,2023-01-22,일반
AGPAK6ELVZPVKQ7GEZ7IUHNK2C3Q,2023-01-06,일반
AGXE2OEXIRBIE4WCKGQYVF4ZY5OQ,2023-07-23,VIP
AE76DJPCEWHN2OTAI3SQR6WIPB6A,2023-08-27,VIP
AF5SIAJE5YC2OYZFZZXRUTCQI2CQ,2023-07-04,일반
AEJ6Q7R4JYX6VAWBWTCZQ2BATFYA,2023-12-26,일반
AG3I2ANE4UBBMC5AH34BVK2STVZA,2023-10-19,VIP
AECKINXPQ25FT226Z26A5P6WM4DA,2023-12-01,일반
AENR3S7MIPA25OAPDZHF3SYFMRSQ,2023-08-08,일반
AF3C2ZU2DQCZ6VXFRECIHFFYMZKA,2023-04-26,일반
AG3G7G2DUJKN5YMCOYZNCADKKJUQ,2023-11-09,일반
AH44B2X6AT45J37MHHTU6RROTR4Q,2023-02-18,VIP
AEK7LRAV4F5SJOHLTLWOHW2HGDKQ,2023-06-22,VIP
AEJNQ7HJWCUBEAPBJY3WNA4KYCSA,2023-03-23,일반
AGQUWP2W5FVCMMXE3TITGSKHVW7Q,2023-11-18,일반
AFVIOYI64LWX7ZMVHYEMSMPMGEQA,2023-11-29,일반
AE4KGK2WCG6QWH2TOWODVEN4F5OA,2023-02-14,일반
AGB3BMFYPRZH26CFIYKTDIA3NGVQ,2023-12-01,일반
AFQLURVIOJ7LVLKNHB76BZJ5KCZQ,2023-01-20,일반
AGWO43ZNNSWNOSQOL4QQI2LZ3PIQ,2023-08-09,일반
AG6UUJCP3QT24QUCT5PTQIYWUI6Q,2023-05-03,VIP
AESTKWAZITTK43OZLDVJKVQRUF2Q,2023-08-22,일반
AENVPHUT7FQF3OD7CPPJYVO2YWIQ,2023-08-09,일반
AGZTN3YNM6RFDCZY5JPZYULSKWNQ,2023-11-19,일반
AFXZDRPDWF4RVB7PYC4W7EX22PAQ,2023-12-05,일반
AHPGVB4FAYZ7VYKWZ3CVGCYLVRNQ,2023-01-03,일반
AHYZC7TAK75CSXYF2V57TT2XB3VA,2023-07-01,일반
AHVSVASRHLY4HII4CH5GEKNUWAIQ,2023-07-25,일반
AHU3G6JL2C765DSFVXYNANCGFATA,2023-11-16,VIP
AEF7R2XPRQEBGHMMUTQRQNQ7CHLQ,2023-02-09,VIP
AHMWV64SEF7KPL6YJUVNNIAIEHJA,2023-02-28,일반
AHBVHPQ4W6276E6FKYIQHJQ4BMRQ,2023-03-03,일반
AH6ZGBUYPQH5WWPNBBMYQMYOOYTA,2023-05-12,일반
AH4XKLZAXDJGMB74RNSTAQD6T33Q,2023-03-01,일반
AG7KK4DGWS4RKQ2S7Z7KDSWSNT6A,2023-11-27,일반
AHQOCMTZCJLDZWHA4UFRGXE3ATNQ,2023-05-02,VIP
AF3TCDSYBVZRSHE2MU3NV74C7YPA,2023-04-17,일반
AG4PLTD4U6CPUFP5VA6TUWM3V5RA,2023-04-06,일반
AGLZNLY63W3AQ3LE22NHKILAS2UQ,2023-12-13,일반
AG7CR672RR6AWBT7I62TSPGNS2NA,2023-08-23,VIP
AGJL2UK2F3UGV6J6SLRUCOI4CJVA,2023-03-03,일반
AGVCLAOUVKP6ZCUZFCPDPBYFYJKA,2023-09-13,일반
AHI7MFQMUC5N6DRDGTYZPAKPWF2A,2023-02-18,일반
AF4YTGSRB6V6GKOASPKQOXBSV5WQ,2023-12-14,일반
AG4HJD7JUH5N2VD35E4V6VT7GLMQ,2023-06-08,일반
AEXQDRMTF5ZQUUSHS7BCNNYOKRQQ,2023-05-04,일반
AHTQKY3RQLPSFW44ZP7BN6BCKGAQ,2023-11-13,VIP
AEFUKUMHKDI2O3TFN7HKNZIP4Y3A,2023-07-26,일반
AESLA7XGMFNAM724AWVRLZHL376A,2023-02-17,VIP
AHI2K2FYRC2LPTJ3RLMDZEEDTPUQ,2023-05-16,일반
AF52SZE3RZ4OMSOTV2XLI7FOVKMA,2023-07-20,VIP
AF3XCKUXNVV4TXZRHMFCHOP4A3OQ,2023-09-07,일반
AGFDIWO3DFWN2Z4EMNSGIOVOBHEQ,2023-11-10,일반
AEVS6WG5PFGQNGWB34Y4NBYQD5SQ,2023-12-23,일반
AHBHVBSLQAZYWDF5O7IURE36WXPQ,2023-11-14,일반
AGEZA6R66R66NKFHY5CKESBG6S6Q,2023-10-22,일반
AFDB5OD5HO5R7BDUFTK2VEMEOCLQ,2023-11-10,일반
AEKKBA277W5KM6HAY3YDVILIDSEQ,2023-07-28,일반
AGWG6TUMPUSGJEUNI37AZRZETKPA,2023-12-21,일반
AEY6TYWTFILWUXH5SPW2EUMOLBNA,2023-07-30,일반
AFIL2POTFUFLYZ3Q22FF2S4KIC2A,2023-07-11,일반
AGA5YIBRADKT7MTOS3NDW3UOM4DA,2023-02-13,일반
AGODCNPZG4Y2TY2CB4SBCJN5YXFQ,2023-01-29,일반
AHYUQQD2MUJHFJXWYZ6KCZWI5IHQ,2023-02-28,일반
AGRQVHEZZHU5EBW2ZF254W4VTNYA,2023-03-12,VIP
AHU6IYP4SSB65XIZJEDAZJGAOBGQ,2023-04-02,VIP
AELS3TOQKIM3SA35ES73YQY4MCIA,2023-09-22,일반
AFUMEYL42TG3CIXNBRCFHRUCCZBA,2023-08-08,일반
AHIR6246Y27SKCODQVBVE2H4RVVA,2023-08-03,일반
AEREMM7ONA7LBDNGQSLOUJBIPYLA,2023-10-04,일반
AG737LKNRE3K2ZWJNPUM3H3ST7TA,2023-03-05,일반
AGC7DQDDBKIPBSZYRDPTLKV3LKQA,2023-12-12,일반
AHN4S54X3ZPVWJIMQEQYFTMAOISA,2023-10-19,일반
AE7EIACCCS63A5SXBSEHILB7XLSQ,2023-09-02,일반
AGJZM5HHO4DOX3Z3I5S4KIM2LT2A,2023-03-03,일반
AF23H6B4AVCBUT7K2UMY47BTZ3HQ,2023-11-28,VIP
AFWDFNYIE6OCDEN6PENSKU56NWKA,2023-06-19,일반
AEL5RQF36JGHYWOMKBKVXENLZCMA,2023-09-26,일반
AGOFYY27SNJHGWFH2VFUC76JA7HA,2023-09-24,VIP
AEJYF2RUYV3RI3XC7HWY4UO6F63Q,2023-02-23,일반
AE2QS54KQW357EMHTCIX34UBB2TA,2023-01-16,일반
AFGABX3WXI4C644LQXZZG4Z7NYKA,2023-01-08,일반
AE6DLJW3TAZT627XBMBJGGCWYBPA,2023-04-14,일반
AFNKLWWSK4BYFNHQNBGNO7QDZXUA,2023-02-28,일반
AGC5MKCR2T6INKQSLXKV3QQW2KDA,2023-11-09,일반
AEZVK7KOH6QDSNG6ZX6VKI3AC4VQ,2023-02-09,일반
AEPTTSPMISL3YSYYY4T2U2DI4ICA,2023-08-25,VIP
AGD63SACQVHFRKSUCH5VYUZSJEBA,2023-04-04,일반
AEULM3CY4ND6RQZI7TE64I2BNOWQ,2023-08-10,VIP
AHT3QSBKTAPMXMMZHQYBKPCCXXLA,2023-07-23,일반
AFNWEVF5JQ7ENJHBHIHTBYUZBXYQ,2023-05-18,VIP
AGQNWKU6Y4KUJ5VINPKC7UGSMCFQ,2023-10-27,일반
AEPVIJMCNS4OBHRA6D5ZXYVNTXZA,2023-07-26,일반
AGE7NMAHUEHPYGY7HXDJVHUFMMCQ,2023-12-02,일반
AFWFPCA372BJOQZ4WQNB54ZB2SKQ,2023-03-22,일반
AHTZMXM2QRD5PWVLIPN7FOHOIH7Q,2023-08-06,일반
AFQL43U7R2EDDQS2B52Y2UDEC6CQ,2023-01-02,일반
AGCP2OGWNDP3H6ST5WI63QKBKISA,2023-06-27,VIP
AECZMYNKZNRE7CJZQ257V2F3MRTA,2023-12-12,VIP
AFZ4FBQATW3AY363VAW64PZ73QCQ,2023-10-06,일반
AHB4PH45PSYE433J2I3KXWKPFAAA,2023-05-26,일반
AG6CCG7PM3D2IEKTJOPSSBWLWPDQ,2023-11-14,일반
AF63ZFTFFODG7SUOLW4HXHDUQPSA,2023-08-12,일반
AHCXNGYHWBSZ6FJZPUDRAFN6IVDA,2023-03-03,VIP
AF7KWHU33BSKUSJ3JTPU4X2NBYLQ,2023-10-21,일반
AGHD4B4QRRL44PJCZEPMGONDVTJQ,2023-08-27,VIP
AGI3IQPHZ7GWIDMB52JK2PXNFFTQ,2023-07-14,일반
AHV2PXIU5JTWA4FJ3IDGCHRFLGIA,2023-06-15,일반
AFSRWHDNHTHHZGPN7I2QBDAMOIVA,2023-08-10,일반
AEUZCEJW3VTJKTBTONLMQFYOGBNQ,2023-03-02,일반
AEJ4BLDMPXCI2I6X5JEA52RDVWJA,2023-05-09,일반
AH522PPGKMDYNI7VJSVJS3PJBORQ,2023-06-22,VIP
AGDBGZ5L5LSR7BK7VXLGKV7JJ7WA,2023-06-05,일반
AEYVEEU5L6MIQNKW4FGQCANJ6IIQ,2023-04-20,일반
AEBYPM6SOKDZXXWGVKQO6QE3KARQ,2023-09-26,일반
AHNBGEVBOT7Y7J4Z5AWCSDX35DNA,2023-12-22,일반
AE47VUN3SIUKJIBG4MYPFIOCK5XA,2023-10-05,일반
AEYDGBWST4L35NTPWB2CS4IRZDVQ,2023-03-15,일반
AHOQRREVPSJUXUYXDOJAXWCTOYJA,2023-07-26,일반
AEL5PIUOHBKXOTW3VIO3KK7QLVLQ,2023-10-06,VIP
AEJBFT4P76EAVJQOHGHTQWW3HACQ,2023-11-22,일반
AHVU44QPDJGJJRV2NLDRERCTAGTA,2023-12-06,VIP
AFUS77H3MU32ZFAHB7O7Q7ZYETVQ,2023-12-23,일반
AGHESQ2NH7JIKXLAQ473QVFQDV3Q,2023-12-06,VIP
AGMK2IKWHYVHPTNZZ27BMR4XRPZA,2023-07-23,일반
AGZTCSTDWS2RORRSXFGJ4BP6UXXQ,2023-06-10,일반
AEYDEYJFLGKSXPU2IT7RMFTPMPIA,2023-01-28,VIP
AF3WLQXJTT5YXIF6LDRDNEQSLSWQ,2023-09-14,일반
AEUBKJSXZZYMYVQDEKXDJZR4LNVQ,2023-06-14,일반
AHCN72JLX2W43COFJHANHQKBU2EQ,2023-03-04,일반
AEFZDQSLOAQK43UQQF6SHZUEHDVQ,2023-01-22,VIP
AGV3GKKLPFN2ILW3XZDNPUMFHNNQ,2023-03-11,일반
AHMQ7YJYPC52BBWKM6EDMG4UP5OQ,2023-04-06,일반
AGACZ24ZIDYMROK4UAX6ZEKNT3IQ,2023-06-12,일반
AHWJYLPQD3AI7VM4ZCBGTQODXXVA,2023-03-20,VIP
AFT7QL3HAATP44574CGT47QN4ONA,2023-01-05,일반
AG7VJYQTSVIZAOA3UDUAZGCTZ66A,2023-11-12,일반
AEXY2DXZGQDEPR5TBDGEHYB5BFQQ,2023-04-30,일반
AGGCO3ZO6REDF65WNBXQ44BXPVEA,2023-10-29,일반
AGKZ6TKG3664GMINDWMYRVKX6JYQ,2023-06-27,일반
AH6R5WG7BEWKNHVPRQLNPPPEDMKA,2023-06-25,일반
AGH5CKVCE4AOOYYHZUNXI5Z6RINA,2023-08-05,일반
AGEPGXLHZTDPKQGXC4FIGNYM63IA,2023-02-25,일반
AEZDGTRN2Q3JLDVYEKMS6V4GQQSA,2023-07-06,일반
AEKXO4Y5DWMWLEINGN5ZUSJ4BF2A,2023-08-20,일반
AETNDYMC3FBFMJOQYVSXMVMKDKSQ,2023-09-12,VIP
AHSCPCSPRAPMZNIH6UB6PIX7URGQ,2023-04-14,일반
AFWG4JI344C6S46UQ45JBUHOCQUQ,2023-03-18,일반
AERDXJS6P2HTRWVKLVW7SUBDKBGA,2023-08-18,VIP
AFXFUNDPMG2IONSORBEGUJZOMJMA,2023-09-15,일반
AHZNRDTV27KCO662Q5ZOX2ZC26OA,2023-09-21,일반
AEJXEBKJXSB4RWFIPPOJQG6FGKTA,2023-11-27,일반
AE7A3OXYT2YN46P3WD37MDGTCDQA,2023-07-01,일반
AEVJ7N5EX6TJXU2OFCDO4HSY2LJQ,2023-09-13,VIP
AGMGQLON63U5BK3Y4TWRMLBA55RA,2023-02-07,VIP
AEL3456JVPVXWB6RKCYTYVXKVX3A,2023-06-25,일반
AEUUCRDKXXXU4LJNB3ERBXQY47CQ,2023-01-27,일반
AHNNUOE6JO6DYVSBCELNHU63SLTQ,2023-10-03,일반
AGZ65RFJNJ2KCHAFLG7G6O5NTBCQ,2023-05-20,일반
AE6HGV4SSK2V4C4QVOKY42KZW2DQ,2023-10-26,일반
AEJTMP5M2622L3W6D2YHPTZ67JIA,2023-10-14,일반
AGPAF3K6YHEM7446WLCBQJZWORAQ,2023-04-01,일반
AECOALJSL7PRTK6PAPQVUM6BT3MA,2023-03-02,일반
AHYSFJSMB2QV5236QBEYJ7TFBMEA,2023-12-31,VIP
AGT55L7XB6PFMNTDTRVHZTD6W4EQ,2023-12-13,일반
AGIGWMNDM3SRININDV7BH7YG3C6Q,2023-06-12,일반
AER3MEPIVO2UH7ZC2DBFABZIBPSA,2023-12-17,일반
AF6LZ57BTR46HO4KDLYUF7UJZQ5A,2023-05-23,일반
AHG7RESECZ5S4EAPBC4A2DMHDOSQ,2023-09-10,일반
AEOPEGWC2WPLKRI7G4JLCRHB4BFA,2023-09-26,일반
AFEBFFAOMPMC6L3DMOXJYP355UNA,2023-10-18,일반
AE27PFEMMMJS44GT27KPL6VUOQUQ,2023-07-06,일반
AGWDATRMJQ4TWXQ5PRWFGTMMFWQA,2023-10-31,VIP
AGCZ5ATYCHHLW3424W3YANJIDVUA,2023-10-18,일반
AFULIW5XYUCVPAALQEJYZFZVCKBQ,2023-03-27,일반
AFSTZISVUGRJGZYYDY34KP25ZTIQ,2023-06-15,일반
AHPLA3DROALHPBANLV74CKFA4UAQ,2023-04-24,VIP
AFQKF4QRKCVDUZPTG4TY3QYQHYUA,2023-12-22,일반
AEVWWMB5UUJ6DPXQ5LA7D27G7HEA,2023-07-02,일반
AHG4SFZWRNQXOK66GANDZ74HIVAA,2023-07-26,일반
AEW2EZ75VP3NO4WVJA64BJFBM6QQ,2023-09-13,일반
AH6C46FX74ETQPE52ALQ6RKISIPA,2023-08-23,일반
AHZZXJWETMZR7SH7C22KVUT7VHAA,2023-12-21,일반
AGPZLMY6JJVJNVHA3JEM6XM5CSYQ,2023-01-03,일반
AGHTZ6M45GWLTAEPAMM6IEH2BXOA,2023-07-27,일반
AGVTW4CSK4PNN4WGW6E2UYMIBA2Q,2023-07-16,일반
AEOEJGMPT5X4TS52IF3PJOQ27NXQ,2023-12-07,VIP
AHJBBEOG5EDRWE3TWLZWZIQ7EIPQ,2023-05-05,일반
AGK2S2TC3YVWNUA6ME6NPXSEFHEQ,2023-05-18,일반
AGYXHQWJMEIVGPFSNUOON3CFXN4A,2023-12-05,일반
AFYRCVBOUMS7NDZBSLAPKGVNLXJA,2023-01-25,VIP
AFOKIAQZSW4G2XVCTMCKDBKHMWGA,2023-03-09,일반
AGELGKPUVEJXOFDB3I3OCEGLRHAA,2023-03-02,일반
AGURDYN3ZRF6E6XBIP3E67PNKHKQ,2023-01-29,일반
AEQZ7R5E3KOSW4U65S4HFY4TOISQ,2023-01-19,일반
AFIUBVJJSLGYNID7GWQQHPE3KSXQ,2023-06-20,일반
AE565UJ6PONRGUN6Z7BBE63X6D2A,2023-03-15,일반
AEM3OIJTDEQTCUKSWMICRKOFPISQ,2023-03-02,일반
AE7ZZAYS6ZDZ3PQEPKBKRPZKQIIQ,2023-06-02,VIP
AEPUJDSJZGXDU3PM65QI7OECGZXQ,2023-10-03,일반
AE6TTPY5R4YW3XHTPGX6CGHLMVGA,2023-02-17,일반
AG5CBSM4UJ7KPPFIQGZPIXASGR2Q,2023-07-30,VIP
AHM4EBIS4ZE6DWJJBGCJ7OPTBA4Q,2023-12-09,VIP
AE5M5KSBCHDULWFU2S2YB7JAWQDQ,2023-05-19,일반
AGMVFFHVHR6DRCMJOOLWQCN5ZXIQ,2023-04-20,VIP
AECKGXUASU4IXEIMUNT2ZGT47JPQ,2023-07-02,일반
AHJVTASYJSVOZ7XSEMDCWOK3X44Q,2023-01-28,일반
AGWG3P5XN6X6JHXKXXOK67JWZRXA,2023-07-16,VIP
AEF5YBIELXGHKIQUBYBHTEPHHAHA,2023-07-10,일반
AETP2GEWPZZBFPYMEMT7GSNYWYGA,2023-11-11,일반
AH6PZK3J5MOWJGYL4TNLJEOQCFEQ,2023-02-20,일반
AHHV6JDMQT4XARSRIQ7QVIJVLZCQ,2023-05-29,일반
AHH25W6KHMEYNBKGDDRMT4VJEUDQ,2023-09-25,일반
AGKFR5XM34RLI4CEM5ZA3C2Z3OMA,2023-02-19,일반
AEV4TPYJS3L7ZBGHNQ2QFYSOKHBA,2023-09-03,VIP
AGSFY2HVKGNNWGDB3JVE3ILC6CCA,2023-04-23,일반
AHRVMPX2FGGIB5LCJFVMAHO7JEHA,2023-06-19,일반
AHW5MLVXYWBRYXXWXGQEH27GVVPA,2023-06-15,VIP
AGD6XZR3ZUKMJYLBUAWUB4B4YLMA,2023-01-14,일반
AHNLTOBDXT2YN4GT5PH6FCZAYZLQ,2023-07-22,일반
AHDH2HUAAI2BUJ3DOD5HUQIG3EJA,2023-10-15,일반
AFVSLNLGZJITGITPXVRIZPHFK6BQ,2023-07-08,일반
AED6JXY3SFVHOYMZM4MBG6D2LGAQ,2023-06-04,일반
AEBO2BBZLCJSQSMQSSZUR4JWW6UA,2023-02-24,일반
AEL6TWTQL7SWNSG4HKWQSG3W637Q,2023-07-01,일반
AEL2KKF43WA7LB7RMTMTZ24MKYCQ,2023-07-29,일반
AFMZ2T55AMKECVHVB3JJ5H6K2FOA,2023-03-16,일반
AHPDB57FWX3S3RH23DO7ZDQRGDLQ,2023-10-04,VIP
AHNJJSSGE5AONEUXED5DKSZWMXVQ,2023-05-13,일반
AGX75LWRUNOTPPS7R6LLOIMAWS6Q,2023-12-09,일반
AE2XBDOYDMXVHS6NWFKR363SXNEQ,2023-02-28,일반
AFEWNQ3WHCXFV334RKDY6TQV5F2A,2023-12-11,VIP
AFYHSM4NZORPAYX4P6XIV3OPZE7Q,2023-07-01,일반
AGGJTBH2YKIJVXXHKKLZGI7BDCMA,2023-12-05,VIP
AGZQ2GV6RFFSGSEEGZCEA55XSYKQ,2023-11-17,일반
AF6RMANVDWWGUPHGAQGEI523WDTA,2023-03-05,VIP
AHUDYFZ2QJF2XQNTH6OYYHJIDGHA,2023-11-23,일반
AEOJR4XRHE3AQOTMVVOIESTP34IQ,2023-09-17,일반
AEKGNCGEX4A2YHHJVEYHG4WG4VUQ,2023-07-12,일반
AGYPRRDBRPAJTRKZM23GNNMLG4DA,2023-05-23,일반
AEOHHIVTTMTCKM4BGPQBFUR2P6OQ,2023-04-14,일반
AHROOB2PRQPJF3IOOZ3NSX7YKBSA,2023-08-02,일반
AHSVLMKLIMZE3DJNARIJVQJFF2OA,2023-08-30,일반
AGYRZSILDP3KYP7AYCCKCJPHTHMA,2023-07-28,일반
AHISCX6HUBKW7D2SZNRHWICDLTZA,2023-04-03,일반
AGWXKPC2SCHOJT4MMPDYBEP4WVCA,2023-05-22,일반
AFE7R5FCWMXW42O5UTZ7YEAWGF7A,2023-04-22,일반
AHZMXBBTAGNP5FSXCLSP676YEJOQ,2023-02-28,일반
AFZUA67QC4VNENJEL2DUIJERYKRA,2023-02-12,일반
AHKCXIGVYQTE4LJIPBIFSQNYZSCQ,2023-07-26,일반
AHYC3B3YXT6CUZMS5X2TWWEY5W7Q,2023-09-25,일반
AEDV4GI2RIY5EVU7EXSDYNSRSVSQ,2023-10-23,일반
AFDQ5XNQEFSZJNO7MQZWRNV5TISQ,2023-04-28,일반
AHJCN3WBIWAFPESBIGKPYRNWEXFA,2023-01-20,일반
AFZD4RCAOTL4JRRKT6WHVVJWDNHA,2023-08-10,일반
AECAPFEPRBCKU4VOBRUGOVMNJBXA,2023-06-15,VIP
AH2UVQCFNAROZ46WLW3GCZQBZ6TQ,2023-05-11,일반
AEZGVKB6YZLTQQTT356NGQIXBMCA,2023-06-05,일반
AESGKVHA72PDDC7C45OGNNEMTUKA,2023-07-03,일반
AFSSI6KQRVUBQ6DTUNIXZ4PJ4Z2A,2023-03-31,일반
AG2X6AGQIUAPKCJIXEZTL2DPVISQ,2023-04-04,일반
AE5B5BRM3KRUUMGH2DOGYGFHAEAA,2023-01-13,일반
AFY5TPNWXE2RPD5FGQR3WHF3J27Q,2023-11-18,VIP
AFH3LWABFWVDV36O4EA7EDMVB7OQ,2023-10-20,VIP
AGVLQO56YOIYSE6RU3B634QL325Q,2023-08-18,일반
AE56AJOPJC6V2NF73NNWOLPERPXA,2023-11-18,일반
AHWBMGU2SOK2A2UZBXGWF5O7QCMA,2023-10-19,일반
AEVYMGVYSOXKLLJGQNUBA63NQXOQ,2023-01-26,일반
AFT7U6QBELQJ5BQILAGPDITY26FA,2023-03-16,VIP
AHIZSFJAXQCBI5OCUHJFSGIARK7Q,2023-12-30,일반
AFVRWGOEBQKKF7RQOZTUXZEKIBVA,2023-10-26,일반
AE5S6YA36LI6NLAPALMF4AY5AZ4Q,2023-05-30,일반
AGMUT37GOKFEAYGAMGAFXJYA2M5A,2023-05-28,일반
AEXXGQOF7CTRUY5RYCD5RLB73BWQ,2023-01-08,VIP
AFAEKGGAPT6K7N6BNE5TB3CWZ4MQ,2023-01-29,일반
AFSN5W54IFWZYEVIOUNU7NYT7ZLA,2023-10-23,일반
AELB7VZWZEFBZAOH33CHYBJ2OF3A,2023-07-28,일반
AHGSRT7WNHURSXA5J47RZCOKGWBA,2023-05-08,VIP
AHHI45SVDVL245YMCPAW5MX3GIAA,2023-12-06,일반
AFRXSJD46OBRO2RPVIE2737OTB4Q,2023-04-26,VIP
AHNI4LO3KW4DTBDT76SF7HJPI3LQ,2023-05-24,일반
AG57WIFEBPDQCK3G7H5T3KTXMRHQ,2023-11-14,VIP
AGFHWXMDW6NRVZIBPE2NAF4BS2LQ,2023-08-23,일반
AESEEUG5PHMGMD5K72ZP4NW7NF3A,2023-01-07,일반
AGVLSI7FTT3EPIOTOVO67VBQGQYQ,2023-02-14,일반
AG726NQTX4GKLFNXFOAQBFA6JQGQ,2023-08-27,일반
AHAI3QJ4Q5GQAQRQTSJGPR3BBVYA,2023-06-04,일반
AETDBRTOHY56QNWI57VHDA2C57HQ,2023-06-30,VIP
AGLQDF4STKEC43X7AGQ4HR6SFKFQ,2023-08-03,일반
AG4KWB76KAF53ROOZQ5NG4KEAUIQ,2023-03-29,일반
AF3G3VBMX7MF3ZNHNO4C737BYZVA,2023-09-13,일반
AFALR44LTLTN7PHHQNB7HJDZMEZA,2023-03-14,일반
AE5WPJODNCWCZCMCMMXZ4DKDVIIQ,2023-06-28,VIP
AEAJ3Z2IULDDDQC7KCSUIC62M3GA,2023-07-31,일반
AEUO6UO5UQUSD4SLP3YJMIP6BOWA,2023-10-20,VIP
AE5LG42YQKQ5MSEFHFL7N2AIUGQA,2023-08-22,VIP
AGBOOOPREO7W2ZYNMUBO63UNF5LA,2023-08-27,일반
AG2VIEGXWD4W3JNOTSCZR5VU52PQ,2023-08-11,일반
AGDKUAES3AEKOQYGU2SSSDV7GGNQ,2023-04-29,VIP
AE5UIXZIYQZMWTMJQNMGSPZKNUXQ,2023-11-09,일반
AFBLE3JAWJK5XQJTOQHYLKNJX3FA,2023-09-21,일반
AGKIML44ZYBW3KKQQ6NNGHOF63EQ,2023-07-26,일반
AGJRLOKQPBND2JW7QDUL5U5MY5OQ,2023-04-05,일반
AGSJ3NH4VK35QJ2R3SIOG6PPP4LA,2023-08-10,일반
AHQR6R4RUMMQMBKTR7ZIOCSFIBGA,2023-10-03,일반
AGYWUI23AWDZSGA66PMAUJ4LJWTA,2023-08-19,일반
AFGG2P2ER6TDPATVVAMRSJNSHBKA,2023-11-05,VIP
AHZXNS63DN6MZDH3WSKYRLWSG3DA,2023-04-29,일반
AHZEXACAG3YWARLUXFF6G3LK52AA,2023-09-25,일반
AEX7BFQ7AJA6LRX42T72KUOL5UVA,2023-09-30,일반
AH5RMYKZKKV4XY26DP4D44PIKESQ,2023-03-05,일반
AGV3XFWGIUXJHLG2TGMUOMPRHAFA,2023-10-25,일반
AETKISIGU4D6AWWNZQMNWVRWOJ4Q,2023-12-16,일반
AHJOREVZKA5XCCFUV4QBFLNO5GEA,2023-01-11,일반
AFJKLPLG5YPJLSF6BHH4W2MJI35A,2023-04-08,일반
AFYR2ZQMPQP6L5377C2CDAZNYAOA,2023-03-12,일반
AHV6MRKEUBJA3I3DDIBEB5SNNWVA,2023-12-30,VIP
AEHIUDWIZIPJN662N7WZ2KXXOMBQ,2023-02-27,일반
AHYZLCABV6IHJ54AO3Y7CVPJEO2A,2023-10-17,VIP
AE75YQCXBMW3R4W2MVET2JICVCYA,2023-09-08,VIP
AGTWEVGMY74N5L7YFLZQTHAA3IOQ,2023-10-03,일반
AHTXOR5HIEOVIAFR7JI6EZCNI3GQ,2023-02-19,일반
AH43WZFVRMTGXLVOGRO2Q7HVR2SQ,2023-12-24,일반
AGPRYLCS5QJKBCHQKRYVU5U5JUGQ,2023-08-04,VIP
AHV64HQ62RSHY5AXQZNKUC6DGL4A,2023-02-21,일반
AFIZUD4UBB67LGWY6CVLRHKA75IA,2023-09-28,일반
AG2TD3527KNZZNE46UL2AK56FSZQ,2023-03-25,일반
AFEIKYOYXJ5RNF3MHQ6C5U7Q3ZWA,2023-10-20,일반
AGON45QTQGUA7BQ4YMU47OFR7A4Q,2023-05-06,일반
AEEZJKFACBVCAW4R5CM45YW4GGZA,2023-10-23,일반
AF2CV2NIYSCEV4XH4K6AHNDAJL7A,2023-03-13,일반
AETSE7X7ADVJXJYX6VW4SJAX5SKQ,2023-10-23,일반
AEDH7DZL7EV37HNO2Y774YFM6SYA,2023-08-24,일반
AEAHQT2GADXG7O5HE362SSWYG5TQ,2023-02-25,일반
AFXIZPXW2Y4UA5NWS3EEQOVQGJZQ,2023-12-26,일반
AHCUW37ZFHKL7ZTUFAAOFYKTCQNA,2023-04-20,일반
AG2MU763T3BPRZNAXR3VCD35A4UQ,2023-07-11,VIP
AGGY6AIN2TRYYC62GJQ5B2Z6ZNCA,2023-04-03,VIP
AF3XNLNL4NT6ZSZUXYXARJAWYFPQ,2023-12-16,일반
AGKYWFUBZOSOAMI4I6YA72S6I5QA,2023-02-25,일반
AHJ3EGCWYQPUL4CX3MXHWDERT7HA,2023-03-01,일반
AEA4XMS33D3PRZZLZ5W6H5BDENEA,2023-05-18,일반
AGBJ2ZDBNU3ZZ2AUTLSCVW525R4Q,2023-02-08,일반
AE7TDC25GEFP6FQHGQNYGMEGA7TQ,2023-01-28,일반
AFJVNPC2VSQ6SO7WIZJ5Y42BU5WQ,2023-02-18,일반
AE4KYJVLMHHZZHZGFZ6ETCWGRCNA,2023-05-05,일반
AFZCPKBUAC37LWA3YEJSQ5VU2TOA,2023-01-13,일반
AHV6ISLIIEDA6IZXTTGCR4DLLSTQ,2023-02-05,일반
AGYLPG3HSE4P53V3EB3MKLQ7KLTQ,2023-04-11,일반
AFXKSM63UF5OAWWNXC3BB46V2E6Q,2023-10-09,일반
AHGZZFMXCGD7QFG2Y44DLYVDGPQA,2023-03-27,일반
AHNNXK6R7H6EEBQ2BZE7A4HIFWZA,2023-01-04,VIP
AGWYUX5PXASNTNHQVVFV6P5QRFRQ,2023-08-11,일반
AFAD7OCCGIXRKR3RT4KLNHPJKN7Q,2023-12-04,VIP
AGYB2YEGULFOWJP6KAAK37LUEPBQ,2023-06-15,일반
AGDA7CERL2POC3BWBG3FR6XKGVVQ,2023-12-10,일반
AHQWVH4J5YCLOZJMQJTB3FKA66YA,2023-10-05,일반
AGTATACN5LUOY6XTHGLDJV2TV7JQ,2023-05-10,일반
AGOD5XRGRJSYCFNFE2Y2IVAVS7AQ,2023-01-31,일반
AG4QBUONWQLCCWRCXBA6GKTIPGUQ,2023-01-11,일반
AFQVO5Y5V3FU7ISKZOPTHKBH4QEA,2023-10-29,일반
AEYJEPMQRPIGOQK7HFIX5BEYON5Q,2023-04-06,일반
AGVCOM3JOAPMV52YKVWPCTKFVWUQ,2023-07-09,일반
AH6XUPCGCWOG63XDNA4PRPWFX4XA,2023-07-11,일반
AGDX3YMAIQMEVYPEJAQTYTEIBPDA,2023-09-23,일반
AFHPPBAJGDWY57QWBC4P34LOKRHA,2023-05-08,VIP
AGHH3UBBLW7P7IZPJDMQ7PRDX7SA,2023-08-26,일반
AH3DDWCUUZDBPHLX4YVCNSECLPXA,2023-12-21,일반
AE7DWY6A2QRWHQTYLRM7QYUNY7FA,2023-04-22,일반
AFUV2FBPZYYQYR6VJS2VCVPZTODQ,2023-11-12,일반
AGNMIY7234MP6VA5DN2HRBGQZ73A,2023-12-09,일반
AFSWMOL6CDK4XP6ZX7IGXHM3GQXQ,2023-05-25,VIP
AFFY3SQ62GIH6BU7WW6J3VIEOMZA,2023-03-06,일반
AHAMEHZNYR3W5ZYHIBBOBDRAAVNA,2023-09-04,VIP
AENGEPMLQO2XYSN6FEO3FU2XOSBQ,2023-08-11,일반
AH6BVEKL7FDXA6ZNWZNSLUZJGPUA,2023-11-09,일반
AEEJESI2M64R6WO3LQGYW2J2VYGA,2023-04-16,일반
AFQOC7DOYC5GZ2FT3O6COXZ6VLRA,2023-06-30,일반
AFTZBO4S2Z7Q6UL72EUKGZRTVB6Q,2023-07-03,일반
AHKUVXCYKFWABRPLWPL443YZWRSA,2023-08-14,일반
AFRHLDDQVRCWCMDMWG44BGILASLQ,2023-09-22,일반
AEYPS7OXOCZW6EHN3CGLBMES2IEQ,2023-10-05,VIP
AHQ6JV4TKZKOSAQ6TQ3IAQW74MMQ,2023-03-30,일반
AHCCFBKMNPTBDV2XEM4UTUKRCEPA,2023-06-25,VIP
AGC2F645OAT43MZ3FMQT5EWJ7RBQ,2023-01-18,일반
AFFITBM6PHS2QO3SI23K6T5FZJYQ,2023-04-16,일반
AEW7WERXDAVF2JFHMPDWI2R6EWLA,2023-09-28,VIP
AFVSNKZX2D322R5L245E7JBPXZPQ,2023-11-15,VIP
AEIBWLUGRBR5PDQLXFISBUHOQI5Q,2023-06-16,일반
AE2MN74BM246562VMYFMSEFSTAJQ,2023-01-13,일반
AEIZWS5HEDO6KUUX3B2GWNI6LVAA,2023-12-03,일반
AHU7LA2O5SHVZMSFQU72YATBSO5A,2023-02-01,일반
AEBZ5HFJJPYLJAJL6YPW5B5TNSPQ,2023-02-09,일반
AG5AXAJDBTPTEASP2CGYURERHSQQ,2023-05-28,일반
AEUQXSX3YSNN5L37W7I243ABWXHQ,2023-08-06,VIP
AH2OLX25TOPFVMWSSXCIDK2ING3Q,2023-08-07,VIP
AHSLJYCXIB6MF7XA745OIGQ5VY4Q,2023-03-23,일반
AG2XZP6Z52IRYUCU6GLGEUTP5HJA,2023-11-29,일반
AHGD2EMY5M3BGX5MUH5DMSV4BNRQ,2023-07-27,VIP
AGK4RKTLQUZ5OQYSGOAI72QBN6PA,2023-07-20,일반
AESFHQDDCGPTVOTQQTTNA3IRSN4Q,2023-11-28,일반
AE3S2ZAEMH765KUJ57DR6HBZBB3Q,2023-02-07,일반
AHSIVUNTJMI5S5AJGFDE5EDQ355Q,2023-07-30,일반
AGQUDHVCMBW7DYS2HT5HA3QCZIEA,2023-11-23,VIP
AFNXZNINQLTHKVRFI37VQAAFFGOA,2023-09-06,일반
AGVKQNHNS7PQK63FIB6EVC5GUAMQ,2023-08-15,일반
AEHZ4NOZ5SIDQLGODWS4UZ6RVQJA,2023-02-17,일반
AGBVAEUPMWYCDQIKNAD2DXEYWXZA,2023-01-18,VIP
AEOJW7OWUZROZ6Z66ZQU33Y2ZYLQ,2023-10-22,VIP
AFCUW5JX2EZRGRGNHO65DGJ2ZNXA,2023-07-15,일반
AEK5ZL5CKQD6YJFWXH2AWMYQ5L3Q,2023-07-06,일반
AHTPC5KX6RHKRPKQ3RRUF7ECBUTQ,2023-12-11,일반
AGCB4VTTLQMUON2RGBTNCDTTIRVA,2023-08-12,일반
AGQ4XHSMAMTMH3AKNOVGTURDJLDQ,2023-11-14,일반
AFVZGUHN6ZIFJGIBXSBAFVN23LLA,2023-12-31,일반
AFQT3KCDEBTI7PX2J4W7P3CRNQIA,2023-12-03,일반
AGPMBJGS7TX4RMXZRT2FILK7ZWLA,2023-08-17,일반
AHBS2L7JPLUKRD5ZJQVVSFJ4LNWA,2023-03-18,일반
AFS5B353QRCCSU47ZJP22D6VGOPA,2023-07-07,VIP
AE4IOLUZBOKNPMKOWBH4NSBQANGQ,2023-12-12,일반
AGW7EVQ7EY3BS4JCCXZ622IVSSSA,2023-09-27,일반
AEGALBMIH2REIAM54HH446CXCAFA,2023-04-05,VIP
AHZ5C4DKZMCI6CTANLO3RVEGSSFQ,2023-11-06,일반
AGF752ZU5K45Z2R6A7PZFIVGC7EA,2023-05-12,일반
AFTXFBWO4GE62ATLVMHKDCZNRA5A,2023-02-08,일반
AGYJWE5KU7LQVHHG3UBK4DGPWP5A,2023-03-13,일반
AFAW4JGIBKTJDQE4EHYSG5PTAOOQ,2023-10-08,일반
AHJW63Z3OYPN456LWSNIFUY4QHBQ,2023-11-29,일반
AHX4QZLN7AZB65JUWMDFEDFMXDNA,2023-06-09,VIP
AFCJIUIGZNR72BMVUBH6QSOJML4A,2023-07-06,일반
AHODCGFP6G5DRC3ZJONS3SKGNYUA,2023-07-10,일반
AFBRSDA6IG6CQY4IGPKXUR4ESI4Q,2023-04-30,일반
AFHI5YETSSJR7CTVO2PP6ATKWBBQ,2023-08-08,일반
AEWMPPA26KJIWQL2VJLXEGGYGXMA,2023-02-22,일반
AGDRZZSAOT7UAMJBMLYPZYDNCJOA,2023-08-10,일반
AEHT3UW6AG4BFUEZQY6COIDBOBGQ,2023-05-11,일반
AFP4K7GIXSHORXZ227LZN2SROSSQ,2023-08-25,일반
AHJ2Q76VFBFNGG73ED2KVXOPNHFQ,2023-09-03,일반
AGNIU4W6TXLMBMH7JQ4I5ICZ347A,2023-08-14,일반
AHF4WTXSJ7OWJ6EQ2TDQQB4TGRQQ,2023-07-27,VIP
AG2KUMJ53E7NT2N7NZSOUKNT7CVA,2023-04-06,일반
AE5D3EMPETKIA4VU4SZU5UIHXKQA,2023-07-19,일반
AFF76KWKCMR6GNPUXKEBO3N5YTZA,2023-09-04,일반
AEXM7ZELXVFNAKRTVDJ5RAK42KRQ,2023-03-13,일반
AHYHKNM6SBOIEHGTSR3YR4QMEZMQ,2023-11-14,일반
AHYDPSGRW6OTHG2H7LYZVV6SHZ4Q,2023-07-04,일반
AGQQ5W4LCISBHXT54SYYCIS75C2Q,2023-01-06,일반
AGLAQV6LP4AXJCMGURQX3OUNTYJQ,2023-07-25,일반
AHTBXGFU2EAF5DIC3PT2MVAN2BFA,2023-02-01,VIP
AGMYVYGTIGHQQDKROQZHYI67AW2Q,2023-04-09,일반
AFPW7SWJI6ESX22SYZCE226UKRLQ,2023-09-13,VIP
AEKY5CMK5HRNNZXVWGT57CJWHCDA,2023-07-06,일반
AHRQ54DIJ3ABHV6LPYMZWEWVBPPQ,2023-03-17,일반
AGLQ56XIEU243BB6V45WIIMI7UWQ,2023-06-26,일반
AEDW5CCSPBHRUFSD4KHK4EYEINSQ,2023-11-11,VIP
AFAODJJHXH3RGOQXKG5D6NLOMRPQ,2023-10-14,VIP
AFQS7C4WBSQEIHHQ5G3I5OWJLHKQ,2023-12-15,일반
AGKYLNZN5SOR4LZAYWRHAAJY6JQQ,2023-09-12,일반
AF3KBDP4KUQBIEPOHOD4CTE355DQ,2023-11-21,일반
AGPNK4G7IXT4KWGPM4P5GZVHJWRA,2023-07-09,일반
AFELT2ZWY73WKNOT67ZAGVUCQ3SA,2023-11-04,일반
AGA6B3KA3UVWW7IMQ2AAH7YC7SBA,2023-12-11,VIP
AELLMRH2KBMJNAYLWDLGUMSWGBWQ,2023-05-07,일반
AGLXXAIFPOSW675BKK5KDZL63KVQ,2023-10-14,일반
AGUTG6MZYET7MPUMPQXFLSNBEVUQ,2023-09-11,일반
AFN53ZMEK5W2MWJW6E36M4ECOFDA,2023-08-01,일반
AEJNJQFBSHNGTZ2KLO2IRH2CHSRA,2023-09-07,일반
AELJOMTIVYFHQKQIHAB6DVLU65AQ,2023-03-25,일반
AFWZSY64MPBL2AJQVIINPMPZBS3Q,2023-01-13,VIP
AGCQVRAHII6LOJZ5HYLKVZTHACTA,2023-02-14,일반
AFKXQZUR2GH27ZHONXGHHK7SC26Q,2023-05-07,일반
AHZAJIIJDRADTHCXCEM6QEKG5ZUQ,2023-04-24,일반
AEHC7ITQUJKLOGQJCAA6Q7V63EVQ,2023-10-03,일반
AGCW5OYJJFDRSHITPNJ2NGJO37XQ,2023-07-24,일반
AFCDWGFZNA55P5RZVVADKMJX4TMQ,2023-12-03,일반
AGNY7JE5TCQDY3MEVOEVAAA4C3XQ,2023-09-30,일반
AG72D7R72T2BX46FLNTAPNAVHNJQ,2023-02-27,VIP
AFOTA6QJ5UKQOBJ5APZRDK3GVOBQ,2023-11-24,일반
AGKT6MY3UZFPKSYVU5V7IOKJKMMA,2023-08-07,일반
AEMPOEDWHUSVZ4K5B4NSUITJN44A,2023-04-19,VIP
AHPG3MJMT3RKYFUX36KRB3EDGOBQ,2023-10-06,일반
AE5GMXIOYRAI3YQEDFM4W22P6SWQ,2023-06-23,VIP
AGHSVMFIK3RXOK2SWFPWN5TZCJKQ,2023-11-24,일반
AH7JVRRT5TX4TDCA3XS2HEYQIITA,2023-09-21,일반
AGNNU6V5L7VGIRYQ5XIJ7H4VONBQ,2023-11-11,VIP
AHD2UUIFWNHDJHVXLGRMPLBBHSAQ,2023-04-21,VIP
AFFOW7D7WJY5D3E3PV26TYE7Y57Q,2023-07-06,일반
AFXOKMMHVI6D4RWQXJFN3YSI57BQ,2023-09-26,일반
AH65GLY4VWTON6HQURNVS3MWLTPA,2023-08-17,일반
AHPCPMJYJE4OFUAOCX2GJNYIOGGA,2023-06-05,VIP
AFLVQOCKHNNVELC2E4SX2GF4Z5TA,2023-07-08,일반
AHCVGFTJLPI3BGD6EOMDLSJ43UQA,2023-09-29,VIP
AE5JNSRY4O3FLWR6P24C76QLBZGA,2023-01-02,일반
AHX5PSVSNVHS4QNYCDEKIMFDERZA,2023-09-03,일반
AHWQQLE2M65U3ACAYST5FUV4UPVA,2023-07-29,일반
AFYWJTX34TSDYAHOCEDFBOESDBLA,2023-10-13,일반
AFTI4PPEOUKIY7E7RZNDGR36GJBA,2023-12-25,VIP
AGIL2YVZAM2EISWCWKZ62NRHRQTQ,2023-01-13,일반
AGOLIHXYWOUK27IL5A3NHNA4U6FQ,2023-04-06,VIP
AGFVR7YLNWBVHZT7ZKUMA3OUNIOQ,2023-08-09,일반
AFQLEJZYWVOJCCO5THP43JRGYB3Q,2023-08-26,일반
AECMQ2RLIJLZPBV65R74ZXYWBHDA,2023-04-04,VIP
AEDKV6ZUXIBYYQJBXOHXB3DZLYWQ,2023-12-04,일반
AEHWYKP6AINWLLGVCZXRT3GOBT6A,2023-09-26,일반
AF2LJJNMXJZHEEWT4GCNWPSLFPIA,2023-06-20,일반
AGJ3VD6VNEKCMGYVVAS3ZFSISKMA,2023-04-04,VIP
AFVY6A2WBGEYOPAJNAZP6J44H5GA,2023-05-29,VIP
AEVHDFJPXL5VW4EUXTOBVXCPZA2A,2023-04-22,일반
AEHCVDRO2RQCQNWQH25CS6227BOA,2023-02-24,VIP
AESDNVY2THX3KM33O7EBVYFFW22A,2023-12-03,일반
AHRITLVMUVOKHOZWEW7EX5LIHVSA,2023-04-26,일반
AF5UHHQGO6G4D6AJ4QC3HFU7QRAA,2023-05-23,VIP
AFZNCL4GFSQONZC3T2E6CWDOOJ3A,2023-07-20,일반
AGQ33QFV6YITBYDD7Q5UZB3KPVYQ,2023-06-29,VIP
AG726ROK2TXYFZYOHF56OXEQEVMA,2023-07-21,일반
AEOF6N7C4GZTUUR3VXU577V4K2XQ,2023-12-30,일반
AELPAFD33LDSPRU4SBYCF5JOSYZA,2023-02-22,일반
AE7CCDFNM42PHTVFFJ5JF3AFRZJQ,2023-06-29,일반
AFBWDDA2YE4P72CA6RHL43B3F4WQ,2023-11-09,일반
AEIE7R5GFFELVNO5KDRXGRS3TPKA,2023-11-04,일반
AEI4GFTOVHF2SESNRVUOE4N2NDNQ,2023-05-17,일반
AFQWXBVRW5AF53GDQLBGWN4NWXFQ,2023-07-01,일반
AFKIFIYLWXVSKFCEUBX4ID3T5QHQ,2023-01-01,일반
AF644KLEQSZZJOCIVE5XK42WW73A,2023-02-13,일반
AGMD2UVAWOKO3W37KGZWAPI3ZB6A,2023-08-15,일반
AG7BC5ADBMW6EMTNHSDXNEZACGSA,2023-11-27,일반
AEN2I6AIAPGVXROMHAQ4NMUTOP5Q,2023-04-08,VIP
AGZ626GSSJDOAEJZAPBMENWXFR4Q,2023-07-27,일반
AGDJLGA6BF6G4XFQ3ZWBHW7QZFHA,2023-09-22,VIP
AEC7RE5DTPOP3U3VWADY32HLOKMQ,2023-10-15,일반
AESZAGS5TOO5QII4XYFLKFAWSZIQ,2023-09-28,일반
AGC5YGA5PCE6NZE2KKTR5KY3E3PQ,2023-05-20,VIP
AHWRHOUQWASZTLTB4CLOJIDZYPBA,2023-08-25,일반
AGQS7A3QE6JORKCGQ3K2J3Q7NOMQ,2023-03-13,일반
AE3IMYWXCNVEMIF3ELZZDGDXWKRA,2023-06-04,일반
AHSRJIWSBOMVKM6IWI4M64I3V4AA,2023-07-09,일반
AHQYDF33TO55QZY3STKUBB2WL3ZQ,2023-09-25,일반
AFP4IFI6O7PUAZ3A3KONELUOBGOA,2023-11-17,일반
AEFZZLVLJSICGSP4WDGTZFSDF2BQ,2023-04-17,일반
AGWXUDJLYBQYBI5O7UHDK6QW7FYA,2023-08-20,일반
AHYBJJUUPQJTFXXO54OQ3J2D4N4Q,2023-02-11,VIP
AHME467G4UTCVM75WV6LUC4H634Q,2023-07-09,일반
AEW5PTYK4UHR7B65WM4XTZLBYJZQ,2023-05-19,일반
AEYADIPLPA2P6QH53K5OLKRQS4MA,2023-04-13,VIP
AGL3YL2HVMSNJ6JQ5FQ6HGAZEJPQ,2023-06-20,일반
AGLYEVGC2CQ4B6K7ZLFC6HKRXHXQ,2023-12-17,일반
AHL6URBGFQRDUNFGH5UCW4BGF4FQ,2023-09-30,일반
AFZ7BSWDEUCVHARR4CX2UCO5VZEA,2023-08-09,일반
AHFKTS4EHCDCYQS425TALOSRSNHQ,2023-08-01,일반
AF65MIICMJTPBXOMJVXMRXJO564A,2023-12-07,일반
AEUDRXQAIOQFAJMC2HXHA5I726VA,2023-02-25,VIP
AGHNUCRUYQXMP4652XV7ZVK5DPMQ,2023-12-08,VIP
AFJQ6LWTWGENRRJXZLWWX27YREJA,2023-04-12,VIP
AFWKRJGICXU2EXDCHLR5AXVCMQEA,2023-07-11,일반
AHFOGTDIQHP3LINYF4EQOBZ6GKZQ,2023-11-06,일반
AFCN4ZD2X2EVUUDSG4BMFT7YJA2A,2023-07-19,일반
AHDHRPKNTBSBYA3MRM5PYQVL32NA,2023-08-21,일반
AHVUIVUWUFPO7Q7OJKIUG2DA4BFA,2023-08-15,일반
AEXIJCTRTURULROTIL72CGUX3K4A,2023-05-19,일반
AH227Z3F4JYYTDOQOAYSZKNVWUKA,2023-12-10,VIP
AFJIOGKIZE7HIIGKY7UQYGKCHUTQ,2023-11-01,일반
AHWYLGBFCUWXVK26AOQEY7QNNWCQ,2023-05-29,일반
AFYXCGFUYNSPE2MMMHPCDDG3MPKQ,2023-04-25,VIP
AHJDPDXYI34BCGDP4LO6EHTJXSWA,2023-03-04,일반
AEDN2U7HH4M3FF3HHDBHYZM2V4DA,2023-04-14,일반
AGBGH66QZWI6S4A5A65VS2EGULVA,2023-12-05,일반
AFITUHP37XFHAR6LTTXOSFZIJM5Q,2023-12-25,일반
AE4PAQOUOTQHDRBH74KKGQAMW56A,2023-06-05,VIP
AFMYEBPS6GDJSJNW3W2LA22EGVZA,2023-09-30,일반
AFNLLROSLYHITIEK3AUCH7F67BDA,2023-01-06,일반
AH2I7KKNEMSGES3IVG6KQUBRENCQ,2023-05-27,일반
AGMK6A2BENOKD2ODSRVUFWWC5G6Q,2023-07-03,일반
AHCOYDQNZS4UUSG6CUGPTYFADJWQ,2023-01-28,일반
AEIVKBCTQJGOIDNCWIZGMGGBFZKA,2023-02-07,일반
AEBOS67PZZ65W6MOFB5TLA3UMHIA,2023-04-29,일반
AEYGIH4DOWVSDCW5NMBO5B66JC5A,2023-10-20,일반
AFOSMRWUX356F43ZT3O46AKFXLEA,2023-09-01,일반
AHAAATUF2J4XWCRCFDHSGRMR4QHQ,2023-03-09,일반
AHTVNJD4KEN5OLLRPBMBVK65CBTA,2023-08-02,일반
AF3FG4DF4LJXC26OKQ7OCTTV76CQ,2023-08-06,VIP
AHTKG4MRV4XNZ43XSD4R7A3XSB3A,2023-06-26,VIP
AEI4VIVXAPEKJT4MCN25ZWPE6Z7A,2023-10-26,일반
AEIGFUFEU2YGVXZQSYKPUF5FTCCA,2023-06-13,VIP
AHAO6EXKU37EEYYK3GH6ZFK4SUMA,2023-02-27,일반
AFB4UHZ3QF352GURQDBYC5JORT2A,2023-09-26,일반
AHUH2DL5E7X6EPG5NEI3PYFTXX2A,2023-11-04,일반
AH4PKU4P7D5AHUHDYV74RUPDD22A,2023-02-27,일반
AGE7RHK72JYVY6MTM33BY4SVZKOQ,2023-10-15,일반
AEVJRCT5FUVYU4LJMS7EEXGF4LVA,2023-04-15,일반
AHPDAOIVOVCS2LWI73U6DBQYETCA,2023-08-16,VIP
AFXZNVON4LZKKL23DAL7IPT5ZJUA,2023-09-04,VIP
AFSZKLP7O5V7SHFKRIC5YGKLI6VQ,2023-07-07,일반
AGNJT6MCU54JSU2MDPAUHNVVMPAA,2023-03-24,일반
AETWKKRH3YG3TDQPRO72TEEGPBIQ,2023-07-05,일반
AEK4IBLWWLNYTV5TXRAIVIDWDJEQ,2023-09-09,일반
AGEU6T4TWEHPJGK7WYQEINX4NTGQ,2023-12-21,일반
AFIDAKZO3JJUEQ5XHV5DQFPWMWUQ,2023-08-26,일반
AGC2NONP26AGZYB5HR2FYRMUAJPQ,2023-12-26,일반
AFTJIOQOYRDJGI723DK74GWNDZ2A,2023-07-03,VIP
AHHUIFGGDKLFQ5JQ6GKTCFP5ICTQ,2023-10-11,일반
AFJ4RYVZPFVURFU2KARPMUWJHY5A,2023-07-29,일반
AG4HRCTC3U32DT5KTF5D2KYASGSQ,2023-10-31,일반
AFXXUQYCEVF3LETU5PSA77TAE5FA,2023-10-23,일반
AFKQ3TOYUPI6L7KPMRWMFU26JUMQ,2023-04-07,VIP
AG4FIDFQU6LP6QMFQY53VSV5JYXA,2023-07-27,일반
AHWPQ2ZMZFHAYASC4DS6LFCQ4D5A,2023-05-17,VIP
AGJ2FUFEZ6Y65C3CZA6XJ4J74NFA,2023-07-03,VIP
AEOMLWH4R5GQ2PAEYWT7DXBDIDFQ,2023-03-17,일반
AGZSGTXSS3U5JRRIRFWBTC7N37VQ,2023-10-14,일반
AHYE53BX5R2BNJHNSISJLEXOIAPQ,2023-05-22,VIP
AHXUXPQFBUYDK4PEVU2BEKXMY4XA,2023-08-25,VIP
AFN3Q6PA5YJYY5MW4JJW7KD3CFMQ,2023-01-25,일반
AE3RFRGO7TRR2B3HPMSS4UGJZDMQ,2023-10-17,일반
AHKSCTFHQOFIBISZ7QXIL7KOIVGA,2023-03-08,일반
AHAV4CJCMF5EPFWOHKYSWKTHHKLA,2023-09-07,일반
AEKLUTZJ4NAMIM57BQ2PMV4RGR2Q,2023-04-28,일반
AFJXXS2L6HWWPY3JISX5SCNOEJRA,2023-03-14,VIP
AG3W26PYXB5PZLCXPAT3747IYCYA,2023-10-09,일반
AFICN5SUTEMROEAXGDQQ6R5DWIMQ,2023-12-26,일반
AFWO26UIM72Q7ZPHSQ3DUGDM6H6Q,2023-01-10,일반
AERVTE2EIAQT7NEI6VGV4DJIUXCA,2023-07-30,일반
AGOMT3O5U4TB4TZVFQFNDKP5GT7Q,2023-11-19,일반
AFVTO4K2IG5AYWZPOAEA2QGPZZ4A,2023-06-01,VIP
AHWTCTHLUKPJP2IUI4BQMHLGSEAQ,2023-01-05,일반
AHAPQUB4R4LW5DVZEUNCXW3PB5BQ,2023-07-14,일반
AEHTBA3SGAOECHU5ZCSRUW4NUGLA,2023-10-10,일반
AETY3ZRXJNRJ7NEK7BMH2XXO26KA,2023-04-23,일반
AGLWKVJOI7HQ24WJBODYR5E556SQ,2023-09-28,일반
AEH27CVZQNPB3YDLTNLPLCNNMKOQ,2023-06-12,일반
AERPXYDL77A3TGZVEC4E7COXPNJQ,2023-04-15,일반
AHGPGK7X35WHOVKQHT3OCUQ7KJNQ,2023-06-30,일반
AE7SXDPE4UX5MOB32PS4V63RPVEA,2023-02-13,일반
AE7DSLIHNWRP33ZULLHXQA4KM5BQ,2023-10-09,일반
AHG2ZF34JUECM4ZYKFDRRUIKDIXA,2023-06-24,VIP
AHQ2DKS5UNONNHOGPYRRL3JMYFBQ,2023-06-11,일반
AEFES7Z2WEM3TVJHVRRRPIGRRXVA,2023-12-17,일반
AEDM7KPWGF43EOIT2OHPQEMDTBSQ,2023-12-06,일반
AGTIINLWR6VP2OSW5R25BYBG5HLQ,2023-05-20,일반
AH3GNW4PAYTBNJZT6ZQBT3734A6A,2023-05-12,일반
AGWYCIPKHZXJUZXRJ7EB4TAH6OVQ,2023-03-28,일반
AFLHRHONMOZXHDC2ZOZHFL4YJIQQ,2023-06-25,일반
AFQV3ZTQ5BMBAWI2XBAE2KGC4KUA,2023-07-02,일반
AHGYV4BZYGAHGRKZJ3B56CVDCKLA,2023-05-09,VIP
AHRBCLLX7TIU43LLXCP3GSMLMN6A,2023-09-03,일반
AHPWNTIG3ROOC7L2MFN27UHBQ2CA,2023-03-30,일반
AGNLXH7GFRBUEG3GEYNDW6B6Z55Q,2023-03-07,일반
AFMRUR3XGB44Z6JGCPGIS6B7MXDA,2023-06-07,VIP
AGERS4EZVITFCCWLQIZ7P4XAEAEQ,2023-05-29,VIP
AHEYB5YSDOJS2CX5ZYJGEGSQ4JEQ,2023-12-06,일반
AF5EHB4Q72MUV3PTDIRKOU6RZJNQ,2023-04-26,일반
AGPBIM77CMHJZPR4GROXSNK3GOFA,2023-08-02,일반
AEQ2EQIV34AERSJYG3RO5D4RPS7Q,2023-10-21,일반
AGZQCU7SW5KKYPSR376PM6UUQDAQ,2023-09-10,일반
AETROJMOXLWYXXLMLCU7KW4HXETA,2023-05-23,일반
AH4BA34R2VIOKQRIJLXUDKFR3MQQ,2023-09-07,일반
AFYSXQBPVL6SBVWFIUWXNK5P2FWQ,2023-10-29,VIP
AENMVCXATZBLHQGMVGSSY4XTNKRA,2023-01-25,VIP
AHGP46O5MO2FPEVAHZM6A7EZHAEA,2023-10-04,일반
AGAHJYQQHZEZZ7ZVR7557735PGVQ,2023-03-11,일반
AET4QQ4FHIRE6OWDOEU2264PW27Q,2023-04-23,VIP
AEW6MM2KKYNQQXXAFQH4YNVRUBMQ,2023-12-29,일반
AG5B2JK25IVZJ4XBES43PYNFRI3Q,2023-04-22,일반
AF3COUSTM5YZSV3S6KASMJ6NC3JA,2023-12-30,일반
AHSJLI3SFLCBQV75ZJ5STARKTDBA,2023-10-30,일반
AH5A4BY345NKVTFEO733D6G7QNYQ,2023-04-01,일반
AFCNIB3CYWCWG5XWEUVDXCLNLGSA,2023-01-18,일반
AHSTM3IJNFXMWVR5TOSMDLHPXVTA,2023-05-29,일반
AGMZXK5XYLQSAZSVUHHFFIZZ6SGQ,2023-08-15,일반
AFLGIDPC5GTJ4ET22CVZHSHBYCJA,2023-08-02,일반
AGFIU57KQ27B2HIIHLNRXEX4LD3A,2023-12-26,일반
AH2HEAF5KSG36DBJZATRGPWMQFFQ,2023-05-31,VIP
AEHFXUDWPL2CJNEDKMN5473JESNA,2023-07-11,일반
AGUZ3J4FHC3D4PBXVYJSJLCYLR6A,2023-02-09,일반
AEE5TKO2YQMMVIBAGMEE4BQS6ZHQ,2023-08-30,일반
AHHWAZU4DKWHDYX6TXUOHE56T5AA,2023-05-18,일반
AHOGJRONCJE5ZAJX5CV76QCAKC5A,2023-12-11,일반
AEOZN7QHTHMBMPZ44PLKH7ML2GFA,2023-06-29,일반
AHBZTGUKAUVUWWRIX5NAR3LFRRDQ,2023-07-19,일반
AHXL7635W54KBJSQMVBH5NU5M5HQ,2023-07-22,일반
AE7ODFGTGXOJ43E766LIKWOZWYTA,2023-03-02,일반
AEME7YWZ3YMKQOAKJY6QV5XKRQXQ,2023-07-11,일반
AHJICOXQKSOPQGHIO62545GNPNNA,2023-01-05,일반
AE7D3RJLZB7FRIEHCAY6O2ATRJDQ,2023-08-25,일반
AGR6MSMT6NDHTYUYWIF25PIVEEQQ,2023-06-30,일반
AGDGOIKF2V3IFHQLZ7QSCAYQTRNQ,2023-11-07,일반
AHQ6LZRLPWZRHXDESLTHYTIQPKVA,2023-02-06,일반
AHNLTNUGEDFJQZDRMZTHFFEV6YHA,2023-02-25,일반
AE4ENCSAVBVYJVFC3GMNMRDSD2KA,2023-08-25,일반
AEBRFXFON7LZTJCLJHVYUTGAG4JA,2023-12-24,일반
AHV4RBRC5YCXKIOQC2Y4PFTQPZJQ,2023-12-15,일반
AEXNDM5WOVFGYVZEG5WIZCIJVN6Q,2023-07-16,일반
AFU42F26AWWMHVXXPQBCV3TMJCQA,2023-03-14,일반
AHRL6UH5ZPAO25IZNBKRHIBU75MQ,2023-02-28,VIP
AFNKZKUMVGEZPPAHKKX66IV6RJ6Q,2023-08-28,VIP
AEK6GCTCP57ROUFQRMAH5X3NVLOQ,2023-01-02,일반
AEMKNUIMZACX7TT5FMUOPSS5YNMQ,2023-12-26,일반
AE47Z7OIMUONNOFNS74AL5G3SEUQ,2023-07-07,일반
AGJBZ5PXDKBX5LAIWE4RFKQRZOPA,2023-11-03,일반
AHZ3OEXV4JL4MNSPNLNCAKIDTGNQ,2023-01-30,일반
AHSI5YU57HTLXWPV3GB3YBW6ISDA,2023-09-24,일반
AFKYLXLD4CQD2ZTR2332YUOELWAQ,2023-04-18,VIP
AGO7DPNCGHKXTC2ABQIMLYLWLRDA,2023-11-28,일반
AEKKCP7NXBVTMBOUE3MX2X2NTNQQ,2023-03-31,일반
AGQWMX7SUHHGX32GDU3UFQOZJ7RQ,2023-07-24,일반
AEZGTPDU5BSCNFPNTFRPZEHHKKUA,2023-08-08,일반
AGT572FSHJL725535LQUNZXHTO2A,2023-04-04,VIP
AGGIJ2Y7MC4VSMU572S7NZMHGSTA,2023-04-13,VIP
AHQXV74OUKWTTJSEF3A63MBXSCAQ,2023-08-11,VIP
AF2GX6LD7IUTQ5V4S3VZ2LMZMAJQ,2023-07-05,일반
AGPB4U5YAXMJXJV6SGR5TAXFXMBQ,2023-07-03,일반
AFJO4HYHQHYRKJJNE3ALLGPP4J5Q,2023-06-11,일반
AG5GIDKTKJL5GQO4WODHFI2ALUSA,2023-09-04,일반
AFON2UWSBTUCG5QSHZOAMHVI4WSA,2023-01-31,일반
AGFI7QAP24WKYIKSVOKOI6AH5QWQ,2023-02-21,일반
AE3OLFD74JMTB3BH445H4VU2KR4Q,2023-12-11,일반
AHVSB2RAFNPMGZEKR7Y5SW6XN3PA,2023-03-17,일반
AHP7DRD4MLKSHBJGYJWJFEVRA6LA,2023-10-05,일반
AHPINNJOLXOPGJXN2Y6S5NVCW6JA,2023-02-09,일반
AGFPOSNBSZEQER27XB5IHLWGJL3A,2023-04-11,일반
AGW6CYJRLVAP5TGYYDZ5CD4CTYXQ,2023-04-21,일반
AFEIC7ACC5JILEDYC52PZLVKB4QA,2023-11-17,일반
AF7KVNWBD7JWYLKGKXBYJ5O7RQ4Q,2023-09-06,일반
AENT4PFAUWIXBLC63RBXFSIQS25A,2023-07-10,일반
AFNJ2FA2TZWNELD25ME5HKAFNN3A,2023-07-01,VIP
AE7HD2B333CUTVNEKKQ2OFF3ZWNA,2023-12-01,일반
AFHOIELXNNNUIH657DZGY66E47BA,2023-07-28,일반
AG56GJXG2U4TIZ42J4H5SIAOZFSQ,2023-01-22,일반
AEE5ETMIZN42YFYSNE3DUQUSWEJA,2023-06-15,VIP
AGVKCM3HYXDY24CDSPW7OCLKBY5Q,2023-04-09,일반
AFLU4N3XW4NR5F76OYE32MFHFNDQ,2023-07-27,일반
AHCTMBY6ILZV6NI6M6AMLCOF4ICA,2023-01-08,일반
AFCMAZH6M3TVEIJMUB2MX7OYSKSA,2023-07-09,일반
AFVHSUME3FXLMVWOAUMSW2FQY5OQ,2023-06-24,일반
AFKXPQJBEVNNZLC74ISHNFVCO6CA,2023-09-30,일반
AFELQDSWBB36DNLRMGBO2JO3C7GQ,2023-01-17,VIP
AESUWQB3L5GNP2BJPUD4MXJ5D7EQ,2023-03-31,VIP
AEEH5DFNKICJXQME6UXNS3P3OM3A,2023-05-21,일반
AGBSAL7DSIA2DOH4OECWZNBWUWFA,2023-05-25,일반
AGTWEFLTCAACRA263SPI5GJ3RTAQ,2023-06-15,일반
AGZLLIPSQAYH3KIKTP6FY5OERQDQ,2023-12-03,VIP
AFE53GDVPWIFSX5PQH7P3SEZ4HKQ,2023-03-19,일반
AF3ST42POCJQZNBDQENBSIJFNH6Q,2023-09-19,VIP
AEPLASBTA4EAJJGZ5Z4HSGL32J3Q,2023-06-12,일반
AHFGGYF4MVQF5EOQIFQ2MUKGRRKA,2023-01-14,일반
AGIQYUS55MG4UWXTEF4PRMPZWPQA,2023-08-27,VIP
AH4VWAKSTYSTM4XW5I4VA4VOGL6A,2023-03-13,일반
AGXLDDFUAUJIXQ5SZK2CKHJGCO4A,2023-05-23,일반
AFDV3XB5P65LS5FRSIEWKAY3K3JQ,2023-11-06,일반
AH6ZYHC4ECJ56T4GGZCL6MITCTMA,2023-10-10,일반
AE4TXVJAXHK5R7IELJNWWYHFIN6A,2023-09-26,일반
AEIJ7SPIJQQGYL2ILSVFV7L7KUCA,2023-08-29,일반
AGPQF6FIRVMT534CMDQOPD43MABQ,2023-09-02,일반
AEWSLNWPA73PVMUGHDJFRBKEAPSQ,2023-06-12,VIP
AGBYFOYR3NI4NL3YQNDGZZF2IK4Q,2023-03-01,VIP
AEM3QOT5IZHF2LEZT6LFD3OTDOLQ,2023-01-06,일반
AHK3VCLMISL3QD2KOQSW6WHTC6QQ,2023-07-16,일반
AF33NXAARAF2D6VUOBSIWL5CV5MA,2023-02-27,일반
AFPPWBB7UVUGIXVIQVFWL5CN6XAA,2023-11-01,일반
AFM47S7NXDRALSGXS4LAFU743QJQ,2023-08-05,일반
AG7B6TJPNXKVLBY3RPA6HSCFJW2Q,2023-01-26,VIP
AHBJAEOHXRCVYWBFYUOG2G7NTVLQ,2023-10-30,VIP
AF6DRSZOQ6E5M6BH27L3GA3SYW4Q,2023-01-05,일반
AHAPGUPBVNULSTPS5Y3SXCSWGT6A,2023-01-20,일반
AEQGO3ENRW4OGBGWUNECEWY7LMZQ,2023-07-17,일반
AEB6ZUPDFZXQWXHE72JVVSO4ZFGA,2023-02-28,일반
AHPZYFKIAW7DX6SSCSGI27FGMZTQ,2023-08-30,일반
AFMXLK3YUJVFGQV33RBZQ4IDUPTA,2023-05-26,일반
AHMG256GFFJ3XGDBZ33VX2SHQ4OQ,2023-09-30,일반
AGWJWL3N6X3HBXK4SKRP6FWDSBGA,2023-09-06,일반
AEUNYC2KUYOZRA2TH2WTZ3RG44WA,2023-01-14,VIP
AHEMPQZQUAERYFBDHQWBEN2KXO2A,2023-01-13,일반
AF4ND7E7FHRXWLU2TP27B7BIRJBQ,2023-02-13,일반
AE3S562OZDGHRXCXEO6AXOU3W5AQ,2023-01-19,일반
AFREKZH5BGM747DB57WHR4RTR3QA,2023-03-04,VIP
AEIFPFERCLDOHEDLTL4AT54MGQYQ,2023-08-27,일반
AEEGGAYRYXP6RHFL64B5MD5RVOKA,2023-12-03,일반
AGB7JIFSP63DCBEXSQJ7NV4QOYMQ,2023-04-10,VIP
AGTVC53G6H2H6XPYPMPKWPVMEYNQ,2023-06-12,일반
AF2RABP57DKRSINAD3R2DKITOV7Q,2023-05-02,일반
AEGE3H7UIM7FCTYQKD3MMRM3EXMA,2023-02-13,일반
AF35WMTKE2Q2F5DQEVAGC5VDLAYA,2023-12-26,VIP
AEW2XGFZJOWDL6B4TNN4TZC2TRFA,2023-11-13,일반
AFQIRFHBUQALCU2BDHWX6T6YOJ2Q,2023-05-25,VIP
AGFIPI7I4JGMPSNAVSWCA4P2WIAQ,2023-11-23,일반
AF4LSZBP7I7DOSKCLX5MZGSR7WJA,2023-12-29,일반
AHPDWYQTQGOMTW2T43NC4QQJIWSQ,2023-02-19,일반
AHPRNMXR66DD77CEYCS5XWD6SIIQ,2023-03-06,일반
AFSP434VUSNRSG4UX2ZLIWZXZ2KA,2023-12-21,일반
AEBIJEXNYPRKO5MKEV6Y3B7T3CCQ,2023-10-15,일반
AGVOEUHI37YTWKDUKVJVBC3EEREQ,2023-06-13,일반
AH6NMSZEUI2NAFVB4F2ZHK2IE5SQ,2023-05-21,일반
AHMBCE3D5FLL2VTWRXIWZCXIYXRQ,2023-11-10,VIP
AH35ZZDDDXAUW4RYSRKV4QYYOS3Q,2023-05-08,일반
AF2BZP4VGYYRYIHU2HKLQUSH4ETQ,2023-08-27,VIP
AE2XMB6CEF4SCPYQI75GHNYEAXIA,2023-11-20,일반
AGGZZQ5IGA5QAIGYO5NZ6PVT3D7Q,2023-10-23,VIP
AE6DVWUAWPSVBSLLUQYNPPSQQAJA,2023-07-06,VIP
AGY5QPHPBISAP2NWFXQM6IUE2FSA,2023-07-27,일반
AGFVUN4637QP6LIOV5R4RLQWPRAQ,2023-08-08,VIP
AGFVDEDXE3HZWF4WGRUEPMDEGISA,2023-07-09,일반
AGLQGHCAPA45C7LFUS257GLOBJIQ,2023-12-12,VIP
AHHZDQ4MJ63XTHK5UTCXGFSPQNTA,2023-10-11,VIP
AEEFUBM5UGOQDCGWGY6JORVEO5QA,2023-12-18,일반
AHAYM6PMIGKODC5HL7EZ4X3RP6CQ,2023-08-25,일반
AHAX2XSXLJNPZD2VD24CXKB3YTDA,2023-07-13,일반
AETDMDOVSXTTR5XJPFQC5GABM44Q,2023-10-14,일반
AEV5HEZN2S7XTGGBJT353UZI3GMQ,2023-09-16,일반
AEXXGJ2SYJPB5NKCDX67RWMIXR3A,2023-09-03,일반
AEL73DAP3UV4QKJST55GPFBB4ZRQ,2023-05-16,일반
AGIBRWVH463CHA7ITXB5DLE2V7MA,2023-10-07,VIP
AFQ3U3VBOCWRK5FO7AHRDUWWSU3Q,2023-09-28,일반
AHAJYQR4MXON2FRMHGMXO5AQMB6A,2023-06-20,VIP
AF6PSKIGQI3XF6ONPKLUZWTTIJ6Q,2023-06-08,VIP
AEAHUUJODQRTT2CHUPUCRGDHYTKQ,2023-07-20,일반
AHXACIKX2GST7YTDG3AUJJ2XDI7Q,2023-02-14,일반
AF772HDBWQAREJWQ2CLI2OHNSKIA,2023-09-21,일반
AHHSFGNEBL7YFX6MBHHJ7YO3UJSA,2023-03-12,일반
AHVBXZN2O5ZS3WTPVLPL2FICSBKQ,2023-12-30,일반
AH25R3GOS3TJRM57EUOXPJ6YJDFA,2023-04-13,일반
AHI5ZCPOFUPHGSJW7H5HCL3DYX5A,2023-05-05,VIP
AE4CCI6LBWFJBG4CLFJFLCJZ7YRA,2023-11-09,일반
AGJ7SMZ3VQE3KH5WMLS6XPVDDZVQ,2023-10-13,일반
AGSBNTGWSEIU7PSDD3BDPKZ2K3CQ,2023-08-18,일반
AFLVPDTAQYKZ7OA4FBXW5NOHY2IA,2023-05-26,VIP
AF5IQBN7EH66YYEVQXIEYZQMDQXQ,2023-07-16,VIP
AH32IF3JR7M24NTRWQY3HTUUZCQA,2023-08-09,VIP
AFSJUWV2I4CD53EPCRMOQJ3CWR3Q,2023-03-01,일반
AGLYAYWTFPPMLELDG7MBUTWQZTKA,2023-04-08,일반
AHAAYO56NUYMNL7O7P65YAAKV6TA,2023-06-20,VIP
AFWPXEXJRSEYWLZSQDGUDSBDHBLQ,2023-06-22,일반
AES4QRD3RAYW2ORTU7E7K76ODZ5A,2023-05-31,일반
AFRXDI4SII4JBMPANDYIBWAXES6A,2023-12-16,일반
AGH6HBX2KQ7SPFSKTLA3TXXEODHQ,2023-05-02,일반
AHWWSRDGMUI3RUPRJLQY7DLHKXIQ,2023-04-18,일반
AHMBY2YCZ6C6D5ZPODSHKAMFGXJQ,2023-01-04,일반
AG3O6DYHU7RR4V2YEZCO42RILNPA,2023-04-03,일반
AFZVM6YEGV5SQ2KKZFMEJZ25NKQA,2023-01-06,일반
AF77N36Z4TV2XEXVZL25HASNQP4A,2023-10-15,일반
AF5KHBJBXENJYBREN6IA25CAEGWQ,2023-04-16,일반
AG36M6YGRB65XEJ4LMC2U77FR76A,2023-05-26,일반
AEVCX7TC4UG5RDTPZTYNHJB5F3RQ,2023-09-28,일반
AH3VJYYQHPSF6ZL66EW2AX25XSDA,2023-04-06,일반
AEVZ5C4WDFLWANNAZDB3Q33OK6JQ,2023-08-17,일반
AGEHBUZ4FXMTXQ5W26K2YUNJDKFA,2023-07-21,일반
AEUNGOJK6SA34KCHNR47RY4AUQLQ,2023-07-31,일반
AFRWVROVBN5XNW6BTASVE47FBIHQ,2023-01-06,일반
AGP75AQH4URU3HHHPEIOT6NUT53A,2023-04-22,VIP
AE3BO5WPWSLE4GZMDE2Y4HJYS6CA,2023-11-19,일반
AGKCXGDP6B3EETRONNRLMW2FEZBA,2023-04-16,일반
AE45GZLSH4SCD2YNBBHFAT7PULIA,2023-05-19,일반
AFWFWVCRK5WBT2KNQO54ZRY6EGGQ,2023-10-26,VIP
AEP4K42PEUOFUZBSUUDCSQBLE3AQ,2023-04-06,일반
AHR6J42MLK352GDZSY7SDIR7FRAA,2023-12-03,일반
AH6SYTU35PM6FS3MYCMZE2HUHX5Q,2023-10-24,일반
AHOUXQHR4KHOOR6GRVONQNICCGGQ,2023-08-02,일반
AF3RAGM4J65OMFTJPKIZ5EZSKDNQ,2023-10-18,일반
AG5PVVOM55OQOZLE6RR7HRGV4E3A,2023-01-22,일반
AGA4V2SLJ744MITK2FWWGPXOFB7A,2023-07-12,일반
AHDOHVS266NLKERWUCDBLOI2HS3A,2023-05-30,일반
AERHDD3XT6MQGSE4F4NHHYRDW3KQ,2023-09-04,VIP
AHU7BO2DJJO2GP4JBADXH4ED6NUQ,2023-09-24,일반
AGSDISZT2Q56EHH3RWMSELFMI2AA,2023-09-08,일반
AEIY5QN6TDD4V2TCBEE6BF7KLIAQ,2023-01-03,VIP
AEI4BIWGOCYLHHENSEEBA3PZACHA,2023-11-12,VIP
AFA3SIQ6QNXPHVU6AIEL4FIMUYDQ,2023-03-17,VIP
AFPBB55ERBMYZ772BNASND7FMW5A,2023-03-28,VIP
AHM727ZYMMQDPUHJ6OWCUCU4355A,2023-09-27,VIP
AFS3O2OIRQF5ECXHPLIAACRYS7ZA,2023-08-13,일반
AHMR6LPDRS6LA5Q4IPR7CR5C5UNQ,2023-01-18,VIP
AHNKAHK6RYA2C67WMJPAHYF2SOOQ,2023-04-23,VIP
AFAE3QQ4QXQFUDMR6PPV7Z2RBBXQ,2023-09-08,일반
AF2XP36RNYHP6ECLKWEGNJMPIMWQ,2023-08-21,일반
AG2GORYENZ57Q2GI5YX363VVLIWA,2023-11-25,VIP
AHL435VQHZZXB545DXGLIZSACFOQ,2023-10-06,일반
AG6OEN75DD6ADCNOYEGCMHZRI22A,2023-07-21,VIP
AF3CWTDKJKG76CDV3IL6X72ZC6EA,2023-03-24,일반
AF73CGOZKN7MGOT7NZBIJFV35UQA,2023-05-05,일반
AF4CMSAMBV4RKGO4LWDE4LY5K2QQ,2023-06-24,일반
AGVG3B4ICKXGMOKDYKEOWIAO7LSA,2023-03-10,일반
AFVLASKUEKD7ILQRPFL4TAUJAUUA,2023-02-16,일반
AH2Z5DXERV53SFHROV27HKERTZPA,2023-09-13,일반
AGLOZNSKAGH5XUZEAZ3FZTQ22CHQ,2023-08-03,일반
AFAT7XOWTWEFHD5OPAUPOMHDS6ZQ,2023-01-30,일반
AFOQM6Q5YBLXIBXQ3OX462DOEJTA,2023-10-08,일반
AHRIS5H6Y3RZXHEWWOIH4G2LYJRA,2023-08-25,일반
AEHJFSE7VES6WCXZMR7OAQ6W7NIQ,2023-09-05,일반
AEGAHQJXL5G7G3Q7RBN6RDVGUTVA,2023-01-25,일반
AF6HEKQ4VQN3LEYA35NQCEG6LAWQ,2023-03-15,일반
AEYIX2KJOD6M2ELCQRD2AQATBBKQ,2023-07-25,일반
AENWPLS2BHDMH4O6DD7EYV5DOGHQ,2023-11-10,일반
AGWEZX7ZMZNEDPVTPFZIOKD3RUJQ,2023-04-04,일반
AE4JUNCUKPAHHGNR2OJEXJ64ZJOA,2023-05-07,일반
AH3AYKWBYIOGWAQURE34B6PGJWLQ,2023-01-25,VIP
AHQXC2MQJWWBWFCLJQWZ4KCT6BCA,2023-11-30,VIP
AF2GCLO5T7RRFOW2NCDF2POWFGLQ,2023-12-21,VIP
AFQKN26SJVBLDXPECZHMTIAYVLSA,2023-04-26,일반
AG4CULPDENY6NXR67DNAQU5VM42Q,2023-02-17,일반
AE6XZBRHYTRKG33Z6UGCG7EUQ2UQ,2023-08-14,일반
AFLCRL5P6JC24SEQTM6ASIJUVC2A,2023-09-23,일반
AECBTAP3SOAAMWUSNGBILNOOM5DQ,2023-04-09,VIP
AEC5C3VXEKLH62ITNOMMUYIE2CAA,2023-01-11,일반
AFB6GXJEM6T4SHB3BQJ5G4UC5VAA,2023-03-26,일반
AFTCVC4B2DKVF5IF7GQYAWOA2X3A,2023-08-02,일반
AHFYGXWTFW2WTUEEYAKS3BYPQQ3A,2023-06-22,VIP
AG23N2Z5CVKFJZ6ZLIYU4NQTDKFA,2023-07-28,VIP
AG2T5VLGSYCC4K6VINWC2USGSDJQ,2023-03-05,일반
AHZHDTTEM2NV5MW3BUGSBU63WTWQ,2023-09-15,VIP
AGCFGQ3GOFTORIPXP5KJ7ZIB56ZA,2023-11-28,일반
AGZMM56YS4MIVU5GTMUXWREFS7PA,2023-05-01,VIP
AE6IJ467G5TQ72ECC4ESEAAE2BUA,2023-10-25,VIP
AFU3MFN7EXNXOFFXW7NUKIKIKOAA,2023-02-23,VIP
AGQYYL7HPZZCZQXA3ZV66J6RXZTA,2023-11-27,일반
AE6FSULFZEB65U7FWSETNHLBP5JQ,2023-09-29,일반
AGV3YW3GZJTWUP4FC7UBOYRWEFUQ,2023-08-29,일반
AH2NX4DPPSUUQYJJYAECCBRBJK6Q,2023-08-31,일반
AEJ47MXJRDNX6VPRKKW5KD56SAFQ,2023-01-18,VIP
AEHOGFWLLZ3VXB3FKNIMZU5QBQQQ,2023-07-06,일반
AGCU4M3EJ346F7J4DKXK4C6FKXKQ,2023-12-12,일반
AHH4X42X46T6KKBR7G3L7TCGV3OA,2023-05-24,일반
AF3I4EPZQIK3OVITINOGTUMCWQ7A,2023-09-19,일반
AFGJUJ3SUS35KINKLVKUSSPQOF7Q,2023-12-30,일반
AEBQPMPROYPTAQLTNBBFS4OQBYGQ,2023-08-27,일반
AGS4LZEEXWBXM5YCLRHDMZFDHVXQ,2023-10-31,일반
AGTW4HJCRU3PV3RWFQZ3OY7A6FLQ,2023-10-25,일반
AHKHL25G2FSHGHSMWDVH47N2IEFQ,2023-03-17,VIP
AGY7TVIILTBSFMWBPYTIWLTOEZ2Q,2023-07-07,일반
AFXXFWMGUKQDP27JRILRUKME7R4Q,2023-11-29,VIP
AE6JO5FOQR3D3UE4GTIJT5FVRNKA,2023-09-03,일반
AHT5FELZRNJ4ITAESWGATN2COH3A,2023-05-10,일반
AECMC4ZTLI2FFUQHAXVILRVCNJHA,2023-11-11,일반
AGIPLO4AJSNUVZ3ASVSHC2BZXFFQ,2023-10-10,일반
AH2KQR23MJYSJCXDH3J6AUCON5FA,2023-03-20,일반
AES2TTA7I6H32D6TO6IGDCI7DFOA,2023-03-13,일반
AH33GQ3GIETSNVJGQPQOFZIQBR5Q,2023-09-20,일반
AFJAEGGXB3SFKV3CIQG672BJD3HQ,2023-07-10,일반
AGT25A2JUMFSTJ6FK7AJZIFRHRIA,2023-03-04,일반
AGB5B7QDVRRWO43PODQ7BRQBS4PQ,2023-01-12,일반
AF7XW2VZLPVXOMLEC2WU7FPUJ66Q,2023-05-21,일반
AFP74SQR57V4DO4IH2RW3KKQBGZA,2023-09-11,VIP
AFCYUWRUBILFTKYMBHMVJSIJKK5Q,2023-02-12,일반
AEL3GVS4JNKIOZHRQCGE6CUJISDQ,2023-01-17,일반
AFRA4BGAKHDU2PFBCHKEPSVG5OYA,2023-03-04,VIP
AENPE6KZIPHD7QUDJVPDKRMTR2UQ,2023-09-10,일반
AEW7M23YLNN4FJNU2N6DLN3BAZMA,2023-10-19,VIP
AF5EUX755HPX32CSZZYARRK6VSRA,2023-01-08,일반
AGEWLEEAALGWMCPDGMT4H5OVJI2A,2023-11-21,VIP
AEL3EZQDKJFXIQ6MBXGKGGKVZGYQ,2023-03-31,일반
AG77EF477UX6JHDRZFZM23ZRG5HQ,2023-07-27,VIP
AFBOZIRKFRPTQJZKZE7CFSSDK2WQ,2023-10-19,일반
AEGQJH2NIAS54T7WKAHKVEO4B67A,2023-10-11,일반
AFDH4NWAAHAVKPQVBCSZEHPVFYRQ,2023-04-28,일반
AHHMIBI4WD5JRIXCHLFWBDUBUANQ,2023-12-15,일반
AESHIA4Q3VBR5HCJJMRGUIBHBQKA,2023-06-24,일반
AHV6JCRY6F36XXVSJAQ3SKYLHUFQ,2023-03-17,일반
AFXAZGN66ICO6QGG2A4PZVZMPUJA,2023-04-11,VIP
AEVIV42RTEB4DEQLJOVPRLGAJBRA,2023-05-31,일반
AHC5UZYDEQJY55XHOYR4Y7YYPDIQ,2023-09-27,VIP
AGRDTPMUHWAPVCLIT32C7WW2V6JA,2023-03-12,일반
AG6JGI37HP3HKED7FYSE6HNY2OZA,2023-06-29,VIP
AHGX46NEAGEBIMLPLC4TB3Z342QQ,2023-05-04,VIP
AGU6A55DL2E56WX7673GFMC6HEYQ,2023-10-20,일반
AHORMKJSJGUFFI6JCZP3AGVQIIPQ,2023-10-12,VIP
AEPHE5IYH65CT6E4RFVU2QFQ5RDQ,2023-07-14,VIP
AGBSKFFDGK7DFN3J54X4VMY7MUIA,2023-08-16,일반
AGBBOHCULMY33RU5XRNNOVVN2ZGQ,2023-10-02,일반
AF5IDL42LBZCZ7A5YDGM2QFNUHEQ,2023-04-16,일반
AHPQHJVDA6JHFNRN7OBYTBTJXBYQ,2023-01-21,VIP
AFK4JLZVY6JQ3VZHAVISLJ72RAAQ,2023-03-05,일반
AFS27RNTNLFALK27VK3TX4JHPA5Q,2023-06-14,일반
AH75IN5WV5BWRPLR7QFKFIN6XLEQ,2023-01-27,일반
AGE3DIZBUUHDRMIUR37KDA5WMESQ,2023-11-07,일반
AEYMSQGEOI3PJTI3DKWC2ANWVIMA,2023-10-12,VIP
AFM6IHWXNLXOBO3JZTO5DN5QJROQ,2023-05-28,VIP
AHXEMXDI7LE4FLGEUHSK426PVKOQ,2023-10-08,일반
AG6HMWEV2ABV7VF344EGP4SNMLHQ,2023-11-22,일반
AGNK4GKNE65RYXUXCDFO6B22NXCQ,2023-11-15,일반
AGVHESKGY3VL6CHECT2G2NPFWYWQ,2023-06-13,일반
AF6WO26Y4PHPBSGOCHOH66BVQ6HA,2023-08-12,일반
AE42EZDBUFSJZGL66F275G54PSUA,2023-09-29,일반
AHFGOPCKQ4SMDFRKGLYFOAKTYXUA,2023-05-26,일반
AHW2UJ6K5LK5BL7LHAD72ZGWJ4MA,2023-12-22,일반
AEPWUTZXVJGKU724YMMK4AFRB73Q,2023-01-30,일반
AGJ3RV3MOS7D4IMNR7PHFGTDGKPA,2023-02-14,일반
AFUWFYMER6VM4ARW5VTGF3KEYM5A,2023-10-02,VIP
AGFVVKJUZWYWIXOOMYTJYRV4ZSZA,2023-02-03,일반
AEL4TWNZSN7KFL3W76ADWINWR6KA,2023-05-21,일반
AETGW4KBMIJPPNVLPKB7R7O3FSQQ,2023-11-14,VIP
AEYRRD5MDFEO4UXUUKZ4HYJIWCXA,2023-08-09,일반
AECQXTLQHIUJGVCJRIZGBG74HZMA,2023-12-22,일반
AEG6WS6DQBW7RUYV5N6Z4QKCWSPA,2023-01-22,일반
AGE6GHTP6TZV6IMHAQU3X3GSEVGQ,2023-06-29,일반
AFPJLOHRAM3HFFNXMWTZN7GT5FMA,2023-11-25,VIP
AHI2MWHMTDESX4HL7HFIN5B2URKA,2023-08-19,일반
AEDP3USNSZXGRPOONSUFGDM7YDKA,2023-02-07,일반
AHBISYTXOMEMKDTXVEKH57D2X3RA,2023-03-11,일반
AEOSGU32LYFVLXEHETK4QU4UDWEA,2023-04-26,일반
AE3MPP4472M7T34QT5674QU2XC3A,2023-08-27,VIP
AHGDXMKQ7B3CJHLZ3GCXWMDMPGSQ,2023-12-01,VIP
AF6OH7C5LOWQK2VR6DKMNSKHMUFQ,2023-05-28,일반
AFLY6EXAO7CNVWL2AVBQVO224Y3Q,2023-01-09,일반
AF6SSEMMZHBAKRV5BGIBKWRCNCTA,2023-10-15,일반
AHUMH22K5KBLNH2K2GA3EEXOWSPQ,2023-02-19,일반
AHHCE7SDKWRKQDLFXF2YNMGODDRA,2023-12-04,일반
AEJQ5PXFKFXUBKWMC5RYF2WLEZSQ,2023-01-05,일반
AGZDR3Y6MNTBZRSP754LCZGHCLPQ,2023-12-09,일반
AE4DHHEU4Y3LQBPIJKXC4IBXB4WQ,2023-05-06,VIP
AEJ674BKH3ZTC2JQA5PMMQ62I7MA,2023-03-16,일반
AFVIELPXTPPBI7HXOXX72AIPJHGQ,2023-06-14,일반
AF7V6CVPDC3UJNI3UODXF5FCU4XA,2023-10-05,일반
AFYCNW74WYKEQYYNUDBTD4V45H2A,2023-11-20,VIP
AFF4TQVTALIJ24PF3PWD376ONLXQ,2023-10-27,일반
AHF4Q46ABHEW3O6SZQMAXB6R6ZLA,2023-10-17,일반
AGKD2FZGZLQPA3VITZMPXL2OQMHA,2023-03-18,일반
AEF46LTPVXW3BL7J4RETUFLLW3RA,2023-10-25,VIP
AEKFSZLXX2ULI3U46YCZPRILVW6A,2023-05-17,일반
AESYTC5OIXBUIDGPDE53XYOENLWA,2023-04-16,일반
AEV4CXMHUNKPH56BNTAMEH7EOMZA,2023-04-05,VIP
AHFXBNDCOX7XWOQ3AG6PTK6LOF2A,2023-05-15,VIP
AHMOBOPW4OAANJ3VXXWX2QGJA6NA,2023-03-09,일반
AF5IGDDLQ6JNALQVE2QDWW3Y7GFQ,2023-05-27,일반
AEH7AAYSP6ZITYT2K6PDMCY4PGTA,2023-06-08,일반
AG4RZDXIU2IUVLGT75YVH3KJTEUQ,2023-06-12,일반
AGWTF5MKOLD3VVQUFRQEPN2F7TCQ,2023-12-07,VIP
AEEPWPF5DKQ2OMNUTMCXXLZLF3RA,2023-07-08,일반
AEFXFHQQRNGTHNUGCIDULRC6BHLQ,2023-12-05,VIP
AFSTZARBDNESVFT7AANAHBHV3QUQ,2023-04-05,일반
AGQZ46RQ5YJFVCSGI4BJGNXB7DZA,2023-06-30,일반
AFS6PV7PIU6VP4IPE6ED6EG75Z6A,2023-10-15,일반
AFDOCCV3LNI3FFF37HOQKLRU4NCQ,2023-11-18,일반
AH37HVSNIOJ3DJOGCWS6UFXOKR4Q,2023-07-06,일반
AFHIBNHDDDHLLVSXTV4DRYLOWM5A,2023-05-18,일반
AHUXZUPCP7X4ZSLLP3S3M23PTTLQ,2023-05-10,일반
AHJ3NVF3ERE5CN626OPOX6AEPQ2A,2023-07-13,일반
AGHQDSDG5ATRKOSV5HZPFFQBJ5KQ,2023-11-12,일반
AFMJDZKFVMHFW64W22IJYRZLNS7A,2023-09-30,일반
AFQ7WK2RARMAY3NCZVYXQ5OH2XGQ,2023-12-18,일반
AEGVHZAPQ2JZ5NRAROTG75MC6PUQ,2023-05-24,일반
AHXQBGXJGDE2LRTXCTNKJA4ELAEQ,2023-01-16,일반
AEY3S4MECAO4HYQZYG4CTY7EQAOA,2023-10-29,일반
AFUC5YIDC3M4XEGLETZWLMIFJT6A,2023-09-02,일반
AFTW6YWBCDN5KJ4MWVXSFPHJRD5A,2023-04-17,일반
AG2KSOZBBZY3A37U4Q273OYH2IAQ,2023-03-29,일반
AE2KY7GO5HPPGPTMF2M5Q2GT7AXA,2023-05-09,VIP
AE7B5IIEKRJEPJUD7MU45QZIRLYQ,2023-12-07,일반
AHKEH7HFR3AZJEZMS2FU4B3SFCCQ,2023-01-04,일반
AGXNLZFFY7QM6ZYXUJ7VLPXH6DXQ,2023-11-23,일반
AG3H5M4RSVVBD3XRPC4MVFPUGTRQ,2023-11-02,VIP
AFYA3XLIG4JUAVDGJR6XDG4XZXOQ,2023-04-05,일반
AGJTPXSZDYEWZM76UMJXCHUUPJSQ,2023-07-28,일반
AH4ON4ZDRHM5PWVW6725NRNU6VCA,2023-08-13,일반
AHTTCQ7A5VN7L4335W3VEZG6QDQA,2023-12-14,일반
AFL5LUHNIIKW6G6GPQML7SFN2W5A,2023-11-17,VIP
AFHJ53JKOT2VWMLKXNADZHOFDMCA,2023-02-16,일반
AF3DB2GLX5C4YCCPB7CJYRQPANTQ,2023-06-30,일반
AH723Y45K7AIA5HG27CCBVDZQPYA,2023-04-16,VIP
AGDB3UZ4G544VVY2ZDHJUI6KOLJQ,2023-07-18,일반
AEDCFJT7COKZ3DP4YGWKH6KU7LAA,2023-04-16,일반
AFCOSVW2NHSFLPG7O5EKP2YRUERQ,2023-10-07,일반
AEI6GYSN3UARZSSWIR5HYUEF44XQ,2023-09-17,일반
AHCOKF4M3PRZWEENXHMFXKAZSYBA,2023-04-18,일반
AE3Z6FOZQTLXHRH3FSDWSUVG774Q,2023-01-19,일반
AH2OOR5NWZ5OB4GTDQ24D6CS6DNQ,2023-10-23,일반
AHWLIKXRCLQS7T7SHUAAJOKBQTLA,2023-11-02,VIP
AHBYDX5JRGNFCSRBXDXTITOBNQ5Q,2023-06-20,VIP
AGI3LMXQXP4MEFM4NDQTJTXXQBVQ,2023-11-27,일반
AFC2IZIMLDQRHPP6HME2J34YYOOQ,2023-07-14,일반
AGRB3PSBBGROCDVUZ4T5NQCFGULA,2023-01-12,VIP
AFV6EB63VB7UKYIEUYKNYEXHV5IA,2023-07-14,일반
AHS5BOPH3WRQV2BD4IWZRGDYQVVQ,2023-10-10,일반
AFYWFSV7SQAJW6KLYQN4D5OVIUNA,2023-07-01,일반
AFFBDPS3XMGKIVKYZIMXQZJGEI7A,2023-11-01,일반
AGYJ6QNPZV2B6GT2AC4MVSENRPQQ,2023-05-24,일반
AHGQK5T2FWW7VSK76KSD6XOP72BQ,2023-11-12,VIP
AE72VFMVHB7UT4FFROPQ4KJPAAQQ,2023-07-01,일반
AFNFRCOPOSSJLZQELMABX23PG4HQ,2023-01-30,VIP
AGG5AUMCUIQNY4UVAAJCUF4SBIXQ,2023-03-25,일반
AETJFXXUOXIZDBIMIPODYJPTTB5A,2023-06-15,VIP
AH6ZJI3PGOEZ6VHZ6GDE7XLD5KTQ,2023-10-11,일반
AH4ODBOTYE45XNPWGDCJX2BJ4ZVA,2023-10-08,일반
AFVYGOA4AWO77UIPMUNH6YSKSB5A,2023-04-06,일반
AEJMVHQ4LOSVJQ5BOXQREVQBC5RQ,2023-09-23,일반
AGZFPOD265HIFGO55KLY54L2IWQA,2023-10-25,일반
AFKT7G2UM46AJTJZXWBFXXH36B7Q,2023-10-23,일반
AGS6NNHGXGDDXIK4A2KFIXOO3A4Q,2023-08-13,일반
AENVIDMF6GS74EEWE2EBBUD3EURA,2023-11-29,일반
AHGBW4HBRJEUNLSHM376MUW2QCIQ,2023-12-27,일반
AGNGCIEWFRNNNYEDUUFQRBBWAVFA,2023-02-11,일반
AGQPAKYDQNK56M5SRVNDN4XOEDKQ,2023-10-30,일반
AGA3QPDGKGEZFTLXEDT75FTCIVJQ,2023-09-03,VIP
AEHY4R257RX5JX5BBSG5AHMO6GSA,2023-07-27,일반
AGE2X752RF7ALEWIUKXEJLXE65AQ,2023-08-25,VIP
AGIGNDQO5K5X7LAIW7FW6U4Z2ENA,2023-01-22,일반
AERK5QQB3RYTBTTOGUJ5ZR7BD55Q,2023-07-04,일반
AEUMBCFNMBKPZ24SALMXIQDSHJGQ,2023-08-30,일반
AHHNW3TC4PO5FFOT44YTXIBYQWGQ,2023-12-29,일반
AGTBYZOGBXCBMYG2AN7LT4WYRZRQ,2023-10-10,일반
AFDWZMVLTXWWCX2UZVGVO5JLXCYA,2023-02-10,일반
AFXVKJMZW54XSXP6CQHUWEDPUDEA,2023-12-02,일반
AG4W4DLB7L3TFL5MDB7P465HOLDA,2023-06-11,일반
AGVEAOLFUM3KCYMH2CDHGD2NKGVA,2023-06-09,일반
AENJD2WI3N6QPTI4MTSQ5JABLCHQ,2023-03-30,일반
AFDV7XXJCNSWA3R466A2OB6WX66Q,2023-11-18,일반
AE4WFHYQM5DHVK4TJMYABWXRPMHA,2023-01-12,일반
AE6PYJAIQ4PNYJNVMWW6NOCP2SPA,2023-03-14,일반
AGQBKNH24HGPL3INPZWJQ4GFRDJA,2023-03-17,일반
AHWV6EKDNZ7ZGNEPMUJNXT7JHSRA,2023-12-12,일반
AFR4RHGUIRKKR7YFRFXHRHPBAEDQ,2023-07-20,일반
AETZFDQIFECA7GMZHIA2CHVPLIJQ,2023-01-10,일반
AHIP2HW7P357NTKOSI5YIEQVN27Q,2023-12-18,일반
AF2QTRAXJNM6RNHLGYYPDJ32KOOQ,2023-08-14,일반
AHDQ55QTDUSZWLSZABNYVS34WPFQ,2023-06-25,일반
AHMFATKIPX3KHDWWE63O3F5UM3DA,2023-10-03,일반
AFKMOTBVCZEGAYHCXPFHV4PFTD3A,2023-02-08,일반
AGGH7NCERRPXKHPP6E4WC7RFWO4A,2023-03-01,일반
AGEWO7FPEHZGQ5BE5EA74C32GCPQ,2023-03-07,일반
AF7LH47LBG5ORFG2V4LDGVM7IJQQ,2023-11-17,VIP
AH7OVX5ZLGYOQAEYLGW6GTEW7DVA,2023-05-04,일반
AGZPS6UBMMPBTMNAETWPQEHSXKYA,2023-06-13,일반
AEX7B6KZABJXFXZJRIAGCYLDKM7Q,2023-06-08,일반
AEWW4RY2BE6FRKM6CVAJ2Z4ZTR7Q,2023-02-26,일반
AFCCVMGUWTBRWJCYRW6PAMN5AXLQ,2023-03-19,VIP
AEL3F2M663FPAM5NGOPIHDLQLQGA,2023-07-13,일반
AGTBHLMFZBZYGUWZPZRHRJVZKZ3A,2023-10-12,VIP
AHK7J2EVK33WETV524DZPUYL24YQ,2023-01-15,일반
AFT2MH26JCXVVBN73QZEFU3ZCQ4A,2023-01-12,일반
AEPUWVGQ64XTHKV2C3CFSR5Y34SA,2023-04-11,일반
AGEWFIJDNQ73TIDHQIEMY6PTF7SQ,2023-06-05,일반
AG3JTK7QUAB6PSV7ECWRFCZCWNYQ,2023-12-06,일반
AETCTQA5AB7VTMMOTMZW2HNO264Q,2023-05-05,일반
AGBSGY5FA7YYUAR7KJTBGDEZ6TXA,2023-12-25,일반
AFIUVXNEPQTVOPLMJ5462QTEWXRQ,2023-10-07,VIP
AHMTTSRZB6U63UH4TW6J63UXIYEQ,2023-04-20,일반
AEFHQZEKUBGETK53T6ASRZZROQRQ,2023-11-30,일반
AF7XWA4GXXWKOYLWWKGKZIP5O7DQ,2023-12-23,일반
AHDS5LB3MMUPNWTCDQEXTSXOPSOQ,2023-05-26,일반
AGNIQYBJFY2NWMGIXJQQRKWAENEQ,2023-08-04,일반
AGJVSVELOXYVHW65UU77WNDG45XQ,2023-06-11,일반
AFHVZ4KFVKXPO55UNZLOJEQIUQYQ,2023-05-08,일반
AFV4TP7EA6GRZX4WZUQTAFBWIR2Q,2023-11-10,일반
AE7IAOHK4VD5SU2NV3WDE5Y5TVHA,2023-11-28,일반
AEUJMQ7IHJCECNPJLEOKEI4JLDPA,2023-05-30,일반
AHVZAVZYUTJOGQMHGNQVLQSOJNOQ,2023-02-05,VIP
AF6ZNHSI6WAZLVT262M2JAHJGLNA,2023-06-22,일반
AFPDQ7U6JPPT2K2VW6KANBWLNFAA,2023-01-22,일반
AEJKIHINZUORIJHJTKKC4LLSLI3A,2023-07-25,일반
AFG4PDUEAAG3L4OYGKZOSPZYY3OA,2023-05-07,VIP
AFMGKNFQZYEZLDII52VE3BSLNNYA,2023-12-02,일반
AFCYURWTX5HHOTUJUFX3TTTWICTQ,2023-12-22,일반
AGS7F3T2TCPZLLH6EIC7FAFKKCPQ,2023-08-05,일반
AE42ODBABKBHKRL2PW5XSBEB2IWQ,2023-04-06,일반
AFZVZZKBT4ICJLQIMTJ2ZK44UMIQ,2023-06-13,일반
AHZDTJJ7PM3GN33LCJB2YWN4QCZA,2023-05-28,일반
AEZ25F4GGF4YOFE6XLJ2SN6TNRGQ,2023-01-18,일반
AECUHYUPESWI2DB5JMEZQF77VWOA,2023-10-21,일반
AEJJNCWMRDOBBFSPLRZQ6BPGI3OA,2023-07-14,일반
AFK3PX2HPROWVOD27NFYCUDWKRGQ,2023-05-31,VIP
AG67OUXW2WVTJESMZA7F2RPZXWGQ,2023-12-31,일반
AFQCUNSSU6YNN2GEJ2262U55BWYQ,2023-05-03,일반
AHBHL7H673C44RP62CLQ7UQASFPA,2023-07-06,일반
AEZPAJHK366QB5JCBQNS26MJHZKQ,2023-05-29,일반
AE3XNUB7K2MKUGB4H4KY2JY7WVQQ,2023-04-14,일반
AHQY4GZWNNMFCUAMF636EUJ6VJCQ,2023-08-31,VIP
AER5B5J5MQT3PMDDBKQQ5AMBCELQ,2023-08-19,VIP
AHTQKXAE7KNE4O3RPOSYYJMMGOLQ,2023-07-25,일반
AFDP6MHD6SSBGTNIH6VX4FQDKNUQ,2023-07-17,일반
AGOYO7V7CGV5RA6ZABQLCA25AA6Q,2023-12-03,일반
AH7E646VV2CGNVST6ONFXBGJW3UQ,2023-03-28,일반
AEGUITV4JAB3VYFYBCTJPGIHXAHQ,2023-05-22,일반
AEGN7HVNZ43GTPKGZMHH2CUDQ6GQ,2023-11-13,일반
AEU4KWBPB2M6CZASQ7PZ5GFSYSZQ,2023-07-18,일반
AFEX2Y2RWUU2SSU4VYFKNX77YU7A,2023-02-15,일반
AEJQYFK5UHOS5NSQUPYPSTE7DRQA,2023-10-15,일반
AF4RZTGOIDIWKKEFQWE3PIURRV2Q,2023-01-15,일반
AG4ATWAPS6UTAKDEZLP43YRIHKVQ,2023-02-13,일반
AG7WPF7DVFD23RMJ7UATEGMI6ASQ,2023-06-18,일반
AGQDAPNRFPKXPBX7IO6D5PZ5U6WA,2023-11-06,일반
AHHIYGP3CYZMZCQ75JLV6FKKXFYQ,2023-02-13,일반
AEONAJKQPOJFD47DLBXAD656UMPQ,2023-04-08,일반
AFVVQAUFB2HFUQO6U752FCLT53RQ,2023-09-18,일반
AFJXMQS4GNTUM3XD54H5AH62S7XQ,2023-04-19,일반
AFHU7KCA3ZL6XOL3PYSGYJM4LAZA,2023-10-10,VIP
AESFKEVRHPM6BNLUQT46FFXXXHUA,2023-12-09,일반
AH4CB6DJWIC6OY3KIOSDCPJLII4Q,2023-04-14,일반
AHGGKBW74PHXCYDZCZL3DQ5ZXYQQ,2023-09-13,일반
AEEWA3EFIRGINHXPIZFLU74HKVXQ,2023-07-25,VIP
AGOJAM5G7KHARFVDHTRDFHZGR2IA,2023-12-01,일반
AEXVKGPHYLNTVNLQTB56KSFVNQ5Q,2023-02-12,VIP
AHNI4MEMANGCZNN7HIVCE73ZLBTQ,2023-12-19,일반
AHWC6QG7WU35GLKYM6XTOTHAXCIQ,2023-09-02,VIP
AHUMG2C3F47APL74MJHMZGU3GHPQ,2023-10-14,일반
AF76BLD2T2D257G2MT7QQIC6TPEA,2023-12-21,일반
AGMFUQGKKH2I3HTOGMMFWPKY4UIA,2023-09-30,VIP
AGHVNRHBJBY3T6MVECCGKYF2E7LQ,2023-03-24,VIP
AEIC54X2ISV3NK4SBJUMSTJWRMLQ,2023-04-20,일반
AGKP6HWXW4AV5DK5A4GJ7EJ4TFUA,2023-07-09,일반
AHVOBL5JCW6AGGH3Z34W5I3ZLOZQ,2023-10-15,일반
AE23RS3W7GZO7LHYKJU6KSKVM4MQ,2023-09-08,일반
AEQUNEY6GQOTEGUMS6KRUEYNXJSQ,2023-07-31,일반
AGYPIE5BICV44WEEEPJVEFQOCJSQ,2023-10-18,VIP
AFR7CEQKWZE53IHHOWBIPAMYKL4Q,2023-05-13,일반
AGBV7FBP4SEITF6UKRFKTV7O32IA,2023-07-20,일반
AHQVOY54QKPIQZIJ57JKCGQPVV3Q,2023-10-12,일반
AEMCVRRD3XQRGFHC2VFCXHJEMESQ,2023-11-22,일반
AFBWXU7DUWCIK5MRDCLBXWTWN7ZQ,2023-04-05,일반
AHM4ZOXDCO5UNP4WQUXKP4NWX64A,2023-10-05,일반
AGHJ3BRARYIXJRGPKDIOLJYK4U2A,2023-11-21,일반
AFPA2366UQ6OXRQN6CDE6GBLHHIA,2023-08-07,일반
AG7C4WOSISFMNRWDAGVEOHVNUYSQ,2023-03-30,일반
AEN7C6UI4MTHHJN4TQDCCHDDJC3Q,2023-03-13,VIP
AG57LS7SGNITPOERH5OV4VQHSVJA,2023-09-04,VIP
AEQX24T5VMQGIZE6EZ3F5LKQP6EQ,2023-05-09,일반
AFP3BW7UQEWCU2KNQEJDKWTCDXRA,2023-07-31,일반
AHFAYARHKASPMG7VH6BITH7O52SQ,2023-12-09,일반
AE7XJTRAUD7W4BJAEVEKHQ5GDJIA,2023-04-06,일반
AG6SHJNJ2HSGSXQLN3COPFEMZ7UA,2023-03-16,일반
AHFLEWWPES5LH4ZHJGDJ7OJR2Z7A,2023-02-23,일반
AGQRMUQ4NGNWNHTYIPKAKIDKCFMQ,2023-12-10,일반
AFCRKUO577ZOIVRSZNAU4PXSM2ZA,2023-02-23,일반
AGSDGCCAX3E4CZSREKNHJSIKKYWA,2023-08-06,일반
AHTHQNIPIGKQNVMT2PV4MGD5OZJQ,2023-01-16,VIP
AHNVMNUO3GZIOGQKKAGSPTXY5VEQ,2023-04-09,일반
AFKDML4DUIIFJPCMTZZMJTLQR5VQ,2023-01-20,VIP
AFWWEYDN3ERGL6UJNV7GF6PB66JA,2023-02-15,일반
AFNBPDYECMALHAA3NL6L3JUUAWBQ,2023-07-12,일반
AFQ7CJTBPHCZUKFO6G7Y33VCXLKA,2023-02-27,일반
AGLQVPXIXE7WNSV7S5QV5UCNQUZQ,2023-04-21,일반
AGYVZCXMAA6OB3UGJXCUBQCQCYRQ,2023-05-09,일반
AECLL66KOCXSQJ2GAS5FF2DEIXQA,2023-12-03,일반
AFIIPGUQPWYMXSWDC6UMMV2GNLFA,2023-07-13,일반
AGJZTKPLF46HDRMNKDGJWKPX4UYA,2023-12-06,일반
AER7I64JAJJI72G6VZ6H4O6Y22UQ,2023-11-22,VIP
AHFSBUDBRXKMCYZPP6BEZKRNOQTQ,2023-01-08,일반
AGF3A3NHVCJAOUUJY4W3GLAGGVRA,2023-01-29,일반
AFR5UNEGJS5HATA2W22UHEXKKY4A,2023-04-22,일반
AEMPRFMWCAOCHQJTMMRQDNTOK4NQ,2023-06-10,일반
AFLN27ZNTKWROZVTQW6EZEQSEQ5A,2023-05-11,일반
AFBFA6KBCRGWVDW4KGK4IGLOZOMQ,2023-07-07,일반
AGWE57ZFO2W7KE4W6DUUKGFDFS2A,2023-06-12,일반
AHDEJNJ2AC2S56IT72GATCSDCD5A,2023-07-16,일반
AG22NVWB5NWRKIG3YU3FV547ATKQ,2023-12-30,일반
AFX5MLF4YHBERVPZOKYPHY3KYYYA,2023-07-23,일반
AFVAWKSZHBYC7JWPLEDGHUTTOPBQ,2023-07-31,VIP
AEBDNHLXROGGOSFVHA76BYKSNO4A,2023-04-19,일반
AEEGGTGGYA4JE55NEKYL4DOOZANA,2023-10-03,일반
AHXSYSLVVATNHR4SWPLA3L63YUTQ,2023-03-14,VIP
AFFX4KVZMUXIEDXAJRMDEXK2RUYQ,2023-06-16,일반
AFY52SCGUVXVGOTEYS4SI2DNI6LA,2023-09-17,일반
AG2ARPIPDP5V6IADKVV3L65PFDWQ,2023-08-31,일반
AHR4VCSSS3ASHLNKCARGYORIBO2A,2023-10-02,일반
AESMEEYPQQLSSH32LMFSEYGPETVQ,2023-04-12,VIP
AFFMRURM355RMYWJADFZ5ALXRHUA,2023-06-22,일반
AGSB7TRZSONDCRCQI6SC3NVWFQPA,2023-06-20,일반
AE22MK2NXQD3ZARLIOL3SLD4GU6A,2023-05-21,일반
AFV75LSQUFRY327UWQEBYQKLFSMA,2023-07-07,VIP
AEUFMJPVYKUAB34FPZ53O2EE7VNQ,2023-03-27,일반
AHAHSX35S3ZUCKX2UAB3DPGWCYJA,2023-02-21,일반
AG2GXBIXLFJD652RYILCZS44PBAA,2023-04-21,VIP
AEPZDUAEBII7N7RRWKTPKON6HB3A,2023-12-31,일반
AEZSW3HIRJ2OUNDQHDJEB7NMGUWQ,2023-12-08,일반
AFY43URPP4H2YAU54BXZXHAA4PFA,2023-02-12,일반
AFXPNU67DDECPJPSNRFI2E6H5LDQ,2023-07-30,일반
AH5YJG3CUXNP5ESN5HM4NHPAFB3Q,2023-07-19,일반
AG7DFEJVZNB4PW34WVGQPVLU7CKQ,2023-10-25,일반
AHHCC6KDIDI7OF6J6HV7OBGG2JGQ,2023-12-12,일반
AEATZAGPDVY63OECCENTN5XZHNNQ,2023-08-28,일반
AGBV77FUBU636MRHY2SQULBIMXIA,2023-04-25,일반
AFE4WCUSKXY43CIWV6NPOUUZD33A,2023-01-26,일반
AFKLAG22RFOVUU5PLNHQ5K6J44ZA,2023-10-26,일반
AFLBQUGX2NEY6DLJBUN7O6LGH4QQ,2023-03-18,VIP
AFESOELYFWWZ3LND4HLBVI3PLAYA,2023-05-17,일반
AF7N24U3P7U7KXYPZXEKACPE2KEA,2023-01-20,VIP
AELHJ3ZSDT52K3IHCRSBUZF4LXQA,2023-07-30,일반
AEOEMKEL2KZN2YOOK6FKZ7NYK3XQ,2023-08-28,일반
AGEBUO6CQ3XQHSSH3PUT2M3VRIIA,2023-02-08,일반
AE3PNBPHVSOFM6ZFHRN65BJ623WA,2023-09-25,일반
AG33YAVAI5WBUVO6P3OSR7ZWEENA,2023-07-26,일반
AEASLP7ZXVRRT76WW6BZCHKEETPA,2023-09-24,일반
AEAMTNJ62GWPNSKKZKL2CBYJ7QPA,2023-06-03,VIP
AFDE455VYYZCOICWG6PJN2OH5UZQ,2023-02-11,일반
AHQB5DKSV6PL6CIWHZOUYFYM3QAQ,2023-01-11,일반
AFE5TCTC2Z2RKYN3XOCDMTTUXYQA,2023-10-21,VIP
AHHR537KLQY7CNKPQSL3SFUGQFYQ,2023-04-08,VIP
AEWMRBC2Q3TOCF3OZ7VTXRKVOTTQ,2023-10-02,VIP
AFTBMFB3LZBJXYM733IX6RA4Y32Q,2023-08-18,일반
AHKHDU6SJT2ATWB6NYREQFI7LMKA,2023-08-08,일반
AF6IWYXBJGKC5NQHDZRGTUYY52MQ,2023-03-06,일반
AFTGMTBHSESALH3N64ZDYSK7ZQ6A,2023-12-21,일반
AF2DRT4YNZ7JK3TM7IYG7T7GWCAQ,2023-08-20,일반
AHVZEZBMHZ3FEKFYLCZUWSDJH7PA,2023-11-24,일반
AHFT3PEI64SYXMAXBJMISWFPD72A,2023-02-21,일반
AHK7QIHRRUR4GRXTSE76EZYJ77XA,2023-09-20,일반
AFZIDUSFQZCTHMAIP5ESQP4D46IQ,2023-09-24,일반
AELZIYLUUHK72SAGGIWFRQ7NZMRA,2023-12-25,일반
AGG5FYE77JHQSTXRPFUK4QP56OVQ,2023-11-13,일반
AE2SX6NXG2KPPA4PPOG6ZXAO4XRA,2023-11-20,VIP
AFTJHDHH4SFWDRKYNRYWWJ2SCO3A,2023-06-03,일반
AFBHLRTSYYAZ2IGMVF2BNV6ZPG3A,2023-12-24,일반
AEVRNHFUTYUHFVYZIRFX34P3HMEQ,2023-05-20,일반
AGFGBKO4HNU7RBWUIQ4SEDHPVJ4Q,2023-02-20,일반
AHKQJGLHNS4XA3MXLSQTPUTJXGEQ,2023-04-27,일반
AEWL2PAPDGE7BFE4JQNQGAC2OU5Q,2023-02-15,VIP
AEUF7JGXQJQHT6KCX2QUIH654SCA,2023-11-05,일반
AGUM74GIOX3I342NCGUFQLXBDFJQ,2023-03-29,일반
AFMQGNAKHSIPLISWAGVT76URCNBA,2023-07-27,일반
AF46TGPPTX6KI5LAMPWQUT2FWGAA,2023-09-26,일반
AEKJQ26OPCPGJGTROLSFYDTZQI5A,2023-03-30,VIP
AG4TMVLE2E2Y6MTLHIY357BFY2MQ,2023-04-28,일반
AGHHIDEH53KUJLOZPDE4LR2HJQFQ,2023-02-23,일반
AG45O2BGKXV2KHQ7RPLX6VGRK3NA,2023-04-26,일반
AGGBACZMWOUQYTGTBUCNPPRSLR3Q,2023-04-28,일반
AFIQSIL7ISWOODN5KHNEOMLRTICQ,2023-09-17,일반
AGKTUWZXN4S5YSUFCOS2HZWGEVRQ,2023-03-16,일반
AE7ZYKK6AN7B2Y7ACR7JHJW236LA,2023-11-01,일반
AESOWISQWBKYJDU52KCZ7YS6SVBQ,2023-01-07,일반
AG7DKLB2T3PNRAY6LDLIW6VJMJMQ,2023-05-02,일반
AGTPGCOUIYSGBEI4FNB5DBNZ3YSQ,2023-01-11,VIP
AEV7FG26UKIYP5BGJCKTAAW2P7IA,2023-12-14,일반
AGMNUA3JQNKB6LFY5U6IVEOUL24A,2023-08-03,일반
AHORRTX6YEOE4EHOZ7SMYMIVM2LA,2023-10-06,VIP
AGW3S7WWJPRUQR3E5NM4WDXE2QNA,2023-01-28,일반
AF23KL3IJO4DTXNR7B6VYLGMPPOA,2023-08-23,일반
AEM63IRT3VZEHLKD6EJGEHLR26DQ,2023-11-09,일반
AF3YLRSNTFBT3D5CVTFYEMZXEOVQ,2023-01-26,일반
AEZ2UVTU6QGVMCNZVF23LFFHQGEQ,2023-02-23,VIP
AESGDAOGZ3PXGVZBESS6OBCAT4UQ,2023-01-29,일반
AE2LUQX7TDOHRQ6KSHCG46LFH2SQ,2023-12-19,일반
AE5HN6WL7NRP4AQWHEA2OGRZNAIQ,2023-06-13,일반
AFKSXB5D4V7OTDHTLNFF5COQ4C5A,2023-09-27,일반
AFVKRRAFQOO6G7UIAK6H44N3AHUQ,2023-11-30,VIP
AEDG2D2EUJBTRXOTXTERTO45O3YQ,2023-02-04,일반
AGQMHEOMID4JPWI362AEVAFIAM3A,2023-10-13,일반
AFRUVFPVIIIWUPPXM7EQEXD6I5BQ,2023-12-14,일반
AETNTQXA5XZFHEBM6KKNB3I4SH3A,2023-09-30,일반
AH4KRGUX424RRJAJL2N7BQKGC3XA,2023-07-27,일반
AG73LD2KHD5QVU277LLIT3VMT7ZA,2023-08-26,일반
AHSIPI7MVS5ICRZJW6FJEDI2TBKQ,2023-04-03,일반
AGI226GQCKRT4Z3EB3IW3VTJRT6A,2023-06-22,일반
AET5HQF3I4LQLCIILH3ZVBKLSBGQ,2023-03-20,VIP
AFWFT42A53TOEEBRRN6C5HLLBTSQ,2023-04-20,일반
AHBF7XZLKLGYAH7Y44ELCRD3NTSA,2023-08-05,일반
AGRZFB35TUXB4ZWLVYPPBUN5YNUQ,2023-12-24,VIP
AH7TTTBSXRAFZR4KAGYIFV3J7ZIA,2023-04-16,일반
AED5BT2OISJYFBV7A2B33PXRM27A,2023-02-16,VIP
AHIZGOKS3XBB5L524ZR3OZBCVWVQ,2023-06-30,VIP
AGKKNM6BD3A6GKIOIIX4JJBDLDYQ,2023-03-05,일반
AFD4QMZGWAYTZ3UNBOFRY6VZ2RTQ,2023-09-03,일반
AEWCCNZCVTSPJOV3Y5WKHQNKOMFA,2023-09-01,일반
AFIWLA4V26PMEUGOVI5YCG3P2CQA,2023-11-16,일반
AEF43YVI4VWAPHIJ6PVL72WYMLZA,2023-03-28,일반
AFTIKI6VVBGFNSNZNF42LO54PYDQ,2023-08-05,일반
AHOQDOFZZ7JZLFNM72XUCART76XQ,2023-01-07,일반
AEUKN7UQLOQ63SSRFPMYFGH2T5UA,2023-10-05,일반
AHQKNH5JPOQWCNN2ZCUK34VEJAKQ,2023-12-03,일반
AEFYKJA3MREFE47PSGVWXKAZNX5A,2023-07-29,VIP
AHDMM2TUZE7W7XK5BLDOMBCAKCGQ,2023-06-18,일반
AEND2YIQWXODS5XLFTNBWNCFHJHQ,2023-11-26,일반
AFMLMNJBBQY6VM55KS2KJR2XVLSA,2023-05-18,일반
AFQRLX3MNPS6RGV4NY5BEXMGZNKA,2023-11-02,VIP
AFQQYXNVJ7GGOQT4GZBROESNKX4A,2023-08-18,VIP
AHFKBN3ZZECQJAP2WEVEDSPH67CQ,2023-11-04,일반
AGKAHQZZVWL46MMG723MEZ2B5JXQ,2023-06-10,VIP
AG77YVKGFFYDUVVPDE2TNAYYMKOA,2023-01-01,일반
AFEVFMYDEJHU4LZC5NIFNHXIBTHA,2023-08-24,VIP
AFZFVBUJXA6PBKJ2FDOYPBEACFKA,2023-07-07,일반
AFSZBGFWEAXEDMC4FY3MQB43MSBQ,2023-01-04,일반
AGO5KIAIKOB2PPLPFLDLLDMGBQAA,2023-05-12,일반
AGY7KGVDNN7DDK5MP4CKRINLVGIA,2023-08-06,일반
AF2FWVZPG6WMO4ERTECABX7BLUGQ,2023-09-17,일반
AFHFTUD3BM25DHFHSE7N642W5LEQ,2023-01-01,일반
AF7JB6HX2S3TCZRZSRJFOWRCW7CQ,2023-03-12,VIP
AFDVOFPLM2S3QKJ4FVMZRSCKOT5A,2023-06-27,일반
AGDKPXTUSV3HTZTBDED64VHC5J5A,2023-07-08,일반
AEA6LQAAQNTPHS6NGAL6DDVFJZ3A,2023-10-18,일반
AFX3KZYHLGEF5Y2EAEGRMVVPBHTA,2023-01-08,일반
AHXGBF2ZTVWC64GMFRCTEINBQZIA,2023-09-10,VIP
AEB475WQGOIS7R5P667OS3Y4YYSQ,2023-10-19,일반
AH7D2QWLLWMHIP2H3OQZ63D4RMEQ,2023-09-01,일반
AHKZLDWBBDU4KGY6XTFJVWSZDZVQ,2023-05-03,일반
AGPSLGGTW5EHCUCCFEPSMH76H3NQ,2023-10-26,일반
AFJ2YACJOQIL4CKZZEDPSP3PZHOQ,2023-10-10,VIP
AGKHBAELL7AOON2QVRG6EQ6YV6RQ,2023-02-01,일반
AFOQ5WEUSSLHKGE5MTWWJTN3AXOA,2023-11-30,VIP
AERBX2ZBWXBE4HAVQ2Z33QANOOAQ,2023-05-26,일반
AHWU7AHDKBJQGVBN77UECJRMP2ZQ,2023-06-05,일반
AHRLM722B3LWWPMVM7FEFAZN5JZA,2023-01-16,VIP
AHD5JQAEIHIAAAFUCBHJQ4VXH2GQ,2023-12-21,일반
AHRVVXFPTDB3B4XEYTEX3C4ZF2PA,2023-02-16,일반
AEU7MCZY4XW4EDOXAYKPNDPTWKMA,2023-09-08,일반
AGPRDVIBLQ763CQ2BOC4WHZQ4KHA,2023-07-06,일반
AE3AMYF4V4BHW3J5ODDAU6WECIRA,2023-01-31,VIP
AGKNIH5C6WURF7GXXLBVS4HCEWHA,2023-09-17,일반
AFSPKHQPAW6WL74AXVQ7SGVQD3UQ,2023-01-17,VIP
AHARN7LNP2PZHIXOX4FOADQWQCBA,2023-02-08,일반
AFQJZK36S3SRAAAD3376U4KTPU6Q,2023-10-31,일반
AF5WVB3K3SQOW74FF45MMSZ7IT4A,2023-02-08,일반
AECTQFMI5LITXPVVXAMCEN7T4OMA,2023-05-12,일반
AHGYKNL6LSZEE7TP7CPLHDZXBNFQ,2023-01-30,VIP
AHZQRNFYLWZV3PCNKMUXLLAL6Y5Q,2023-06-07,일반
AEU5D4GBLUFHIEJXMJEX4L6TP5FA,2023-10-05,일반
AHF7NDPWJ435H5NW5V6B4CLR7NFQ,2023-07-22,VIP
AHKWS73ZN752YNYJI3RUUS2MHCSA,2023-03-07,일반
AGWW6QNDSOJD7QJMPIUX6ARHJNYQ,2023-04-18,일반
AGBTCEQQM6J6NFR5SH5RLAFUGFTQ,2023-09-25,VIP
AGEBDGHKAWRQ3G2K5AKRTQTCKQSA,2023-08-10,일반
AH6ZP7UHCY3RFNPXJFR3EKEVNR3Q,2023-10-19,일반
AF3X5JX4FUQRCMHTMKZUDHWJ7B4A,2023-01-18,일반
AFNYWWOJRBL24SML73HBJVSRXMEQ,2023-03-31,일반
AFK6FJPTHV56DSXXPAMBI4F7YUCQ,2023-06-30,일반
AETWBQWWSOPB4VOZOE6DGW5XCJWA,2023-09-12,일반
AFDW64EF2N4FNSHZW32LOUJXBTMQ,2023-09-10,일반
AEUDVR5JPNG73EPOGFLXQVUHDVAA,2023-09-14,일반
AFLK4LJALINEZNWRQDQX3NZPKKFA,2023-12-12,VIP
AF6COZRJZXGM4WLJMA2ESMYPHOQA,2023-03-28,일반
AHM3XHTCR53YQNLERSXFPVJNMC7Q,2023-03-31,일반
AGQK3ZY7A4QZOCBKS7VLUEYNRZLQ,2023-08-25,일반
AHMU2CWOELBGT7EFCMWFQE5444YA,2023-03-11,일반
AFEKMA42BV5FJVCTFCTNOITU3J5Q,2023-02-13,일반
AGYM2FPHHKUVNPT2XIIYYCELGB7A,2023-07-19,일반
AEHGMGXA44JTSSOAKBIHJ2MXUJOA,2023-06-01,일반
AEQZUVSKU4NRHO4CPHAV32E2RBNQ,2023-03-27,일반
AHJ6KV7SLE2A5BW3MIEVW4BR7MXQ,2023-01-19,일반
AFFCDFQM4F2QGZUHKZYVVVTRQWAQ,2023-04-11,일반
AENA5ZRRFZPAB2FNS4TITBW5O6ZA,2023-04-05,일반
AEHNATRKVLZZ3X2QKTLTSJN5SOXQ,2023-09-11,일반
AET6ITYPXTZDZO5QV36VRCTRCTVQ,2023-12-23,일반
AGKQOLRC23XPWPMGZZI4PT44WAIA,2023-01-30,일반
AGRTR5T37N7NSBIH253DULSBE3VA,2023-09-06,일반
AG7WUOUVMGXDRZPOUVXHK4MLB6LQ,2023-02-02,일반
AGVUDFWDMNQD6KRLLMCRY5TPG27A,2023-08-17,일반
AG4KV3ADPE2DJLL72U64WNSGHVUQ,2023-01-12,VIP
AF3QTFMFYOCXB5AQRGCPFGYLOXEA,2023-04-28,VIP
AHUG6D2J2WHZ6AU62RNYKNEOZECQ,2023-12-16,일반
AHZGY66J5FAIJFO6MDNGIIOF5YGA,2023-06-04,일반
AEDJTEMKFFN3UT7NI6Y2E4UKCJWQ,2023-09-03,일반
AE73MTFALRYHY4XMK66FIAZBOMGQ,2023-11-28,일반
AGMIJDZBYEDBG3KSC4CROY6AU4NA,2023-09-04,일반
AGXUEOA6W6AVCPVYOUKJ7BDKV5BQ,2023-01-29,일반
AFBZOJLKGDQJHZVHU4NLJBD33PSA,2023-06-10,일반
AHAXRJE6A47L2U7ES3NCCMRWUZKQ,2023-08-23,일반
AHS2AIH74SEVYE3K6Y44ZV7EASTQ,2023-07-09,VIP
AEPRLZ5V7YTPDBKOWW4P33N6V7DQ,2023-04-27,일반
AGDJOZACINESSIVU4TICK2Y4BV4A,2023-09-28,일반
AG2OT56YJBO6ZE5TZMWJ6GRXZ2QQ,2023-09-15,일반
AHP6NED3QSRRORVGG4CIP5OWRJBQ,2023-06-29,일반
AEPGR5GLFQRW7GDYB26SWHN65ILA,2023-06-21,VIP
AHZAHAH55JLBTMSUY3Z6R2ASMCDQ,2023-10-01,일반
AHCGXTWL243VQI4B7YZ4E7VO6M3A,2023-09-16,일반
AH7ZFZAWQV5VTWQHLXZYDGFDNJGQ,2023-05-15,일반
AHFM667GXYFTR3AUJA3PYCTQNTRQ,2023-06-20,VIP
AHMVXMVFXD52BW23VR6LGK6ZVYLQ,2023-07-29,VIP
AFY4TSX2F5VE4VZOVGHWODY6YMXQ,2023-08-24,일반
AGE4VV5XHVOEH4P5GC4F6QP5WRQQ,2023-07-05,일반
AE65JZULZYSAXTA2EGDZEM6PBYPA,2023-12-30,일반
AHNDS2S3ENCHSKCCU22SVWH5UZKA,2023-04-05,일반
AG5BPTCQ4ZU6JWWKH2KBGNLSLKCA,2023-01-11,VIP
AF6LIODHEVBNHSICH65AHW3Q5K6Q,2023-03-09,일반
AHHZ7QIHLGGULJCNSO6UZWGGA62Q,2023-07-29,VIP
AHSCIEU3X72XOBAMBBZTYIEWEFSQ,2023-07-15,일반
AGAW2EDB3HCVCKBR6DVI33KGYI3Q,2023-04-08,VIP
AGZPN7K6DUABDZNR6UPOWFJ2ISYQ,2023-04-03,일반
AHTKACMLCVKP56U5L6GITRGPXIIQ,2023-01-22,VIP
AF5IOS4YT454ICNOPYIIRH4HAHMA,2023-06-21,일반
AGHGGSIQM4RM22XLL7RSBII7HZIA,2023-05-14,일반
AHAYFRVMROHBYUMKXLYDCXNAJMRQ,2023-01-25,일반
AEMICKNJILKDILX34NH2M3J46IAQ,2023-07-04,일반
AGKZ3KXXYD3OEYXWWSVFJRGLFCEQ,2023-03-26,일반
AHCJ77IDXMNIETFDYNI3WZLPUMXQ,2023-02-24,VIP
AGYA2I3AYUSIYU7GXXETOJPVD4PQ,2023-09-08,일반
AHGLGITLEVUVGIAD5XHM6GBKJTBQ,2023-05-24,일반
AGCFMKKXPUUHYMVVG5B6YDBV45TQ,2023-12-17,일반
AH2MRKVSHAWAMAXALBY6VSDCFMSA,2023-06-16,VIP
AFF7763EFPZ7EQUC3YCFQBN6X74A,2023-08-12,일반
AFZHYSJFYNPWZKOWVJNTDMHHMZSA,2023-08-08,일반
AFSLL3D6IF2ZF2ULTI3AXEJ5RKBQ,2023-06-28,일반
AEO5USQ7LAEFEDAVXGMA4B27F5YQ,2023-04-29,일반
AH5IM4HOV6RIWNRDUNGIHY3JLV2A,2023-09-22,일반
AHH2OWXJPPMWL5Z7X6WUFN7RDTMA,2023-05-30,일반
AGYBSVPUK7GIFYY6JLCESDYEM4FA,2023-08-03,일반
AGNRGEU74CPJRWEMJZHU67GWHETQ,2023-07-16,일반
AEPDYIUTV6ZZGRHTBTUA5SDV72PQ,2023-02-11,일반
AFYFUEC7XN6L5GP6AGS57WS3GTQA,2023-02-22,일반
AGR5UFKJIRRJ65QH7LAQ3OVUM56A,2023-11-26,일반
AEGFVXFBHCAZ4DHUJ2KSAP2RMMYQ,2023-09-08,일반
AHU4XIM4RTCDG4VBDMBY5G4CHA6A,2023-10-22,일반
AFHL3O7WGXMUCMEX3NRC7SLK2TIA,2023-09-28,일반
AHTUPS7WO6UOK73VTZHV6LBBAF7Q,2023-05-03,일반
AGXV3SLRVNDIMF34OAZ3FYMCV7DQ,2023-12-05,일반
AHCJWI5KSDFQ6AGUKQDLZD7N2KGA,2023-09-23,일반
AHIY6OJMTRL7DOBFBAIJSJ5NQU7Q,2023-12-14,일반
AELCD2X4OYQWZDW24WP73RIX3CMQ,2023-01-29,일반
AGC7TKRMPSSFNK3OYGLFFOIHTTMQ,2023-02-04,일반
AEVXGIZBVYUMJBALJWOCBUI525MQ,2023-01-06,VIP
AGMMRB4KCBUH7UG6WDXTJH4TTVBA,2023-04-21,일반
AFAUAE5SWPAMT4HP5SG7TPGXPJNQ,2023-10-21,일반
AHI2TJYEOS5WZ2OAP2BRD5PPXNCQ,2023-03-18,일반
AFMYS642XYLUBTRFG3M5W474FBPQ,2023-12-15,일반
AFIO2L3EQ43TI3JBLPVTOWZRSKWA,2023-05-27,일반
AHHXKLOSVKPZHXOWB4PLM7R6ZYIA,2023-03-08,일반
AFRDQYFHWWRO4YINJENRFBYPJFZA,2023-01-08,VIP
AEZRHWLY6RHJXAXMNX3JRNQTYDRA,2023-05-02,일반
AFOLEZNNCN3OUSHBBIVMIVW2G4JA,2023-12-06,일반
AEBGGTLXDNNFGOIHCQYCGF2AOL3A,2023-06-24,일반
AHS4CWP5EVS55YZCJPTJGOYTU3HA,2023-06-28,일반
AGHPR6EQTULPZKUROAS4OPAIUOCA,2023-03-26,일반
AFKFATTS6WN5ILCVN6CMRLYR7ADA,2023-02-14,일반
AELE7DJLGDUM3LAQRBESEJDYTKGA,2023-05-16,일반
AGX65SCI23EJZDXFUWB2TMZSWM5Q,2023-12-09,일반
AFIJ3YWPZ7XB2PZOM2VOCHGKZ6YQ,2023-01-16,VIP
AG4P3FAK356UYE52PQV6CJD2YHMQ,2023-11-29,일반
AF2OOHAIFJV65X44LFLRPUNYNXJA,2023-07-14,일반
AEL7OJOT5HFIZJT6RTL22ZZAUGYQ,2023-01-09,일반
AF43XH2JF4FSNTEDGKDV45XU3YKA,2023-11-12,일반
AHCQQW6WJP6K3IUVKIIXHIUVHMEQ,2023-11-30,VIP
AG4RZWPPUDNODTIYYVLFSFHEKF4A,2023-11-29,일반
AGETIFKS5QE6BZCQPL5IFZ55INOQ,2023-11-23,일반
AHJVGRPUU4HSNRCPSCNXR6H6QHSQ,2023-01-15,일반
AFOUP7R7AZ6BWMGBDPE7ICSN6R4A,2023-11-23,일반
AFWHK4LKZHJJVZKD23JDBSMYCTWA,2023-04-12,일반
AG4YW4O2PIYELIEF7RIWWELPR2IQ,2023-08-14,일반
AG7KEHOTRQWYCFBB3YOYWNEEKOWA,2023-10-05,VIP
AG4VHCBBGV55FALKIZXY7Y66G2QA,2023-04-23,VIP
AFIVHFGYMXUH432ZHISVITBGO36A,2023-01-01,일반
AE2QCA6OGX2KOV5CKDSU2S35R4LQ,2023-09-23,일반
AHS4K4PMVZYWPO23PM2ZLSJBQOBA,2023-07-27,일반
AHDZQ4ZYL7CHT6BLJE6QRKZ4ANIQ,2023-04-20,일반
AGX7Q447BYAOPUPJVHUBUYDFSEGA,2023-07-19,일반
AHVLQMNM6YIXWPWKQ4N4BZCH44ZQ,2023-11-02,일반
AHABRYJJZ7XBTKLPL3QJVDI5JYSQ,2023-01-12,일반
AE7FBRGFEJAIKNXKMR47DB6P7TEQ,2023-12-11,일반
AG223GHNBRH433Q3MXBZ4GEXJH3A,2023-07-07,VIP
AESDIR7ZAVXUIFSH4C33SKBN2FFA,2023-06-03,VIP
AGY53IR3MDK7TCQ5DULDJEGUB56A,2023-11-30,일반
AFFN7AMQW7KD2KL7BSYMSV3IIUBA,2023-10-06,VIP
AFK6D62HRZSHP5W3DE5QGYUYJQEA,2023-06-20,일반
AHRFERCLTLB3ZDZ7HP7ZK7C47NRQ,2023-05-14,일반
AFBEN3XNJW575CUUZZVH57LJNXKA,2023-01-25,일반
AFUGJHXELHJPICD2XOZKM5LYI2PQ,2023-01-18,일반
AFUWAPZHIONWGZH6JSHBSMRX7B5Q,2023-07-09,VIP
AHV5QA3S6VRKZVGXSXDQJUS4VMIQ,2023-05-21,일반
AEC7I37QEPNKZBAK62I4W32FSVBA,2023-02-12,VIP
AGYE2FH2QXPNLL3DEMCGVQ3HCLDA,2023-11-30,일반
AHSLOMUBZXIC52OGKOTLUNTGWYTQ,2023-10-11,일반
AHQSHRRCDGZFLTMJRFNWVI67OEHQ,2023-05-26,일반
AEQKGESRWR6SUQP5ULBIYJ65HSFA,2023-11-11,일반
AHSMUIBMREHNFF6KSRY4CFC255AQ,2023-11-15,일반
AFGM4HXDHOITFTWT3H4ILBD46Y3Q,2023-04-02,일반
AEKRUOFGND5373O77W4ZRW5H4ROQ,2023-06-28,일반
AFLR42HKKN7F2O7BC7GAZJLODZEA,2023-02-25,일반
AGOEYCHBYOAN53ZBHUMCS5GUSVTQ,2023-06-04,일반
AHELT4VFJYRAZDGAQPKJRJNHBTEA,2023-06-09,일반
AFX2BHTN5ZAZ2DXPJQBJEV7OP4HA,2023-04-21,일반
AGVL5OEMHGK4CGEHMHI4VGNF3LVA,2023-05-17,일반
AE4OFTARTQGROJSUYBZNK5N3EZHA,2023-08-20,일반
AEYEJ5KQ2Z6WE3OQBH6AB5DMFPSQ,2023-08-08,VIP
AFU5GCXUVO5GKP4XFEITEMDSD7JQ,2023-03-09,일반
AFWKJFBWRYWJF6IGYZF7JYNXLOIQ,2023-10-29,일반
AH64ILF2YFTCGYWOGMFHTSD2OLJA,2023-09-06,VIP
AEWWWALRID3B4CQQK7PMSARCRM7Q,2023-11-19,VIP
AF2QBWT5Z74JZHE3S77CUOB27DAA,2023-01-06,VIP
AG3KQMTPNTYVQP6G2VVMDJAVISLQ,2023-10-07,일반
AFL5X7LNIPQK32WX2QUOVSWPQWVQ,2023-04-04,일반
AGOTH5WF7GFVYSVFB74QR6DFFJGQ,2023-09-26,일반
AEX5CY5H35NM326XYFBKG2NKEY4Q,2023-07-16,일반
AGUESXLWNVQ34VUQZALEPPUM3FBA,2023-01-25,VIP
AGUUSD7JHIPMDKKGSONBKFQ4CQ4A,2023-05-28,일반
AFTXFDZKRU76YNC2ZIWIBDVQUPNQ,2023-04-28,일반
AGLR7ABVBBQZGXQHSD3M3NW43F5A,2023-12-04,일반
AGUHS3IE6FV6AU5UAXASB5FFMDZA,2023-12-04,일반
AF67VBH4E2L4FO3UZ7DU2CEOEFHQ,2023-03-07,일반
AGQYXIT75Q6ETXCF6C254IQEWDJQ,2023-10-28,일반
AFM6Q2NEWHU6FNNQFBKTFXZ5E2JQ,2023-06-24,VIP
AFA77KJVXMUXJYSHWGGFHAGZJ2DQ,2023-11-15,VIP
AEOEF4FMKNN5QZZVUQDHHKWRHCGA,2023-03-17,일반
AEVLNWB3IQYMTNXJ56HJUV55R2WA,2023-04-24,일반
AFZYCBUV5DAFUWI2O74KE6BRJZ2A,2023-04-21,일반
AECB5EX3CJUHCFUXJLQNDKYAXO7Q,2023-09-06,일반
AEI5DECZOUI4HIKFFJMOOKI7EZCA,2023-07-22,VIP
AHRLRRSDQKWWXF4P45NYCIFDQCYQ,2023-05-27,일반
AGS63O4GCQFZH37FU25M656C7BJQ,2023-02-04,일반
AHLVAR4UGQ4I54HUEYPEQSLT7LGA,2023-11-05,일반
AHLQSFOZ3EHRPTEANJF2JUZUQOQQ,2023-01-26,일반
AE6GK7TE4UWNKQMMTNWZ5I4L3RZQ,2023-08-26,일반
AGQKNP62ZU4IIJVBGVQ4S2BHBEMQ,2023-01-14,일반
AEWL5IJ4W6YAUMCDNECFRYNWASCA,2023-02-14,일반
AEUCHG5CIMXJSL6RFYR2R7VY3IEA,2023-08-04,일반
AHI5OWQHLQO2GNR2KBIOFRAPK4LQ,2023-08-21,일반
AGGAKSKSFU6ZLBA6RL55HZDB3EVQ,2023-07-12,VIP
AE6GVJU7FTFYSAV3VRKLJMZJ5PFQ,2023-02-20,일반
AGOKX4THWIRFYRMYQ5KFQHJZFBLQ,2023-08-02,일반
AEQEI4TU3C6Z3PCZ4JLQKAJXS6MA,2023-05-31,일반
AHMOAECWT7K6WYFJYZT2YIPYLZWQ,2023-10-02,일반
AEROF7DJPVY436TITKPPU7BCQULA,2023-12-04,일반
AHUWSGUB25Z3JYNSJAYZ6AHBXRKA,2023-03-17,VIP
AFTMTTM3BZVAQSSPNSPVEQ5GT5AA,2023-08-08,일반
AFETPEXYGOLZ7ICGWQK5ZYSRMZDQ,2023-12-14,일반
AELKXM5XQB3HW5ZIF7WZEW37BS7Q,2023-07-06,일반
AEKVPYNV2YHIUCUH64CJDRAYRHTQ,2023-10-16,일반
AE47VDLEQSEVOXUCQTGZUFGIT2DQ,2023-01-28,일반
AE4KOR7RGVVZIAJPP5V4KYR7S4AA,2023-06-29,VIP
AFBC5LMEZK2OZBMIPZTVSTMXE5IA,2023-09-10,일반
AEBEUDO7ACRBO5M32NSUUSUVEIJA,2023-05-06,일반
AE2AQ2I2SHITDWZ4YERKOBFU4KGA,2023-06-26,일반
AFFV7UV3IOBTH6NMTYK3D3IY7A7Q,2023-02-06,일반
AGCSFTTBWTI4IXP42UHMLZMI6HZA,2023-04-09,일반
AEYE6GBRAGTNWEYKWB7FR7N6TDXA,2023-04-08,일반
AFDEP5BAQJAZIRI4DYD3EDMU3QXQ,2023-05-07,일반
AHX4VILQLV2O4YDRNDB2CDINB3GQ,2023-06-17,일반
AEDYZS5DODYXST6PMDSAC3F5NOUQ,2023-03-21,일반
AFLLBLLQVZ3QSLIIGODVPUBNBBEQ,2023-10-21,일반
AH7CPPNFP5OSHCIZ5DOL7QFIJFGQ,2023-11-29,일반
AHXEZJCTKLG7GQLWYZAYJZUIO5MQ,2023-05-06,일반
AGVVBU3GUEICPISM53O6W5H4DZPQ,2023-12-09,일반
AESS4FF6GYJRGBSKKQTONA6UA34A,2023-11-06,일반
AGAT4B2SOCYYE474JV7DDVOMOGGQ,2023-05-30,일반
AHTTSRDFCDWF3FJO3IYPBSSCEN4Q,2023-01-16,일반
AG3AXJDOVVUXIWQCAEX2EXEQI77A,2023-01-28,VIP
AGIL573OE75S3SZJIUZHFWJBI35Q,2023-06-22,일반
AEYH6IVYMLPHU62VNOKKM2KTOIIA,2023-02-15,일반
AF3NRKQTW5FWJ44LYUHVL6EZ5HIQ,2023-11-24,일반
AE3DRCI3U5PRSINPY2TZAU6JEWBA,2023-08-24,일반
AEOSTNYHDXDWBNGEZYE6BPMPR7LA,2023-08-02,일반
AHJRAOGQG47ABVMM5ZQ7FF3XOPKA,2023-03-26,일반
AE4UXKJGBAZWE6WR5DADPJBGVHTQ,2023-10-09,일반
AH73D5XHOYMI7FCB6QBV4C77OC2Q,2023-08-20,일반
AFQO3JM6M3SWDHFLMQIEWSUOKY7Q,2023-03-26,일반
AFASOASLRV4MRGUQHM2OPYFYRHPQ,2023-03-06,일반
AGIVW6YDF6G7356WR2KBPADPKE7A,2023-05-14,일반
AEOVPFUZZRU7EA3ZJFWKXPQZATTA,2023-05-31,일반
AE3VLBYZZY526XUWNWWSXEEQ2O5A,2023-04-25,일반
AFNHLWRPD52MSE6TUXAB5VLED7AQ,2023-03-05,일반
AE4FFHZAQYHRMCJA7VSTKEWFAMXQ,2023-12-09,일반
AEOQEKGWB2B7Q5ONJFGET3MYI6VQ,2023-12-29,일반
AH7GMEHVW44SQG6NRGTTTK4EQPOA,2023-12-18,일반
AH77KODAPXPQ7E5TR4MMODAMSJGA,2023-06-07,일반
AFQZVGSOSOJHKFQQMCEI4725QEKQ,2023-03-18,VIP
AGGM6Z3RLFTGS5WMUPUYH6Q5PWDQ,2023-05-26,일반
AEZBNCSYGMQVNS743EVV5JXF47KQ,2023-12-09,일반
AFQ5B3Z4JDHK2YQBF2TOUPUUMLEQ,2023-08-13,일반
AHL77AYQII5RBC5R3VAPWGBA6GGQ,2023-11-09,일반
AEZGE3UVG5QEZDOBW4DDF2RXCSAQ,2023-04-13,일반
AEEP24AQWPKPYJZOKSCKSBMR362Q,2023-12-13,일반
AENZFOFJUL6NDGELEJLAFKEQC74Q,2023-10-28,일반
AHQLMUZTIPYZJ3Z5YZSFDWES7DGA,2023-03-29,VIP
AEDNS57XE64VB4TCVC5ZOKBDE2QQ,2023-10-30,일반
AGTHWPE64RQMU36FU325T74CWXHA,2023-06-17,일반
AHRZN3F4YU2GAOAJ7JM4BR5KXXVA,2023-06-19,일반
AENMY5MOVKGPB2MV3YQPF24GWZZQ,2023-05-15,VIP
AEHJQV4B4LXFWLMUQVHBC4DTAMXA,2023-02-19,VIP
AFLAZCEMJXTBN2USCU6KZLCD5QAA,2023-12-06,일반
AHH2YDP3RVAZJCPRGWRZYUIUPJ6A,2023-12-13,일반
AG43Z7WV62ULSGSI3JHOKCZZRSLQ,2023-05-14,일반
AFXOKBDDHJNQRGHFWPJZA6PL3XMQ,2023-12-13,일반
AEDNOJVJHRNIBUYTBMFCMOLD62VA,2023-05-17,일반
AGE7XVUZ2FXSRI3BK5HVLRNWAY7Q,2023-09-02,일반
AEX3XKLTC3JM3H5X4YEBQFLNFX4A,2023-04-19,VIP
AHZLFVEFPM5G6NINL6C2U6DEUNZA,2023-11-09,일반
AH6JPKYMSSWUVSSYIRXWC3YUAYSA,2023-10-14,일반
AHOI4FVLH6MHWFQHKWJKAKAWTZVA,2023-01-21,일반
AET3FR7J3R37VHFFZQHMBLV5ELOA,2023-03-31,일반
AEURVTR2NJUO6OMIUX7AL2Q6PYLQ,2023-10-23,일반
AGET73SJOAW2YXZSDMPGBCTZDPAQ,2023-04-22,일반
AEVJJUZQMXEWZJF2MJKNQDASDCSQ,2023-10-28,일반
AFDQAJVNVC5DM6SHSC2TDEAZEOTQ,2023-03-18,일반
AHG2TGE2J6EVY6LVRY5Z4T5QXDVA,2023-06-26,일반
AF4OIHI7WHGZ2DHTOI7NJPSRD3XA,2023-12-09,일반
AE5LEWHQDGISBMSHQ3QRHVAO5ROQ,2023-05-28,일반
AHFZEHT2WQTE2ZR4SJHYNJNNST3Q,2023-04-11,일반
AFEMOLRLTEKGCITTKW5GIJLWG5EA,2023-09-03,일반
AESB5HS3GAAD5WYPYR2KUIIQRKMA,2023-04-27,일반
AFISQSPSCQ5GMHX7TIWHTIQL25MA,2023-04-02,일반
AFFHXQP3EVBLE64PWCSJKA67WJBQ,2023-01-28,일반
AGTOHOQW6ZML3FQTOVOB3G5VOIJQ,2023-01-25,VIP
AEHF6MHN4CV3UGP6HKGFX5YVOUIA,2023-02-27,VIP
AGOCKZ76H6K5XE67QWLOFO5SZMJQ,2023-10-24,일반
AGOZSNP7TTSEJFOMPLXDVTRHKJ2A,2023-05-14,VIP
AH7Q2MTOGJ3Q237AS6RWYKTQC7EQ,2023-11-27,VIP
AEO4KYVQRGU36YK7VBJTVP4OBNDA,2023-09-06,VIP
AHW2XMU277XTU7BJHUH2GORKYUIQ,2023-02-07,일반
AFANO6XV7I2E7Y2VFLQPNVVK356Q,2023-03-16,일반
AEQPE4IU4S5NOMQLA76RJV4FLVJQ,2023-05-22,일반
AHI6QKYX47HGLXVXLCHAUHBZJTNA,2023-11-18,일반
AHA3JEZZDQPHSAYB2HWK5HNPXHIA,2023-06-17,일반
AEC4LE3IVY4QZXX2ZBLZJSVOLOMQ,2023-09-16,일반
AEUP2YQAYTICDXIVB5EASRFTVCNQ,2023-12-21,일반
AEUCRWSKNKIQ3QJBO4ACE46VDSCQ,2023-08-13,일반
AGXCGSQGSXQLI2VYDZ4H77C6QCIA,2023-06-01,일반
AEUQPBHW5WMPYYEEPVOA3ZTI45HA,2023-01-19,일반
AEHQNWJEJY5XIESTNJAGD7LXQUVQ,2023-05-26,VIP
AGYLMTMZXZPP2XBWQQFJRGJBCAMA,2023-08-29,일반
AHX5COLYUD4DO3WUMFCOQ47NPJFQ,2023-12-10,일반
AFZZF7APWEI5WIVALP3CW2M224VQ,2023-08-25,일반
AEDMCNDDE56FCVUPTKNCDFKM26NA,2023-02-04,일반
AFIHBS3KY7XZ2DGYYEIQ66UHBX4Q,2023-07-09,일반
AH7ZATBNY5PTPNUPHFBVKZGW646Q,2023-01-01,VIP
AEAYAWNX73JL6XLLTZIBP3WRPGXA,2023-06-02,일반
AG6BE54C5GMY47O4FSBWFNFTOGLA,2023-05-06,일반
AEWNF4GPHERXGZRJC3TOQRSXCQ2A,2023-12-11,일반
AHDO5PN5JGBBDMPGSGB3DRKYCBWA,2023-08-14,일반
AGBEDXMF6BSFODJP4MWYYTSLN62Q,2023-08-09,일반
AHBANMLYMR32OLUTA4UWCEM4RS3A,2023-07-30,일반
AGO6PVXYI6OL74JB6XZNCTPLUDNQ,2023-01-25,일반
AF5A6W6BXOFOFEU6XLJDHGTJWWDQ,2023-01-16,일반
AGJGSPUQPTXAWMNQM7DVBDMOLF2Q,2023-07-01,일반
AHJ3MZMF6XCTMU4Q2ZRGHQIPYTVA,2023-11-25,일반
AHFS3ZLC4Q5YY36YMZJ4NAIVELMA,2023-05-09,VIP
AEEFPG736MUL72UDWLRNYQWVSWCQ,2023-02-11,일반
AHDLA5TV4URGEURWXXNFEN2ZUBGA,2023-12-02,VIP
AE6XO6PGI4TTR6S74S4LWSPCMI5Q,2023-08-24,일반
AFCXBVV2GA3CHCYDIEAUKUUUFLZQ,2023-12-26,일반
AEL5NJ3PJDPJUBPPWZGTBTSMQB6A,2023-02-03,일반
AEYFNPLTZR5IH76CUH54YVZX2QNQ,2023-12-11,일반
AFZQ666X2VK2RSSOOKKUH4H3HPGQ,2023-02-14,일반
AHKAX2IH662IVTVKNQJC356T3D6Q,2023-05-14,일반
AG6I6TM63SHK4H2BFN4VQREFP6TA,2023-01-21,일반
AGBOXTHG2BN67HMZCECCRG2PEJ3Q,2023-05-02,일반
AF5M4O2XSTVJINIWN7PC25HM625A,2023-03-11,일반
AHLAYQQK6ENDYDCMO5IZFMROZKZA,2023-12-18,VIP
AG2SYAYMSOBCNG26IZLXO2QVFIDQ,2023-12-27,일반
AFM5RRUS4OSG5GUU4HJH2GLUZWYQ,2023-02-17,일반
AG5VYWN77PG2COOPPEMMZIOFVR3Q,2023-02-08,일반
AFIW7SS6JYD246VDPFCNSS45PH7A,2023-10-14,일반
AEOI3LGG2G5YAM647D2WYTRHMPAQ,2023-01-10,일반
AHSKMWRIGAXR4TF5RMVJCNOIAJZQ,2023-01-30,일반
AFQ5YTBEEJ6L2CH67Q3TNTJDIJ7Q,2023-09-01,일반
AG4AFKT4PVRYWBKJMOJEKFUSU5MQ,2023-10-01,일반
AFPMOPGPU5NWYHAOEYSYXPI5S63A,2023-03-29,일반
AEK63HRZEJ3UTPW5TRT3E5PXAIQA,2023-09-01,VIP
AHIHM65JP3HOHP2GPPDMKIAZJQCQ,2023-11-25,일반
AE44R623GFX6JWJVREI7NZGB5BFQ,2023-01-15,일반
AEZHMBIKCX4X5OCDNP4T24I6ZLHA,2023-01-04,일반
AG6FMEC2OLWDZW3UTB3ISADQMNTQ,2023-07-10,VIP
AFHEOUKPVR6PP3KYPZAYRZSSTGCQ,2023-06-17,일반
AF6NBOGYTO7OIV3HKZHKE7W5BDJA,2023-01-09,일반
AGQT4P6WELGHERB6AFDUWH22AZJQ,2023-04-19,일반
AEHADZCQJ6HAZHKR6U57FX7GAUFA,2023-05-17,일반
AFCEPFOBTC7XT2G2WLISEFCKSTMQ,2023-06-03,일반
AG7K6562RYGYYIWLBP6GELB6DZ5A,2023-07-28,VIP
AEKVZD5V3FF7WUS2PTBK3K3SEFPQ,2023-09-29,일반
AH2BZV6MIJYW2HIP3CVTQ44NOXDQ,2023-05-23,일반
AHXWEITWPBXRDFSHW2XGLDXP4FFQ,2023-04-09,일반
AEZ6S3BMNXVG7NBZC6KJRY4K2IHQ,2023-11-04,일반
AGQG4SLFJRW4LAU2XMKXEXUWNT2Q,2023-03-10,일반
AFOQYWSGIAUJENDCDS563HOHPMRQ,2023-09-04,VIP
AGOQZTWW4TWCEF63HEFYT4AEIFPA,2023-09-18,일반
AHFE7BRH7S5NK64EFSE44PPPE5VQ,2023-10-03,VIP
AE6CCAMGPBVPHGMC3F5OFEGLSNXA,2023-03-20,VIP
AH7MEOSIJPT7Z2WMJI4ROMY3I2QA,2023-05-26,일반
AGFRVZRJQWOFEH6MWQJS65SIXIIQ,2023-04-21,일반
AGMG3K7YUIDFHK5L2KD6Q2XWTIQA,2023-09-15,일반
AFN5VZK3VEW3GLLAIDD7I3GKBMVQ,2023-04-03,일반
AGFJYU5UVYUCUTX3HOBADIW4CMRA,2023-01-13,일반
AF4OLYBDMHJV5DUGONVIH7GU2V7Q,2023-09-17,일반
AEZNF3N52DQTHYBJ6ZKUG7UWXDIA,2023-04-19,일반
AHJ57SAHKACWMDHRDRNH5UXKQXRA,2023-11-26,VIP
AH4FR3DUUHVLCFVUWCBTGF7BXQKQ,2023-07-08,VIP
AFDFQBUFDOO44TCLCYJUSZFXRGBA,2023-04-05,일반
AH2JJHAQBJCR3JS2MWWMMOJ4JNPQ,2023-04-15,일반
AGMA33G2B4VFZS7GEQGKDFA7YM7Q,2023-01-08,일반
AESE5F7Z2OTRLIJKOPESC73ZQ72Q,2023-03-08,일반
AE7WYVO3LE7NWMHVORZVUYS55TJQ,2023-07-10,일반
AFMN7VI5JFZCWKPLS2N5LZNYAWOA,2023-09-13,일반
AGC774HH2OPQGNJEUGLITUQQVABQ,2023-01-09,일반
AFGHLIYZUGSZ226IRP5CMW6RM72A,2023-04-27,일반
AE6O5SNFA7JNCFCI36XMSLHPT6IA,2023-09-24,일반
AFXD4X5ZHUPRNQTYZIVCELJUSBYQ,2023-04-09,일반
AFU2A2JSELGD55YLLEA2FEDCPZPA,2023-10-25,일반
AEY6PEMQ7DII44WSUSC67JEWDE3A,2023-06-13,VIP
AFR3CAZ3QN2PEXO45OEKQQ2YJPTA,2023-05-21,일반
AEAUTGCUVV2HSOOAJL6YMN7HG4OQ,2023-09-25,일반
AGMCZ2KDUK34T3TUMG3JCFV7FOTA,2023-02-06,일반
AF5GDNAQLJ3SAR4Z2GHHWCJ6PZEA,2023-03-15,일반
AHASL2VPJAIFFLPXEDF3X464QCAA,2023-03-14,일반
AE4BIPLKOA6B7N27WD53TX2UU6VQ,2023-11-04,일반
AHWQGQ4LHOPQXZWAVIMXQ6UQFYHQ,2023-07-18,VIP
AFB4DO5PCKBMV3TJ37XFDTWLOVRQ,2023-05-10,일반
AGDZJR57Z4DRGPARXFMEQJWRLSGQ,2023-09-03,일반
AFZ5ADF4DVYO3IS67WN2K6UKSVSQ,2023-11-08,일반
AEEWIC5Y6UOO3KA5O2RE5GMQMLDA,2023-03-01,일반
AEUWI5TDSKBQHOFTRMU3DHC36IZA,2023-10-06,일반
AHFGAQ7GJGA35TSLYKZG4NAUFBFQ,2023-04-13,일반
AF6CQDSUJMPSM7YSYVXZ6KUMZVMQ,2023-10-23,일반
AESIGIVPJE5SHWIW6SOEHVBHT5ZA,2023-11-16,일반
AGONHBXIF7DGPMNZ2LUIBBW3FHZQ,2023-12-07,일반
AFUKG7S3SXXBZ47G5JVMH7TN4L2A,2023-05-31,일반
AF5OHXMN4BMFYFBAHRA3KF55LEMQ,2023-06-06,일반
AEDYGQWG3MQCXE4NAFPHEKHC65RA,2023-07-25,VIP
AGM6U42GP43XU2OGYR3CS2J7DHRQ,2023-06-28,일반
AENFJF6M6ESZKBLJAMLVOZFCCORQ,2023-07-16,일반
AGVNTYOKOFM4NNLYUW4PYVCGLBWQ,2023-08-11,일반
AH3ZXWK36A6T5DSP6ZNR42M6C44Q,2023-03-30,VIP
AEEQ3N6TTKJ6KIQQ5GNDS7AHU7ZQ,2023-10-14,일반
AGCSVYGZ5WIFAKJVQBXPV23L7ZSQ,2023-10-03,일반
AGCKLWECKEAMHEPQZ4RSRYXBFI4Q,2023-08-24,일반
AHNMGYFOR4DBIKA2RPCDIGULYQTQ,2023-07-02,일반
AFOF4HGAVUO67MEWEKCNWXUYNXCQ,2023-07-28,일반
AHAB3QEH3EXTX52TZYS33MFECVOA,2023-05-10,VIP
AGG5B6TRVEJCNBBDIXG2BKPS6X3Q,2023-06-02,VIP
AFYJFR3HKB33JS7X55URE3J3GWGA,2023-01-13,일반
AGERLZPMLG6VNY6SAB4UTZ7WRBTA,2023-05-02,일반
AER3GEEUA5RF6QBIJCREKSWXID3A,2023-12-25,일반
AFUYYV4MJWXM6FKQL6BR44OK52GA,2023-08-08,일반
AE5N2V2V7NEXSAKNOV2YCEKMBTXA,2023-04-16,VIP
AEEGIQ6LMHJWRZ3YS37ACZD6HYCA,2023-03-11,일반
AE4FTPFQLHBP4IG2JCSRSKXM4VFA,2023-07-14,일반
AEUOCCUL5KHPEVXARZLU4U42WV2A,2023-07-05,일반
AGBSJ7VFUFPUQO6FH2ZJXY267A5Q,2023-04-09,VIP
AGJ52I42NLYWGYET5BK5SJWMP6HQ,2023-03-23,일반
AEUWACJRUOGKOVFW2FOW3RSI3SIA,2023-03-16,일반
AE7M7M6QTDYEHQKAKXIWO2OVMBXQ,2023-12-06,일반
AESSDAJQCU3XKBAGYDYVBCKLOTSQ,2023-07-11,일반
AF3DTQ5WLDISMZLEORWHXTLHV3NQ,2023-11-21,VIP
AHF2BSEZURS7UKI23YIHED3UIJKQ,2023-08-02,일반
AFZKPE6ZA4U5QVICSDRTTYN7PJEQ,2023-11-11,일반
AECBX5NSUD2POXPYXHZSETUVH5CA,2023-11-14,일반
AGRBDMHDBF2KXPBPF4S5PAVY3NYQ,2023-05-24,일반
AG6Z3AUD67XGSSTZOR6GZX3IC3DA,2023-08-04,일반
AGJOLQCEFNEKB33FOCJ2YIEVT5DA,2023-12-27,일반
AG7ZK27I2UYNSV56CRBCTEVB7T6A,2023-11-20,일반
AGQVKQZEHDMHVKFJPOKCEL2AXYAQ,2023-01-15,일반
AF73BK6NIKVXKRPNCDXLYQSPEUQA,2023-08-05,일반
AFGJXN3GRKMMAAM6XCUL242N6KAQ,2023-02-04,VIP
AGUQ2BDLQXF2QF3UR2CN6576AKIQ,2023-07-02,일반
AG73KSBFVJ5HI7YVT6EH5WTAY67Q,2023-09-27,일반
AEIRYCLKICDDTJU5QZKI65Q47MSQ,2023-12-24,VIP
AEZVOCIG5UB5RYBT7P35LXEYGNUA,2023-04-10,일반
AG3OM7FBL3LB5C266XVNPJGOHPPA,2023-01-07,일반
AGBT373ETZCUEC7X2LVVD3FKWRAA,2023-01-30,일반
AEM3EO5SQFCOE4BPSMM3LKOIWL6A,2023-11-01,일반
AHEQSSHSFZ6WZUZUZS7BTVNCOTAQ,2023-05-24,일반
AH6NHWSWYP5ISTHGMARHDD54FLBQ,2023-04-21,일반
AFQDM5ECIIUZH567BITZVOP6LISA,2023-08-20,VIP
AENY7MQ3WUVPIJ5I5GPDPMC3NKPA,2023-06-28,일반
AGUCURUVW2ZY4B5WL44GZABDZVJQ,2023-03-13,일반
AGRVCQ36H2PTAYD7UXHK4NEGENYQ,2023-07-29,일반
AEEIEOI4H2XLUKSM52M7BFRT2LDA,2023-08-08,일반
AGUYRXOKNFIRS6UWEO2LW3R3SMPQ,2023-03-21,일반
AGZ6A52CLFHFAYPVVQ2S2UDBKVYQ,2023-03-24,일반
AGGPRBEO44FFHMWGTEGYJIBTPHMQ,2023-02-11,VIP
AFVQ33NU3HR2QB7KBRNEKKO2REHA,2023-09-30,일반
AG6A2WAGVLEAIUQYP2YYIVAFTYPQ,2023-07-10,일반
AE5ZU25XXCXJ33ZMNCFE55DO7IJQ,2023-06-22,일반
AGSWWTQ32THQ7XJUQ5QWNW6JXGDQ,2023-01-07,일반
AH2RQ6KCQ4TKLI7FQWZPHSIOM7PA,2023-06-04,VIP
AFUPFBFZTP6I4AZ6DTZQBHC26XZQ,2023-01-10,일반
AG2ELN75KZERETVTINPKCDLHJNVA,2023-02-03,일반
AH5P6N6SJBMPKT6EJXXE42TW7AVQ,2023-02-05,일반
AETWNOMRM4BJ4ASTEJB6NT76FJTA,2023-01-06,VIP
AGVCTA243VHAYH4RQKB4TVYSPC7Q,2023-08-03,VIP
AH36BC5JQPIM7MZOMVQZLBWAN2VA,2023-05-14,일반
AGT4TIXFKY7JZIUJPXHX2L7PDXJA,2023-10-12,VIP
AEAMCSAQXV3P5AXMBC4FPV3SMVWA,2023-05-06,일반
AFSBKYXEFH6TLZMMDGZG525HHPGA,2023-12-03,일반
AGUQMLMGMMN4NW2GDOV5LOH2LRLA,2023-06-23,VIP
AEX4HFC5QP2AAU7LEIIME2NRHOQQ,2023-06-01,VIP
AEDQG7IQKAQB77K53PPHHWV4QCXA,2023-11-27,일반
AHF3WL6GGYYJSX6HUJCDG67S4EYQ,2023-01-26,일반
AHH4BY2VNEWPMYROK77IHTHTZWVA,2023-04-25,VIP
AENRAZMV4YCZETNRLK7QMEOP2YGA,2023-10-11,일반
AH5YCGN6R23HBNF3KOS23ZJZOURQ,2023-03-16,VIP
AEGFTYIQOSF52XMDJABR4CC67WUQ,2023-06-15,일반
AFXPWPSO5PFTCR2QYR6VWGBSB2QQ,2023-07-08,VIP
AGQYUHMAVORZ45B7TLMP7IN6ZXOA,2023-03-19,VIP
AGULTXKCMQONHUHM6HIEJNVBTEOQ,2023-03-31,일반
AGYNRGEH26Z7PFCEBRVWTJ6RZ4PA,2023-06-25,VIP
AHLEYZIZY2JWUVX7ZJUP2ZDQHZRA,2023-01-21,일반
AHMJJFA7DVXYO76MLL6IAPZYNHBA,2023-02-23,일반
AETECGJKFYFTKFIB5ATS6YRUKWVA,2023-07-03,일반
AGPYC54L575ZDPY7FEGITMLYI2UA,2023-12-25,일반
AHPT7QLZD7MKHTRII3BGGNHDNHOQ,2023-08-10,일반
AEGALXWP75YMO7CPPRFZBHHM73DA,2023-11-11,VIP
AEOLDYDAFLQTHPD7HIODC2Q7HKZQ,2023-11-24,일반
AHVLMPOZX552F4S4UIO5DEVGXBAQ,2023-06-28,일반
AGSFXC44XWRFJ4D5NXQWDP6EC2PQ,2023-10-03,VIP
AHWJ3FWLEGVBAWARBPV4N23IIDCQ,2023-04-22,일반
AHIXHLUQXHAFN2TKJX3DSFYYQ22Q,2023-08-12,일반
AHVDIIKAT5MSKLZGQPMKZHBV6DZA,2023-08-02,일반
AHLTUC4AD6YBXWAMDU2VVL4ADPQQ,2023-02-28,일반
AFALTXLNKATKJWF7UVD2PAMKQYXQ,2023-11-23,일반
AHAVKBRQC62ZO5F4Q54MW3VLPBZA,2023-04-19,VIP
AE3T4QKW5KPNX5VAVCS5K43WSESQ,2023-06-06,일반
AECKXEN7R2D54DHRZIB6JYNXLU4Q,2023-07-10,VIP
AHZTLZNYRSIEOCNNYMQCXWTWA62Q,2023-07-19,일반
AEWBJR5EYL5RCKUPUMG52JU2273A,2023-11-08,일반
AHWX4CNRSPTA5O3ZVOEKOUW6X6DA,2023-07-15,일반
AGV63VPYLUSZSWULWUIOXW446K3Q,2023-02-04,일반
AH6I4KMBDUUVG25ZEN636KJP7DQQ,2023-09-03,일반
AHHSKRWWN3SB6GQPEDWWIFS7NBIA,2023-08-25,일반
AFENRIT42SOS4O7C4PHSKJNNWIWA,2023-04-14,일반
AGJW32XBQ6KVXXEPOF2F7TXSI56A,2023-01-07,일반
AHRNCTBMQ4Q27ECKAMZP5FFDOWDQ,2023-10-10,일반
AE5QM7YNLDN264RDC3P7GBGFYUEA,2023-01-01,일반
AEQOF2P6OUP23GYS2CADPFTMVJ4Q,2023-08-07,일반
AHOMVPDRQ74UCNTIWQKOWVZVCVSA,2023-08-18,일반
AG5ZVXUMPBZT7QYYE23JJU3HTLLA,2023-06-21,일반
AHP3V6CE6O6VEEGPQMAT7WEGTVOA,2023-03-28,일반
AFL4CXIRQT4PT764WYAH2OT3TSBQ,2023-02-10,일반
AHCADERQGXE7VE4AC3LMB4JE75WA,2023-05-03,일반
AFDGKQUU6XZZCFHIU6DELP2PXF7Q,2023-11-27,VIP
AGBK7JZOUSPLSNOB4YRTJWXVMKRA,2023-10-25,일반
AFZKOLERWHICQGFIVYFDVDPJS56Q,2023-06-27,일반
AHAZ2SAFDDJE74JFX4XEYZDFQTJA,2023-03-04,VIP
AGND3HQB3XFX544IUGTCX3IKAEPA,2023-06-14,일반
AFPQFZQGTCOV6TB2E7EBZHW2DUHA,2023-07-06,일반
AGYUFUC4EKXTZHF4CFVTKB3T7OUA,2023-07-28,일반
AFKHLRBSPFYWOOTXEENPIWUVNZGA,2023-08-15,일반
AEAMTXU57DL6YNJCT53AYMLYGXUA,2023-02-17,VIP
AFF3TSSIXAVH4BPSQVJCLNQH4BYA,2023-08-12,VIP
AFQ6C64AFI33KOGJU5IZAB57A45A,2023-01-03,일반
AEPRNLSE43UGWKAMTLIKPM2LEAMQ,2023-06-24,VIP
AFGL2BJQXPTK64ZAMF54LVNZLLHQ,2023-04-09,일반
AFUKBGJHIZMXQXXSS4NYJIPV3E7A,2023-04-26,일반
AGFCNG7LPSXN2MSETPNUJX2DSGIA,2023-09-27,VIP
AFNR7QJV4DOLLVM6ANOVMOJSBOSQ,2023-09-10,일반
AF3FRLNJCF23ANLTKX2GRWHJXGDQ,2023-11-13,일반
AFVHA7F6WGALC7CX3ALHQUYOAYNA,2023-04-05,일반
AFDKFR5OJZXCDJRUZ44JVGWD7SIA,2023-09-30,일반
AFMPYDPXNEAOY7V6ESN3RHHIFOLA,2023-01-24,일반
AEXMSOQXFSGNINYXVTPXWF6LNSOQ,2023-04-26,일반
AHJ36WVWO52FUAO4F7W2V2HUVIOA,2023-05-31,일반
AHDVRIPXBUVBEU4SPWOC6RGAYRPQ,2023-12-04,일반
AEM6HSXS6EAAW2W2YCJDURHPAOHQ,2023-02-19,VIP
AHGWXO3TIN5RERBOPO6KS5HW6PQQ,2023-07-25,VIP
AF476TMP4LI7EBRKEYTFE33CHLLA,2023-12-01,일반
AFHCG4ZUNHS5X7PYX6IPZA3AO7PA,2023-03-20,VIP
AHDH4K7B4XROK4NUUKOQMLVUGXKQ,2023-03-11,일반
AFAOEOKOE3IHNJKQDHAZ3JY63F6Q,2023-01-27,일반
AEIIOCCDVYEZSGZVFZSNYZKHM6HA,2023-09-28,일반
AGXJHFAXB4ZBSYHCSJUOU6TBXBCA,2023-02-19,일반
AGRDQEDZJUKOFPT4HQ6JNPP7PXYQ,2023-10-19,일반
AH4A6BDLABV357G2A6HQGCJ7KGYA,2023-09-04,일반
AHHJ2MPEQDEB2OL5VELPVKG7HA7A,2023-09-21,일반
AFJVAVYH2K6VUCTNLA5HZ45VQFKA,2023-03-20,일반
AGGWXZI3DYEKKDM4B36R7ZJJKAUA,2023-07-09,VIP
AEKJDZK63IDTROMID4JMKGJHSULQ,2023-02-16,일반
AGQYYNEUBQWWEQBNYIUC53RFACNA,2023-12-27,VIP
AF43RF5XBMHJAMI2FG34NN3L7IIQ,2023-12-20,VIP
AGU35SVLLAC34EAVBSRUVTK67DFA,2023-12-18,일반
AHKMF4W5DDK3NQY3YUKMZNNLPS7Q,2023-07-08,일반
AE5IO4H7IZTRJPKIO4L6DMQ76GGA,2023-09-13,일반
AGBFUWHPPCGWJDR6B4OMKVTJXAMA,2023-08-10,VIP
AEWESDLVWVAOHCLCTFT3NQHY4ABQ,2023-08-29,일반
AFY6NUGEJR3FYO5JQQYPVHB7BN7Q,2023-09-26,일반
AGARLHYVHR5YQUAPN4UW6FDDQZDQ,2023-01-01,일반
AFDNYZLF2TIOIHCE6XBVDETYLS4Q,2023-02-03,일반
AHHBABC6Q734R46ZOTCRCVMIDE3A,2023-03-20,VIP
AHRL7HWG5QFKUHZ37KS6WGMCSV7Q,2023-08-24,일반
AHMXB2SMKANWFDSUQJAZSB3J2W5Q,2023-11-30,VIP
AEU7DVFEL43XZ6T4D572W2ZLBRKQ,2023-12-15,일반
AGWOH7CFDMUVW52NMZWQBKBNNQOA,2023-04-08,일반
AGZN422FGG7JO3T5YY6IVUELOODA,2023-03-23,VIP
AGDV2MRADKOX2DX27DLTJRCUNFLQ,2023-07-11,일반
AEPDAG3D6JDB7GMFDWRZBRDUT6LA,2023-09-10,VIP
AHBAP5SPTSJ44JCVAA66JL5T3GSA,2023-02-07,일반
AGD4WOYC5CDCE72HI5NLTKJMVCFA,2023-01-14,일반
AHUNCPEWHPHZGFK4NFZYGZS6HA6Q,2023-12-13,일반
AHKSKUA2E4Q4UTWGK5KJOQUANEHQ,2023-11-06,VIP
AH3RXYXJCWNF4R5G2MKDNHDCHBBQ,2023-07-28,VIP
AETJYYRMC2XH5YW67E3WLNYEXODQ,2023-12-23,일반
AHODVRQWWJ6ZANKRQMUTC2XAP7DA,2023-03-30,일반
AHUK7JORZ6JUBP6Y2DJDQM7DY4UQ,2023-02-25,일반
AEX2J4SOFGG5MWTWNQLJ4YJPRO2Q,2023-04-04,일반
AF52JXL4N6RP2E7KY7IRE4IDX5AQ,2023-04-03,일반
AFJQNV4NJHIBN6CLE4UOSFS6KRYQ,2023-12-06,일반
AGAGQBMUTC7WREXUTXUVP6MXJ6MA,2023-03-26,VIP
AH6ISURNXEG3QX4KB6LKSINS2IAA,2023-09-02,일반
AFGWDVXHRJHOJ5XGBMFVXVCQ6FKA,2023-01-22,VIP
AFS5PZPVKEP3UJSDPRPDIR2MKGHA,2023-10-18,일반
AF25ESIE2VTCJ5TAKLIJSBHE7TXQ,2023-09-29,일반
AFAH7WHWITSQ33IHJU2MW5QRT7HQ,2023-11-02,VIP
AGVT6QWGLKSYHR3YKRBKMUUSIXAA,2023-05-02,일반
AGPWKPQODYM5WTOVQEG5JKCWFFEA,2023-05-08,VIP
AG7U4ELTZ4SALHGRJGQUH5TOKXFA,2023-04-23,VIP
AHHXZ73LFPUVJKZIVPGVDLUSD7YA,2023-09-30,일반
AGEYZNPASS34VXF5WSWDGKXXOXJA,2023-12-02,일반
AFMJG5IJKO7AFSAAXTAAHIKK4DDA,2023-05-10,일반
AHDEDC3POAU5BZGDWP33QORI3YEA,2023-05-12,일반
AFLPTFP6N5EL5WWVVB5ELDFJ6DPQ,2023-03-26,일반
AE2IURVHTZIHYVJSWHTXDKEF3QOA,2023-12-16,일반
AEY4DSGBLEDYOHJTHH4VKWLS777Q,2023-03-22,일반
AHLX7ZJKWBQ6IEC5R7O56JAVEHPA,2023-11-21,일반
AERUNKZJXZDXZ7WPIUH5SQHDDWUA,2023-03-10,일반
AFJSTDPDPNSJF5IOIZN4ALD2W2NA,2023-05-28,일반
AENPIPI2T7E6R4HKOBKZAQFCJZUQ,2023-01-16,일반
AHIVPDOVK6OQN6WGTESSXAP4O3NQ,2023-11-03,일반
AEIOIMVJ327S7YLGXHPRMSKFRSDA,2023-04-15,일반
AE6XTR4HOF6A4ZYWTEYOIM7RXWIQ,2023-06-14,일반
AHML2YILNIL55QN5W3ALM22KK4RA,2023-07-20,일반
AEDASFMONSZILDTQ2KMND32254ZA,2023-07-16,일반
AG6DF5G6NXVTFKGB5OGNOFQ336SQ,2023-07-04,VIP
AEQILKA6TDCEJHB22PLMICANAKCA,2023-11-18,일반
AFAD3K54MDC5KWKEIL4GPRMDUCSA,2023-09-22,일반
AHKLFZK4YWYVSSH6RENLODXSQEWQ,2023-12-29,VIP
AFPEWRRHEEB7AE7UXZZW6AYFGI2A,2023-04-10,VIP
AGMR6IFE74NZ6I2AKCYNT3OA4WJA,2023-12-08,일반
AFLHIPN4MXE2CDTUI675U5BMGJ5Q,2023-11-16,일반
AFG43ME6P6CX2VMBEUJ4A3VILLIA,2023-08-02,일반
AETAP7PLIHXSLRWHSKZ6CB4LUOEQ,2023-10-05,일반
AG6EJGP5G3XX3PO7XUVN23XNF7QA,2023-06-11,VIP
AGOUMGTCVOVNACJWHOI6QXEOFWFQ,2023-06-06,일반
AHWVKXF3D6CW6INGFKC4BMWAICWA,2023-09-08,VIP
AEMLU5KFMLIGZH36SO3PT2DLHDPQ,2023-04-07,일반
AHD2YKTU2NGV7WIT2AMZ5KGUCI5A,2023-01-18,VIP
AE6HP365WCXNFAUQETWLZ5AW2KEA,2023-11-23,일반
AHU3ZRGSY6NBCQLHHKYG4BWGN46A,2023-04-07,일반
AHQI663PWIM6UA3UZUE352TAEJSA,2023-01-01,일반
AERNKVJL26A7X5OYWX3736CMPO4A,2023-08-04,일반
AEEFHVT72FRALB75Y3WUTDBMMKDA,2023-05-12,일반
AG32CGI3PYEPSA5OYLMRI7LIUWMA,2023-09-17,VIP
AFCHLRXHG4OTDU77ATX2U3ZW5IXQ,2023-05-05,일반
AGRNDHBTVELBY3ITNVNRK5J5Z6HQ,2023-03-23,일반
AEQVXFTKQXES527IPEG4NDB4AUTA,2023-10-10,일반
AHLNMKVMOMO7SMAI3TRC3RCMUAMQ,2023-06-20,일반
AF2JWX6HVNTE6TFYX3K3OP7G67OQ,2023-02-28,VIP
AENFBKCVXFCSNELMZME3E3W7WNOA,2023-02-01,일반
AH2NF4GWIFI5TVCUTHW3Q3X7EUXQ,2023-06-10,일반
AHEFKTS3MRG4AW4YSYD2OBMREP6A,2023-10-11,일반
AF6X6534MZ5EQH6PSVVTGHH7WGSA,2023-04-16,일반
AHGDO2HIQNPHLHJND5EY3GSLNG4A,2023-04-15,VIP
AGZNOQWZ5NBBOPJYUSKJSY3QDHWA,2023-08-16,일반
AGUVJ34ZNNM5AYHUUPSW4LCMUQMQ,2023-07-07,일반
AFISSFINCYUYWGRYU3I7QVNL6JCA,2023-03-11,VIP
AHGFUWNO5JO5V5DUDHKMWTLNP5HA,2023-11-14,일반
AE5M7SPRDYEU6EPXVXHFGAS3WZXQ,2023-10-17,일반
AHVJBPTSYB54ISNJO3RFYLHEVUVQ,2023-03-28,VIP
AHN7GHEZKML6JVIVYWBWABE7O5TQ,2023-12-28,일반
AHHCVLPZJDMVTNXUP3HJK3YIFDFA,2023-02-25,VIP
AF3MKLAVO72PML63OAC3KF7F5L3Q,2023-04-23,일반
AEIJ2WAYER5T4QYWGJINFMXVV5JA,2023-01-13,VIP
AGL5Z4GVIBTUZX3GXZFXEFSQC7EA,2023-01-18,VIP
AFBJUY4B45VSG7ROPSXR44Y3PCJA,2023-07-01,일반
AFM5RQWP5UN7CKYZGLBBS4Z3SOMQ,2023-04-23,일반
AF7FNHSMCRU3BQJ4J5XSMGYU5ZWQ,2023-08-17,일반
AEDR652FAPSVVJAKQXEP6BYIKVEQ,2023-06-20,일반
AEYD4WEMX25FXS64S3D5Q75JBGJQ,2023-10-22,일반
AH7YTQORZ6PETTAX2C374QNBR4NA,2023-07-08,일반
AHIWN5RZTRU6WU6RDZ2QBYVQ64YQ,2023-03-20,일반
AH6YLT3KTDNWPMSAS4I4EYVKO5BA,2023-05-26,VIP
AG6W5HESRSDLBX3NCYOOUGFOWERA,2023-07-01,일반
AED4U5CF37HVSYPMD6KUP3YPH36A,2023-10-13,일반
AGUHDV5GZZQ53BGLNLV654IPDASQ,2023-09-07,일반
AEDMXTLZRXBSPPDRYIN6PAGXFXCA,2023-12-20,일반
AEVBIVJJCIRYJRR7G47DFT6SFBAA,2023-11-10,일반
AF65HJXCS64PXG5GMEBZOLVCZSPQ,2023-07-15,일반
AE5CGWMRDJN6NMXZ5XH74X2GIRNQ,2023-11-19,VIP
AEDVMC3DUI5UUVQ43C4XLLZJGWUA,2023-03-12,VIP
AFEKJVIJNA64W3J3MTGDJUQ6TQOA,2023-09-05,일반
AFAILC2MZIU2UFLQK34GQLE4Q42A,2023-05-26,일반
AGYG6IP3252GADX6BGGRZFNJGN2Q,2023-04-16,일반
AGVR6CP2GL562CMMN3TJJDIBQKOA,2023-09-20,일반
AGRSBPMGH7TCQPCZ7XD7GLEJ7NBQ,2023-10-23,일반
AF6MHKXCPS3UEF23XLMKK25DP5YA,2023-03-11,일반
AEXTOEU4ZA4IBYRZ2IBBPQWISYQQ,2023-07-12,일반
AHLX66FYYQMBW4K2RH6ZIK7FFVLQ,2023-03-09,일반
AF3HP3UHZSWRRIORS4HTBUPFA2ZA,2023-11-01,일반
AF5DJAWOTECSDTL7XHVNCEJLFRCA,2023-02-21,일반
AHBLS2242VYW3MHFBFU46OIBCVMA,2023-12-29,일반
AHRLA5AHCTEQVN7FPFCVQK35X4WQ,2023-10-12,VIP
AHA6L5K5EK56VNJQCX6ELQD6IIOA,2023-11-30,VIP
AFT4H5AHS2IHNQ3W2MKZW4IK4WNQ,2023-01-09,일반
AGIMKFLKIBXWJC4A2PEJ6MUUXPGA,2023-09-08,일반
AFHKIWM7FFXHOGRBL4KXZJN74D4A,2023-11-28,일반
AFPZCHVK4AFUZ3EGRSQKX2QP2EQA,2023-10-25,일반
AENJEA3YN6GTB544FIMEIFBVLYBA,2023-07-03,일반
AGFJKRNASZD6HAOGNZ6TKXIZ7POQ,2023-06-28,일반
AEEKJOMZAKG7QA2HLN2OSNTKTN3Q,2023-07-17,일반
AHMV7CFP5QJKQVZUWZJHE4HZ2ICA,2023-05-08,일반
AFZST4HYDBQ6XVQACSAAFUDJOIKQ,2023-01-20,일반
AFKYVEINPQ32ZQGZEDXOSUWEDFQQ,2023-11-24,VIP
AHWOFQXJDJDNP5RV6PBCUOJTFI2A,2023-03-06,일반
AF4BOWODXP7NVQUEXZ6UTVGLK36Q,2023-07-01,일반
AGK7QXGM6LN3H4ULO2S3OFXH7LBQ,2023-08-29,일반
AGA4TH7LEY2HBXJYTK6Y4RA4LWDQ,2023-01-24,일반
AFVZYHLIYODBCD6G6VOMDXWNTV3A,2023-03-24,일반
AHHRHRPMQ3O5NZ3NJEFYSDPS7XHA,2023-11-15,일반
AFWDREJZJIDUA2VLFDSNAP6GRVWA,2023-07-04,일반
AHFNQ2ZQIAN6HAYSDYZK24L4ZU5A,2023-11-12,일반
AHL74SDUOIK6IPSUCJI2JFFSWVJQ,2023-04-09,일반
AERQHCJNLF5CWK63G4CSN62UKE3Q,2023-03-03,일반
AEIXIXGQXO55K7YHDMNU5G6XVHWA,2023-10-13,일반
AHZAEVCLQBC6F6VVPI3OWSWZKGMQ,2023-01-22,일반
AFZOXNV5I52MMGRSNIRPW22I5BKQ,2023-07-31,일반
AFN56JFPWCIQUPBWBBKRTB5ACQFQ,2023-05-06,일반
AFYOAUU6ABZMTVU36GZK4VUGNQOA,2023-02-11,일반
AGHUKJEONXLCESOPBOBUE7GKTDGA,2023-04-08,일반
AEBWPF3PRVVFG5KWXV7X34GDFKUA,2023-01-31,VIP
AFLRPHJSRGH5NKPA7OBXUJ2JZ27A,2023-06-07,VIP
AG2MS6TT6QSBXJYL474XNZ4IF7CQ,2023-04-22,일반
AHTOYIBOEM2MAMV7T5TD5DDEKVTA,2023-09-04,VIP
AH672OY2LDIEQUP643H3JKXAL3IA,2023-05-02,일반
AE57EASYAUGIY3LHBP7QIOETS7IA,2023-09-30,VIP
AEIGU5AK2I65SNMDBAHWSHIONC6Q,2023-10-21,일반
AFT7I5VC6EBJ6RQRYTGRLAG3HXUQ,2023-07-26,일반
AFFBQAX7B4JEDSFQO5YV2N53DZQA,2023-04-20,일반
AEIBNPVAOVFKRMNCG7WQBP3KD6LA,2023-10-05,일반
AGTIJUTFLQK2XPPQ6CYRFIRIFB7A,2023-02-25,일반
AGYJCHWOAP3BOVRZTI4X2BDJVMVA,2023-02-26,VIP
AG6FIMS4K4KZ2ZEJMESRMWXFYFXQ,2023-10-18,일반
AHO6AWGPNKTSTMNPWGZB4WHA2U2Q,2023-04-24,일반
AHVONN4NTBA3GJ36PROOYHSDNZCA,2023-11-04,일반
AFEQ7NC66N46VGPPVC2NXFWRCW7A,2023-12-07,일반
AEGKENPFPHGDZPCWMBUDNHKBVQJA,2023-07-17,일반
AHKGDW3ZEXQJDWZST66D6WW3RAPQ,2023-11-17,일반
AFEYS37TMYGZWIC6XZWB5A44WHDQ,2023-06-28,일반
AG6ZGGBWZ3W4RS3AO36OFPMEM6EQ,2023-08-07,일반
AGBSZTAHL3ZLNCNV4UMDDL7PVFVA,2023-10-04,일반
AGUM6DLWGQ2LOM4MCKXEXKBXHXCQ,2023-01-16,일반
AELFZZK6GYFN3YA6TUYCQI7RO7RQ,2023-03-02,일반
AHYHEG5TPFHDT5P2H6KWCNRKVFAA,2023-02-23,VIP
AEYMIOYCCMY52ONMPWEMCFKTAP7Q,2023-06-17,일반
AGXKXAGLG7HR6EMQAEEQBJNKAHBA,2023-01-26,일반
AGS2YBMKNMGOX72U5CWAN4H4IKEA,2023-12-02,일반
AEINPEPKMQYXLTEYJ5H2AOGO3YSQ,2023-03-06,일반
AHMCRTWOJAUGPXCEW6BDOCJ44YFA,2023-04-10,일반
AHT4OY427LBXPJRGFTQ7TYZXYHWQ,2023-03-15,일반
AEJ3JPQBTNEBFAPDYJ7LVBEQZABQ,2023-07-11,일반
AHAOS6S25NW4GNVO5CYKF2VWMX3A,2023-06-20,일반
AFFASS4UUKBTHTT4D4HXISPCWD3Q,2023-09-30,일반
AEBGOR6UDRO2OU5XDIA2MV3YYFOA,2023-07-06,일반
AGG5NKCVBBPSMNB72ER6WLOTBCMQ,2023-01-23,일반
AHBWW52EK5OOJYVWM2I4NYZS7CUQ,2023-06-30,일반
AEV6PF6JEUSL5VE35HHTUFU65FAQ,2023-11-23,일반
AHNDW5VKSMBFMC7T34ASEI7Y3GZA,2023-04-18,일반
AG3SNVECF5ZS32DWQTW2G77ISR5A,2023-12-01,VIP
AECXPKAOE4L7HKC7MX3HARQ2ZN7A,2023-06-11,일반
AHQBLD6PQTVODKX7CP7AR73VXE3Q,2023-10-29,일반
AFWHSXXOAGQP3TULDR5UEU7SEVLA,2023-07-25,일반
AEYBOFCIILSYQPBIFKTK3O4ULXHA,2023-03-19,일반
AGXMURTR4IJKATZQ4COPQMXAWCVA,2023-01-16,일반
AEDOY7QSF22AYSFDSBF32NURIY3A,2023-11-23,일반
AE4GETIZXRFI5D7IX7X66HOXA7HA,2023-04-06,일반
AEZX7AZEVOCXCPQVIFTY7UN6R4RA,2023-05-27,일반
AHGAT6WYRGMXHVJU32IRWHCKZIJA,2023-01-02,일반
AH7DPTXSO5T2YJSEQFZ6E3HBSLQA,2023-01-10,일반
AED2YYBYVHAASJ3QCTDEZUTBWVOA,2023-05-05,일반
AFWUD5DYUNUE5VFG3RING65BF37A,2023-03-22,VIP
AHQB4SCMITLH3RJJGHYFYGJDFGZQ,2023-05-20,일반
AEVL6TZWDKICBU5K36HGBG65WXKQ,2023-11-22,VIP
AFF5UYOSGQEATDUIOBUQAH2O6NAQ,2023-05-30,VIP
AFGR637UP6QAHFJONHIC6LB54YNA,2023-10-15,VIP
AG7RQBIKXECMXD644R2M5EZIZ2SA,2023-12-27,VIP
AFFOJJV3AXO4KXET6TVWACH2AWSQ,2023-12-06,일반
AGPBFYSINH6IVWQS4CG5WP3DYCMQ,2023-05-09,일반
AG4U3Y2VBDUGHJ6VTFKDIZIZJPWA,2023-08-27,일반
AE2MUYHXVNFPILOIZ6T7B72BCR6A,2023-02-27,일반
AEKI4HAUSUPZGRQ6Q3ATSP4TB6CQ,2023-07-17,VIP
AEL7BRNIG3LMKHN7NGVJ5HZU53IQ,2023-07-30,VIP
AELEAOGDLKQD35G3X3LHUYBMODDQ,2023-02-14,일반
AFQGS2AFY7DTJGI6UAS7EXUU7ESQ,2023-04-07,일반
AG6YAYQRT6LJZXH5GBEJIKTHOVPA,2023-10-06,일반
AEXTLIQ6EDAE75U7KIBPPOXBQXEQ,2023-01-23,일반
AER6XVPTNSCOWUE2CNWAGADNNTQA,2023-12-01,일반
AGQOVXQC5VY3JBAEXPKC3JWPFPQA,2023-02-13,일반
AGDKUP57RD2RF2PYRHJ4HC2WB6CA,2023-01-27,VIP
AGK7S5LXXV5UHXXEY2BKNLZ52XUA,2023-10-09,일반
AHK6E3O55RIZSFP52ZJNTVSEEL6Q,2023-04-07,VIP
AFRI5LEU7NP3RTVSDBIC66QJN5HA,2023-02-05,일반
AFN7UVFX2VSEPIBWFVWYUXLYCUYQ,2023-04-19,VIP
AEI6Y3E7HZN7HAJIEHYUO3PELSNA,2023-02-24,일반
AEDEO6FQJAAYWROW5Y74WR73VOXQ,2023-07-11,VIP
AGOWAPE7FNYHKW7NMZRABFLAPBLA,2023-08-07,일반
AHMTCI6WVIFQLBPVV775QDEU32MA,2023-07-04,일반
AFEXCEMQFSXWUROBWWKLII6G5UZA,2023-03-10,일반
AGTOVX2YRYSUMZANWQSH2GLC4J5A,2023-11-13,VIP
AEEQGUXKD6HEZIATDRB27PQJY4AQ,2023-05-10,일반
AH2GUDN2UZFH3DVNV6SNVUTX5A2A,2023-02-24,일반
AHGL2UG2EBUJLZLOXWW7BYZ32OWA,2023-04-07,일반
AHDISL5G65X3FMRD2D2ARNXONYEQ,2023-12-02,일반
AFYN7CPGKOFGIEEDC6I6CFJBEKVA,2023-03-28,VIP
AG5HPY5JX3T2DV3RHEJLE26ASMOA,2023-10-21,일반
AG27F7XSXLAU4JPURBUVMMFBBZHQ,2023-04-29,일반
AE7FR7KNV6BX4XL43G2TZAV57XVA,2023-07-27,VIP
AGUI6MJD5ETNXKOOO5NRK6I6PBDQ,2023-11-30,일반
AHEWD6HCE644SLK3OBHHSH57W74A,2023-06-03,VIP
AFCI5O36CXYYRSJKGKTGI6QHK35A,2023-02-04,일반
AH4EVNVE6UOOFIDLJ45XA6SXIILQ,2023-03-20,일반
AEPTX7KLFQCVKVIOQ2P5BT5DFDOQ,2023-03-08,일반
AFDMLUXC5LS5RXDJSJJRHNBURIVQ,2023-12-09,일반
AF7V2H3X3WZZAGQN57IMDJUMWJFQ,2023-02-03,일반
AG5QFPH67UFPAGKYCFJZNX7JRO5A,2023-04-07,일반
AFJDOSRR2KIFBLK2WUTPPB7ZGYXA,2023-06-18,일반
AH77ZPQSMKUKIL4LSIS344PLB7XA,2023-06-18,일반
AGKHAKG23FI4IMCXBUTKLGBDLAXQ,2023-05-31,VIP
AHYKYPQWG6D57RWV5BGGMKG6D6WA,2023-03-12,일반
AG4HU2P24AVEA5DIVDDZPAZJB2EA,2023-01-03,일반
AEZYF4ZZU6FH47ONFQ4ABO7TAYAQ,2023-11-10,VIP
AGG2W3XKE7XHPKKOO653RQ2GKYSA,2023-02-01,일반
AGCSGQTOFGYS47AB64E7HYCVXPSQ,2023-10-14,일반
AE64ROQOZG3YQPANW75Z4DGEOEYQ,2023-03-23,VIP
AFWJRG3J53U4MB2UJKQBXEU2KLDQ,2023-02-12,VIP
AEVZ5IEWI4C37B6QZBJEL5H3BRIQ,2023-04-15,일반
AF5YTGKUGQPPKFKV7FI2WPBEB3FQ,2023-01-01,일반
AFC4IGBAWQIZUIGT3HAGY3JZT5YQ,2023-03-02,일반
AE4MWULC56KNGZ5KY6KVDRZ3IKGA,2023-09-27,일반
AG47LLM626L4ZVY57SFZW7DRFXKA,2023-06-29,일반
AHN7KROB4JXXDRI6ZVYUNQLPABWA,2023-08-12,일반
AHCMLMTP2OQVADDPGN4KBRJMR7ZQ,2023-01-06,일반
AEDUUPZP42KTG4E4WBBN6XBQ7OEA,2023-04-13,일반
AEZDPO2SL7ZV6NDT4S5BGU3YO4IQ,2023-01-10,일반
AFGFQJHNRDFOHITQCVI57A5AVAGA,2023-03-12,일반
AEXBETK57IVYXMVFUBPFFWL2YRYA,2023-03-31,일반
AFPXQQXE5LK3MD6WSXVCOQKSHCFA,2023-08-14,일반
AEH5UMINQMJ3YS2JJYWFZENJDF2A,2023-06-07,일반
AEAMCPIZZKK5QNGMASLDV27QTLVQ,2023-08-16,일반
AF73O2E7HIQTOJCJYSMIBSRDQAYA,2023-05-06,일반
AFBQQK22DRF6U2KQXU6ZSALA4NZQ,2023-07-28,일반
AEIHZJXM2H6AC7RCDXCNEJW3E44A,2023-04-07,일반
AFE4ZYVJSLM3MSXZHWHIWFGRMNPQ,2023-03-15,일반
AGLLVLIYA7LEFYOBOQ3CR566Y34Q,2023-04-25,일반
AFYQS2VHWWGWOJ2WN5NHJBYYNFAA,2023-07-10,일반
AFSWWFREYBSBBK553EJS373BFDXA,2023-06-19,일반
AE2O7ZDZY2IUTJCPPMM5IBEO2LRQ,2023-11-03,일반
AGX3HZ6L74SP6BEBB3QT7GD2V6XQ,2023-07-23,일반
AFKJY7IMQCOSU6NB3XEGTWDUAJAQ,2023-02-25,일반
AEPCAKSOMWJJNCSL2JR674U7ADQQ,2023-07-27,일반
AFCTHM6AKLOSBDAUNR7MV55OB3MQ,2023-02-10,VIP
AEVEJVMWQKVTVXWT3GWDQMTRE4PA,2023-02-01,일반
AEBVK2W3LLIF2OZWCC4ETO7AZBLQ,2023-01-15,일반
AGVJBZTCRZYK3FIQ6QYZXUNPQ6AA,2023-03-03,VIP
AHJVD3DZYPZ6IGOD4X4FB2F63TTQ,2023-06-04,VIP
AGQ22ZIP7IR5TZHO4JVX3BP6XPXA,2023-10-11,일반
AG25MJLUNH7VRLYA2TZIY2PCG5QA,2023-07-28,일반
AEEM5Q36DTXAMCJWEX2E7P6DAUUA,2023-11-16,일반
AESRBPLU5VWDLZIS34S4MGRGXOHA,2023-07-06,일반
AFJBNICX3G744YBO6GHEEUOWA7QA,2023-05-10,일반
AFCSKW7HDNRLBPL55D6772QMQXZQ,2023-05-07,일반
AFXO7INXRRNSJ5YMHJQFI57VHBDQ,2023-10-19,일반
AGHAK7I2KJFR63KWOX7UMMEZTBNA,2023-04-24,일반
AHRKHSP6UU6ZG4D4OGLOFOUGRF6A,2023-07-18,일반
AFVIUQVC7WDM2MHHYV4KPGXSB7VQ,2023-01-13,VIP
AGJMTWXAMFKENVFP4AJXVINU37CA,2023-09-28,일반
AHHUP4DBXB2AQMEO27XIQ3DJSVDQ,2023-03-30,일반
AEIUS76RRWIKCMNHHTZWBKVRAEPA,2023-08-03,일반
AF7AIWHQCEGDKGZJX4LLAMMPZCWA,2023-10-05,일반
AEYEP4VP7QLCIKLCDTCLPP74N6ZQ,2023-07-22,일반
AENOM6ZJRXGIJ5MUGMZDV5YURKUA,2023-03-15,VIP
AGGIEHGD6RJYECAZPDG32DAE32SA,2023-01-25,VIP
AE7OLL6ZAVDAJM4L6M54XNWRV4EQ,2023-04-11,일반
AHGRX2KYYYN35REPQLWUVWT3UQ5Q,2023-06-25,일반
AGYLQ6KMOYG2N4U5GNYARX2MBB4Q,2023-04-27,일반
AENABMLHDXXHUYBOHPRFH4X3PMCA,2023-06-15,일반
AFW36VYDMVOGNOQ3KW5TU52NBPYA,2023-02-10,일반
AFEQJU6HMTSU2TSLWVLTRMMDUVJQ,2023-12-10,일반
AH4A6ZXSVYUDRVTZJ5J53UD3VNPQ,2023-04-30,일반
AEAMXZQMDHPTSSU6VOCCG7FJ3L5A,2023-04-07,일반
AFPNCLF6XNCVGSLV4B3UCFJZENEQ,2023-05-25,일반
AFERJ3NSJPHMZPWXLNY2MB6NHERQ,2023-08-04,VIP
AG2VMF3LINMMYN5BJ7Q62SD5URUQ,2023-08-17,일반
AEJ7GNGZJ57Y4ANWXXY75NT7XW3Q,2023-11-09,일반
AGZPAK4OR644KR7HVTAGM2SKWXOA,2023-05-10,일반
AGWG7C2G2ZJXNJ5LWLAHESFT3JAQ,2023-12-18,일반
AGPW26I3CWUUUI4HNHIH6FWIVJOQ,2023-11-14,일반
AEKW3REOLRUOHWGYXE7V662X2BSA,2023-05-17,일반
AEJXY4QE7AOW43DDCUHH4BCILJJA,2023-11-20,VIP
AFZWEGAQMORO5YUZDF63YT77LLWQ,2023-12-03,일반
AEBMJLSOXQ6R3AYV2E5IRO5ENPLQ,2023-09-30,일반
AHWRCD6UPY2VTOKI4TUA37GILDYQ,2023-04-27,일반
AHYG77LWWFRTEUKZEO56B2OX5LUA,2023-11-02,VIP
AHXV3ZOII4LO45733UQAP5Z7HQQQ,2023-04-04,VIP
AG5TSY3XDBSXVSJHBP24ET5FZOEA,2023-06-17,일반
AHPLEWWOIVLJKHU7LMJQATBVVIRQ,2023-07-22,일반
AGOUVBBZUOXEFGG7R5QBLIF34OYA,2023-12-07,일반
AH7K632CGUBDY6LHNAPIN5X53WXA,2023-05-29,일반
AFEE2XTFVQFP4MAL23BITAYVUEDQ,2023-07-02,일반
AG66ESDG6STC3VUGMYT2JM7F5EFA,2023-06-01,일반
AGSRZEXRM6LPZRFZNPWPTJR52PWQ,2023-03-15,일반
AHTYWMV7NQIHFTT25KJHK2MHHO4Q,2023-12-31,일반
AGEDP3Y6PLN7EQMVYDLKLQKZBCVA,2023-10-01,일반
AGJYNSMQM45LCFROC6BSBGM2NXWQ,2023-02-11,VIP
AF6AQPY5HXHCZXTPZOYY6EZFLMHQ,2023-07-31,일반
AH2NLR3ZG7SADP6RTRU5PDZUBKYQ,2023-04-11,일반
AEDHYDNNCKCAOWK442JABEE5CWLQ,2023-02-14,일반
AEAT6CQT34IWYKUHXFMFGRNU7Q2A,2023-03-23,일반
AGZ3OTE7V74KVKLKR3PS2YSCM5QQ,2023-01-17,일반
AHURSRZTOF3NCYIB5RPFTXSHAEQQ,2023-03-14,일반
AFJ4QE5S3Y4YQR2FV36TS7QDG2KQ,2023-01-14,일반
AFWGKSA7JKANXBJVXLCPW7NR6ICQ,2023-06-06,일반
AHZYN7O73FJWRPUQGZM5BEAZ3A4A,2023-08-11,일반
AFMYG55DVSCMWPRUIPSASBB62VCQ,2023-05-12,일반
AGZCT4OEKDRBQMYDVQBVFUMHKU2Q,2023-12-04,VIP
AEYZCUH5LC6COZ4TRHKSYZO3ROKA,2023-02-16,일반
AERRBL2CJJRDGLHKOROB52OCIEJQ,2023-04-17,일반
AHGTBWAQDJQGFRXUHVMEAVA4ZPUQ,2023-04-18,일반
AHFVKTDEOWKGGCJBKLGXF2S6YSEA,2023-09-22,VIP
AHY22HEZTKCXWPBPU5TUS37S5LBA,2023-07-24,일반
AFLZU2MKLPZCUFRZF6YEXYUF4RLQ,2023-03-20,일반
AGDWMV5ZAHCSPG6IMWYOTBTOB6XQ,2023-06-04,VIP
AE3LXXFXH6BORYJRUFKZHYY3UHYQ,2023-09-28,일반
AGFOD6MTODJ2BVFMYDOCLV6XQM5Q,2023-09-04,일반
AH7CH74XTRZWL4SHLUHGIKALPBHQ,2023-01-19,일반
AH7POVEBCJ2XBVILJPAO6EE4FQ5A,2023-12-12,VIP
AF6EGJ3IP6NT47SNGHLAJ7IVUZTA,2023-01-26,일반
AEKGSTRWTY6EPGEDQJDF2ZGLQQEA,2023-08-05,일반
AEZOPOL7EG3CNIYHEUOIFRNNEDUA,2023-06-03,일반
AH24GHGDZ5S7GOOVQK24MQS5IR4Q,2023-06-03,일반
AGIY5PYNCW3CB5HUFM7ITHNZPFIA,2023-06-23,일반
AHXDON5YKOYAUSI3QKGTZNYWEVTA,2023-04-02,일반
AGKDHFPFLUGXAO5GYFZZ5KCCTFMQ,2023-12-04,일반
AFEPP3DNOQEMLSJ7H7QRFT556KAA,2023-06-30,일반
AE4XYBWQ4326DYVHYR2NLGVAVQYQ,2023-05-11,일반
AFZ7MBTXBL4II5GY4OUJUKDI4PSA,2023-10-25,VIP
AHAPC6DCGJWYSG34J4QCJRZUOCOQ,2023-10-02,일반
AF4KTTHGNSGQHWC7BH5MSSBCULSQ,2023-09-30,VIP
AHWQEIF54O5IUHXFM4KLVIMX6YWQ,2023-03-17,일반
AFBQJKVQBIRCTEMBWG5L4NWR773A,2023-06-26,일반
AFLEMCYMHBBD4SS4YSWSCUKRMCDA,2023-07-03,일반
AGDA3OTCGWNENWPDHBYUKTNT6HAA,2023-11-15,일반
AFNUOPGKWNLCY6GPXD5H56IFRX5A,2023-05-11,VIP
AF57FEWFICIDRUJYGJ55JQSWIENA,2023-12-29,VIP
AHVJXVQRKI3OSKNANNJW6ODKFJTA,2023-02-18,일반
AECBOMQMFPCFZ2YYN5SAQTT52Q5A,2023-02-24,일반
AGDMYQLJDG7WITISOEIVCEJWV3AA,2023-06-03,일반
AG7JD2UYSH7NDVCB4FOHEKNHW4NA,2023-12-21,일반
AERCPMXMGMUH5YB56JZXTD23FKFQ,2023-07-19,일반
AGTA4ISMM3QZ6LTUP63C4WIKPWMQ,2023-11-04,일반
AHSZCGWJCJJWOQ2FI6TDIDES2WTQ,2023-12-22,일반
AHEGBS6GMG6ATBO66V4I544GIQ4Q,2023-04-28,일반
AHHL6WFI4OEWNPTGO4WEDF6B7WXQ,2023-09-20,VIP
AFDSTWW5X5LM7QSJ7TE2GDJEZHSA,2023-02-15,VIP
AFIEOCOML7Z7XPPQYE7CRZW7SA5A,2023-10-29,일반
AFMNDDULDD4X33C2CMR6Y62SK46Q,2023-12-22,VIP
AHRAAREBBBGBBITC3W5WP3PIP4ZQ,2023-07-08,일반
AGMU7VJAAQCGVXR2I45DBZ4UOXGQ,2023-11-06,일반
AE3WABKZUWIAANLDG7L7UURMCDKA,2023-11-14,일반
AEDL3PA6SU7XPRZ3LKDR7XYKZC4A,2023-05-09,일반
AGTJB677H6GCY62RBG77CECPEAXQ,2023-02-18,일반
AFSZEPUJZUDS3NRVEAO5MHUCAEPA,2023-01-25,VIP
AHU7IIQ2UVTKGV6WW7KMOU6LTXFA,2023-09-23,VIP
AF76XTK3GUL5U7RJUHCGDNUF6JPA,2023-04-28,일반
AE3AAKFCFKJRKT76B4KMGZGIQNOQ,2023-05-24,일반
AEN6TRUOOVQSGJ2OMP76ATCWQRFQ,2023-07-19,일반
AF6Q6RSLWNO3YXJ3KHFWGSFMU5UQ,2023-06-06,일반
AGCHBCFVIMD5WH4P3TN377OC2LRQ,2023-12-14,일반
AFMKVDP5GTOGGOS2QQ6DONW6SJTQ,2023-05-14,일반
AGQFZAOQEKMAPWYU6U2R2SHO6S4A,2023-05-28,일반
AFLUP455XO2GOJYE3C6XS4OZJHNQ,2023-12-02,일반
AFBWIN5UT4RIRQENPJAL62AWUMIQ,2023-03-12,일반
AHEAXFPNYXFMJKRYN2HHVOOMTHSA,2023-08-21,일반
AHHM6EU3UYNVBOLWRFDKBI5BV4TA,2023-11-30,일반
AHMJFSNRDRGIRQDWA2YMWQOAPU2Q,2023-10-26,일반
AFC6F6TV4AYJGDZABEJF7CBILGFQ,2023-06-03,일반
AFIMXZ6IJBTM5TLCPTDUL5YL6ETQ,2023-03-31,일반
AFR4DPHPUUE5HOH5IDNMNRCEHKBQ,2023-11-30,일반
AH46L3MY3OLQQ4JMDKONNEEHZNLQ,2023-07-18,VIP
AFFAHR34UGZ7SE67ZFHBOPTN7VOQ,2023-06-10,일반
AHRQADD3EE6BOUUETM7PULXPEKUA,2023-01-26,일반
AEHEFYAEHA37VQC4PACWPXVNWP2A,2023-05-01,일반
AEXDJ6HWMOC6SRGLWALYYHWKXDIQ,2023-10-28,일반
AECLJOFG2C4ZUAJUS5JW52OCJGFA,2023-07-31,일반
AFYINVLESD3NKJPONL3Z5Y2QLHFQ,2023-03-04,일반
AFA6NJKGCITRFOYKD2FMBD44UBPA,2023-03-09,VIP
AHMZC6VKUENGIMRG2EPSXG6RH23Q,2023-09-10,일반
AE7RZUVJXGKZLFJIM73AQTSJ6UHA,2023-01-02,일반
AHAXYLDPLJR5KB45YNUYJN6L7RVQ,2023-04-18,일반
AED6534KQCNZBMWINPAQWCHZN6FQ,2023-10-13,일반
AFSIL7CASV3Q2ACX5BE7KDJLWYZQ,2023-02-18,일반
AEIM5O3GZRMQXNPWZU7KFLA5Q5CA,2023-05-20,일반
AHAHC55DIXSRUXGITFAGPVUMWGLA,2023-08-06,VIP
AENJBTR2KDJMOAEQA4AROLV244QQ,2023-02-13,일반
AE666QCFHN4ZT5Q6YSSL7UXCW7WQ,2023-09-26,VIP
AGDLBT3JTXVM7MQMJAMRPW7KSN6Q,2023-03-19,일반
AFRNTHDPSCZ2ZZR6GCJYOOP3KOLA,2023-08-04,일반
AF65AUFKDWACJHKOTBRDRESNCMAQ,2023-04-08,일반
AGD7U6UETXAMSDWDHOSIMIAM3HFA,2023-08-24,일반
AFCQLKM6YD32YVCRA6NYR6KHLZJQ,2023-10-09,VIP
AERWYMLTYEXWK43EV6AZADRVEIOA,2023-05-29,일반
AGY5EGSNGK2VAYOXWLKHP5GX44YA,2023-10-31,일반
AGTABZK5E6233ZGRJ6FKGLWNI53A,2023-03-07,VIP
AFLW52DUWR46PKQCPT6ON3ZC6WYA,2023-08-22,VIP
AEAHCVLMYLKLICSIKCTUS54NVQ2A,2023-03-28,일반
AGOYD5LNR3QBIXOGT3AXVEQJKQIA,2023-03-20,VIP
AHNQK6FOLGX3QNM73O2SRNGL6CWA,2023-07-24,일반
AEDB4HO3XZSRGBOZOKXHJDFH7EKQ,2023-10-06,VIP
AGTBHBUUNNRIVUQ6YS2OGL37CTGA,2023-12-03,일반
AFGPSJTYN4E3AQJH23WKOKD2FZCA,2023-09-11,VIP
AG62ALOQG5SNE6G6BINPN3PFATFA,2023-10-31,일반
AFM6X3COP5XS2MHBZ4FG7WI4J6FA,2023-05-10,일반
AFFFREUP3WNQF4G2XFGWEFUHIAFA,2023-03-25,일반
AHVX4ICC7N4CYLFRKYLA2EMIRS4Q,2023-10-03,일반
AHOBXQOMXSK25FW2L4UU47YQZKWA,2023-07-06,일반
AE2HYLZSTHIFFYG2VTQEUMEZJNWQ,2023-02-15,일반
AFEWFFV3VAMZVILMHJAN4GQRR4XA,2023-07-02,VIP
AGRJZJKWKIE573KM5FWPOH4F7YCA,2023-09-25,일반
AEHV4VOLDQX5XYA42OZHALYA3USA,2023-10-23,일반
AHOZBF2VFWS62WO3XJT73NHAPQMA,2023-11-18,일반
AECYWFZ53SIMOPOKAILDW3VNGRRA,2023-04-10,VIP
AHGAALVLOMKMYOG4JAJALWFSHLCA,2023-03-19,일반
AG6EGJADJ2KCEGGKRPKY2B4MAJMA,2023-09-29,일반
AGVVZWV4QHKHNWI7FT3ENKKKBCHA,2023-12-05,VIP
AHIRZ7N53BSLWFWNEUWYKT6NH6OQ,2023-06-11,일반
AHF4QZVKU6HOKT3PM4JVK5LGQAWQ,2023-02-13,일반
AHM535GPAPUDBMUOQBNMCK4ZSUVA,2023-08-26,일반
AFC2EEGVUB34NVHUXNS7YZDA7JDA,2023-05-14,VIP
AE67YDKU344VENVLFVSPVZAG7AUQ,2023-07-11,일반
AHJ4FPXTAZFVCFSS6452K77MSNGQ,2023-12-22,일반
AHLPEYRZGYC6EPS5DFTS4GKZGTQA,2023-10-05,VIP
AFFTNLRTAYIQKHV7UYHDHCA5X54A,2023-01-18,일반
AECO4Q5ZTTJ4UWRTXXESCF2BZD3Q,2023-01-12,일반
AGP7FT53TVZYTLYSU63C77AMNKRA,2023-06-29,VIP
AFYO7NAUE7PLQZUFAXIANYIKNX6A,2023-05-03,일반
AHJ6VHL36QKYZYOZPWP5QD3H4DQQ,2023-09-03,일반
AHJI2MF55Q5TE6JR2TUNNJXTACHQ,2023-08-10,일반
AFJ5FUWKGY7XDPJOCMQ7EZQYHEFA,2023-02-20,VIP
AFCWD3PO4G6GJVEEMXGD4B3XDC3Q,2023-03-12,일반
AGEUYI7ZTBU6QTOBHLOUNLD2XTSQ,2023-02-17,일반
AEXBFL4AVC5RWOOWW4X5J3RV5MQQ,2023-01-19,VIP
AHIJVXU2LMW6UBF6VPT4BGMBMYBA,2023-09-19,일반
AHFBBCPDGNSDA2ERIF6KEXOXR2GA,2023-03-25,일반
AF6CX2IKLSKGPKRPN6IPOSRFH3WQ,2023-06-04,VIP
AH57KN6LIRGA4AESSXBDXN4IWTWQ,2023-02-22,일반
AEOON2BAPI6B52PB6LYJYVT2POFA,2023-04-17,VIP
AHDV77DE22MRWM57ZJRUBXEH6TXQ,2023-12-23,일반
AGVD7QW2HRVYJ2J7LX4RXHRQKYWA,2023-10-31,일반
AFBWCVS4ZG4JQ7GII3KFL76SMBMA,2023-05-15,일반
AHS7IMVVE56BINTOOQEC3ZDFCCRA,2023-03-10,일반
AEZD2VA4YOHTVUTQDMYQJPI4JGBA,2023-01-11,일반
AF6OFPEK4C4UGOSVFMGRQQOSZRJQ,2023-05-23,일반
AGSJ57EXX26AKQIQRG2I54BSZPPA,2023-07-11,VIP
AF6ES4EHMPNTBDTKJ2RVAULV4QVQ,2023-03-10,일반
AE77S5GV4JXA37SULMC5CYORCK5Q,2023-01-23,일반
AGUT6T75HH2Z5NKTDDIO2KKBG3QQ,2023-06-30,일반
AFXQUHNNILJZMAN3G7SSUXP5DVLA,2023-10-20,일반
AH4WZKCWB4OVUG2LZUAFGWSVS4WQ,2023-01-09,일반
AGR2F7Q2IMX7SXVQ3FE6EKNYPPJA,2023-09-28,일반
AEJF5A6THJTEEMQ567QOL56EGM7Q,2023-04-03,일반
AF4U5DZT3ZHTXHRKEL57ZPBZFF2A,2023-01-17,일반
AFZ3VECWAVRV5NH6BCMVMAN3YO6A,2023-06-03,일반
AFTFOKKNZPW4QEUQGKTB65FF6ZAQ,2023-11-24,일반
AEK4UQMVF6PAOC7IYVVOF3SE7PYQ,2023-05-29,일반
AECOJHWYPDNQKUVPWJ5LW3W4WRXQ,2023-09-24,VIP
AHXO7SHNST675ORXUKNNHR2YKEKA,2023-11-24,일반
AEXCBFSVNHUJQOWGZSE7MC6RBHUQ,2023-04-16,일반
AFKM5QKOTWULFDXK6QVZZMMPOV5Q,2023-02-04,일반
AFB2W25SC4ZEMFT7JTVTW5L5RZCA,2023-04-29,일반
AEWGEZVFD5HWJUZME7IDIL6HCVVA,2023-01-14,일반
AGIX5B6SWYXE6XZKEJEK65LV7ZMQ,2023-01-14,VIP
AHN3ZLP7PTR6WSQFI57Y5MXAOCWQ,2023-09-23,일반
AFQS7QOVM7KTUWEZSVZH4XTGNAYA,2023-05-20,일반
AHTXYVPQPUDA5MCBWOX3AVXH4QKQ,2023-10-21,일반
AFNCJZB5L3NOV4XSU3YAKVBNOESA,2023-12-30,일반
AGR543LEUIM5C7Q3GENHOCAPGEEA,2023-04-29,VIP
AFISEMWSVQU4VQ6RZNXCUSE4UHBQ,2023-08-26,일반
AE7LEUVO5O6WMKYYJRLP4MUZDZ6A,2023-02-03,일반
AHOFRKUB2WPDHQ36EDTFQWON7WFA,2023-06-18,일반
AFWJEGTWPLJFLEMNP6NHQWDEMR7A,2023-01-10,일반
AGV22RRF7Z7DKGS3NVGKRNEVDPFA,2023-05-02,일반
AHPNR55J5NQA5XXTTCGPUOLYWUWA,2023-05-25,VIP
AHT3UUMHP2J4D5ED2J2TLSX3NLFQ,2023-08-11,일반
AFQ3EGHF7CJXP4Y34JIDWCOFQR6A,2023-09-14,일반
AEUAMC5SJIRMWLY4X62YAX4LFPLA,2023-09-25,일반
AE5JHZYLGZRTLGO7DJ7OGLD3NJZQ,2023-12-25,일반
AHNJTY4AOWAXORD6ELSDX6MCYHAQ,2023-01-04,일반
AEG4VIVKNFDYAV2FCBSOHWCVZSVQ,2023-12-20,일반
AHIBQJW27GSAIXAF67PPWDRPZVAQ,2023-04-16,일반
AHRFQ3PYMV7BBVTV3T4KRYULJT3Q,2023-03-26,일반
AEPAKIJPENJDKGUKTVAMOBK2ZG3A,2023-08-02,VIP
AFZUVAVAWLFWHSJD7VW36OO2U5SA,2023-05-01,일반
AEW6PJ6XBMPUHS6XB4JBOQ4RBLMA,2023-05-12,일반
AH3VHCOFOAF2ECJSINLURTIOYRNQ,2023-12-04,일반
AFQLC466OW7RPNR5LJJMFSMK4LYQ,2023-07-16,일반
AFAVAR36WZOZ3TA3WC3KI2OKYJ2Q,2023-01-19,일반
AFG2M2SXTLVAQPPIADLDPE4FCLEA,2023-05-10,VIP
AG4RNET5VB3G2D37WFEHZV764UYQ,2023-01-12,일반
AFNEINFKCBDEN7HOKXHHXVU4LDTA,2023-03-22,일반
AHGEURQ45YJNNNFH5RU3XS3HVOXQ,2023-11-26,일반
AH4IHZ6OEORKRRITBR3OU6LV2RSA,2023-12-20,일반
AF4K7PLAIOCYLKM6GPRXS43XTQRA,2023-09-19,일반
AEICD6CA4XTLZ2ZLKBJ2NQWSAGGQ,2023-05-05,VIP
AFUZ26ZD32I23WLX6MO6UUGYB6VQ,2023-11-03,일반
AHEDAEYXIZIPVLI6HSDRKIGYILCA,2023-09-24,일반
AGLZDJ2IQJQNA35JJLQ2VOEJAR3A,2023-05-20,일반
AECF2E7SAWWCGKCIE7DVMFMDT24Q,2023-11-25,일반
AHASPHQK4TSXX66FVFKWC4GWSUZQ,2023-01-02,일반
AE5W7W53GHU7VOQE7ITNRK2TS3WQ,2023-01-08,VIP
AGGQUNYVRJSUMBI556ZU7NFVAV3A,2023-09-07,일반
AFDS6AED2AIE46CPX2A2QTGIH2VA,2023-05-19,VIP
AFMIEGKNXXCMLWZFOBJ2D377PHVA,2023-05-04,VIP
AGPUPI62IFNLHIAOE66RZ5FVZTIQ,2023-11-05,일반
AHZ5DVZ5VTJKMDTENJO4AZF7E4RQ,2023-08-16,일반
AFTQIPE7G3JCQMHJUU5FJBMP3MAQ,2023-01-10,일반
AEVLJEOZYZISEJ62IBSHVFIOVGHQ,2023-07-31,VIP
AFOOAZDIA5NTHBNJ7SCIHUSR5WHQ,2023-04-22,일반
AHTOWZBM7RQHHVCMS3FQA7XBWSIA,2023-01-08,일반
AGQ2BGDKE2PWZ4Q27KVXUQQA67XA,2023-10-19,일반
AH7OT4IUCAKFYCPJ3SVLAHV7E2YA,2023-12-28,일반
AGONNWZMRQZR2JDLNKFLAK4V62LA,2023-09-10,일반
AEDJK6VC42VWN3SJOPPI4V5HAQMA,2023-01-14,일반
AEPUEHEXXNFRXCCSK4F3VL5ZKDMA,2023-08-28,일반
AFJYPDELIA7MLTKDWYGQSYIGZWZQ,2023-08-30,VIP
AFBKP77TRJAYCQFMO54ZJU6HRZOQ,2023-12-08,일반
AHW6RLKKGIEJSPBA5GGRWAX6Y2IA,2023-05-29,일반
AEE4RPNGOYPSBZXDRDNG5JR7KMTQ,2023-08-24,VIP
AHA4YQ5UYLOP7A7T2KRK6ULD7LJA,2023-11-02,일반
AFJ2JLBLHGYGNKRMGAKXPGKHFUOA,2023-06-16,VIP
AG5EGPN7G64EYA3BQOZNNJI3EROQ,2023-01-20,일반
AEBCZJWGP66A67PNQTG6AIEZSJDA,2023-08-04,일반
AFFTDH4LXE4M5K6ZMJSFFPGBSQ7Q,2023-12-09,일반
AGL3XBRQVHEAAZH4M5E3ATNQV6AQ,2023-05-15,일반
AF7V57LV5NFKILFRLD7MPSVBKOAQ,2023-05-09,VIP
AG56BWR4QA24HMU37HCG7LXA5BIQ,2023-10-21,일반
AHPMTDLBF66SKRERYCJJ64OIT4RQ,2023-09-03,일반
AHSJSRYF6IDDAO3GFP2JDGW7AQPA,2023-07-08,일반
AFHFQZ4WRMY2BZ2M6EPZVRTWARHQ,2023-02-13,VIP
AHLRT2VIZ5O7U6K7UG7P25P4S4UQ,2023-03-27,일반
AE6GNTASF4AF7GAW767UV2OON4EQ,2023-02-13,VIP
AHNKJGN4LTDD3CFDIWZS5XNYZCGQ,2023-11-26,일반
AHWPHJR3F3WBWRACB5PHHTRKXYEQ,2023-05-25,일반
AHLGRFI7QX34GNBZPPXAU3XDMUEA,2023-02-20,일반
AGJBEJ5UYM34YEAF3O66X6ZXMJ3Q,2023-08-30,일반
AGCNLEMAO7Y3K2HRVTJUR46ADX4A,2023-10-21,일반
AHF6WK7M75GMQD5UBU5KL3CYR3PA,2023-02-20,일반
AFUNWCVYZL6R7BTREUZR3HWRTULA,2023-09-23,일반
AGJZZHGM6QJ3Q2IZZAMN3QRM2YAQ,2023-04-30,일반
AHNE2UTXIV6QYFTLJCK7NJQ3UFQA,2023-07-19,일반
AH5PIM77X6TCBZ2GSUQO474JGLZQ,2023-09-05,일반
AEG62TH65UKTMBXY5MS2T7JD3YLA,2023-03-11,일반
AFE3JGTSN4WFROSWXKY5BS2E77CA,2023-12-07,일반
AF4O3IAKZFWV4LN6IOTADZX7OCLA,2023-02-26,일반
AHPA3OCFQE5RUJGCDKC535BV6YGQ,2023-02-08,VIP
AG2AYRDUZHKLWJ3J2OL2K2UTOQUQ,2023-10-16,VIP
AG3B6XNLKK4GGFYPW4JEYBG577CQ,2023-01-18,일반
AGPQHMB6XWAURLOJA57DPCU4HQ7A,2023-08-08,일반
AFQAXRM4XEA72PNIMWCW2F53ISWA,2023-11-09,VIP
AE5VPGHORHY2ZU5RW6B3AEL4CFJQ,2023-09-01,일반
AGHHTIPESD2S56DORYF5DK7VWAVA,2023-12-18,일반
AGNUZ45QI5DHUL6EFTEDFWHH5TSA,2023-10-31,일반
AF265F7UPZDF6O6JA5OZNC4BMURQ,2023-10-25,일반
AH7ATUCWGGF2CFH6O2B6JAZLH3RA,2023-10-10,일반
AEIRF32A5JCOXLBOHRARCTNE6KPQ,2023-03-15,VIP
AGOOI3OO3V3Q6GB74PMJ7HCTB2FA,2023-04-20,일반
AH2UMMYPAYXHX6PU4LADMKJEC6JA,2023-06-29,일반
AGCAHYB2PF6PZ6ADYFBM4IUMHEWA,2023-02-01,일반
AF6YTIKZWCOBJ5AI5DKRWFCSJWTQ,2023-08-22,일반
AF6PBVLOWTG4JSSUS3O2ADTEU2PA,2023-10-09,일반
AGKY5D26F5Z4S4EY7Q2FG7M4QRMQ,2023-01-25,일반
AEM3TDYU6QQQOU6MOR2LYJQMYOSA,2023-11-27,일반
AH7MUE7NGNKQPXN6GNFGRKRYBETQ,2023-10-06,VIP
AG6N6OO4GIHAHRVNERRTV3FJA2BQ,2023-08-14,일반
AGUT3AOM4QV4CVXBGHHRMGYHB2IQ,2023-02-26,일반
AEQM4DMINJG5GCYEMHZBJESHCUYQ,2023-06-29,일반
AFOMBT36JVCMN5RXXPMIO23GE7QQ,2023-08-20,일반
AEQRYFSSX35ZFP64C2CHBDYS7WMA,2023-12-09,일반
AEKYBUI6YRXCCRTV4YZ3WJYPVRDQ,2023-10-14,VIP
AHZGHAB5A4VIMHKF2QTICSYPMJHA,2023-03-05,VIP
AEKJ4CW4KMMDYM2WT5PLCNTRBS4A,2023-08-20,일반
AGP5YURZQ6W2GKYILORIGKB3NDUQ,2023-10-16,일반
AEPAZYTLJQKDOZBSNB35SQF6CMUQ,2023-08-01,일반
AHDSX7NV3NZQB2NZ4RLIOBKUOMYQ,2023-09-15,일반
AEDL37BWW4MEOIJFCGUXHFUQRXGQ,2023-01-18,일반
AFJN6RLNPLI6R42GH7IMYMMOXGMA,2023-06-24,VIP
AERJQGP7X4KVPD26I4WOZDDP23KQ,2023-08-17,일반
AGMHHTX7GPWHZAUTEYQOFEEDFMDQ,2023-08-14,일반
AEJJGJQCIEPL3ZBNULVUVLVKOYXQ,2023-03-25,일반
AE4OWRO7RHZKT3HIJCC6NFJLVADQ,2023-10-18,일반
AFNKAJQG5UVDCWBGEMKQPVUCML5A,2023-09-03,일반
AFPC2CK5YPZDPLO3ETPC5XMMYIGQ,2023-04-20,일반
AGYWGDEV2VA2GXFIOTTX545DCUMQ,2023-09-11,일반
AH2AVPUOI6A3TMI5OK6YM4II7HXA,2023-03-29,일반
AFY65T5MLGBO4CIMHS2HQASXETHA,2023-03-13,일반
AGJ2H3TVS44UM24XPHEXER4AGBLQ,2023-01-30,일반
AG7TH75OM43KHSIXXCFBZF63MNAQ,2023-06-21,일반
AFQJOOGXRMN263F22QY4LZYCWALA,2023-11-05,VIP
AGQXUBN7LJR2F4IMZYO6PGOAG3DQ,2023-12-09,일반
AHGOLGDHHDPHLQIXJCEWKUMBERUQ,2023-06-26,일반
AH2UU7LYVU4G6TLQCQZTE23V72DQ,2023-05-19,일반
AGQB7NBV5YVA7UFL3TOP7HJ4YOWQ,2023-07-13,일반
AEMY4YVWA4HB2I27COY3GVPMIRRA,2023-07-05,일반
AGUNZGNJXOCN7LM2OWJY7ZH4EFHQ,2023-08-06,일반
AECLAPFHLKPUROW3OP3WUZDWVWIA,2023-06-13,일반
AGPSBG5VYA7MJYXUPP4KWCOGVUKA,2023-06-10,일반
AE532GAPNMVN65KBRQWSO2D7ALPA,2023-01-13,일반
AEWHTLRKEL4VW5AER3AN5FWUWOAQ,2023-10-23,일반
AE3USSWYJX32PTYGSCYTNTRCRTQQ,2023-03-30,VIP
AG6AS2KLLZMPPPEKF5RIJXTMA4FA,2023-11-20,일반
AEW6BC4YLRYKI5OZGG2TFQSVNPCQ,2023-02-11,일반
AGJHYTYSBPEBX6DRHFDVKOPUG3RQ,2023-07-29,일반
AHDOOBJBPVJQCWTNVD4L5VIQBBWA,2023-08-17,일반
AGXWSSAGJWT437I6SEHW2DBHPAUQ,2023-12-16,일반
AHP75RDBGYFPLYD5NVTHZMNJUOAQ,2023-10-02,VIP
AFBWWOUHEYFHDWJOE42DN5YWO2MQ,2023-10-06,VIP
AHHRYTCXJYJCRHFUK2EPOG7I3CHQ,2023-09-08,일반
AECYTJD5MC5XGEX75UZY6T64WX5A,2023-11-06,일반
AH2XKE5NKEOBKOJRDJIPNYQRLCTQ,2023-07-27,일반
AEWVKFD6YXNBTHT7Q7CPKAPC4MKA,2023-11-17,일반
AGGDIBNZQHVRAJZXVXAHKBV2Y4RQ,2023-05-20,일반
AELBP2ICNLTZNQ7LRFSLDTGXC2IQ,2023-10-07,VIP
AFGCWE3XJSFV3SHN5EU2N5VXWAZA,2023-02-03,일반
AH44PHVDPA7E2JJWAMVD7ZRPUFEQ,2023-11-05,일반
AH4ZZLZF5JO74MJ3E6WURPHAOKVA,2023-01-18,일반
AE4IRBIAL6D4FWUJDI7G3TDMZEZQ,2023-02-26,일반
AESVEGOP7LNFGOWRU36WVYYSKKKA,2023-04-22,일반
AH2S7L7OVGU76T5ASFGR72DKZI4A,2023-01-05,일반
AFR7VQD5YGYX2A73CJ46ZKRNAKBA,2023-07-01,일반
AE5TFI4AZKIO5BARSWZQCPMUQMTA,2023-01-13,일반
AGEQFLTLLFRSOOMQH4DGWAPT4YWA,2023-12-05,일반
AE5ZOLUY3TPAUBD2KP2BEG2KKC7Q,2023-10-12,일반
AH6MHH7KNPHZPN7D5YSSWDQITIMQ,2023-09-16,일반
AGLWXRPJ6PGDPIN7URZP2525SAHQ,2023-03-31,일반
AHFGSNUXSEGQ4CW3BIGW2ZPZUC4Q,2023-04-14,일반
AFAGO45Q2ZA4UJ3XXHEWFROOKBRQ,2023-07-05,일반
AFS6ULEVQVU2PN6FWRWWBKKFJCLA,2023-09-07,일반
AGDMSEPDHPK3IT7Q737N6Y233LVQ,2023-09-12,일반
AGRGLAA6BU4VXMEYJWIDRM5WLNMQ,2023-03-17,일반
AEODRIKLIM5JTCDNMGSLTRSZFNVA,2023-04-18,일반
AH3B5DMNZY5TWDFIRV76LBCK7BOA,2023-06-05,일반
AG2CU4JHAZYEWQCC7KV4KBLYDT4Q,2023-03-23,VIP
AHT2V4MYATE6F4S62WMMNUAFTA6A,2023-03-18,일반
AHJU5CZJ7KQTPDEKA2URK6YC573A,2023-09-15,일반
AHVIOH2Z7CKWOZFK6ILKPPWOAUEQ,2023-05-07,일반
AFXJHAXEGOGYVUKP4HIERLJCGSRQ,2023-10-09,일반
AEATMWNUKI5O67DEVGKUJBZDATIA,2023-03-29,일반
AEJVMKYFUBDOVBR6ZEUPKQMWCV2Q,2023-07-23,일반
AFM3U2B3HNE4E5JV4Z6K7WD3LRUQ,2023-01-16,일반
AGQAYI2H5TL53UE55XVUIDAMSGLA,2023-05-31,일반
AE42BCXRYURRUEFT4LVAFCIOCDDA,2023-09-11,일반
AGIRPVIAHKBO5TNOXFX6RU5NFBUA,2023-07-07,VIP
AEQUMN77VINPOKTGOIRX6PREJSNQ,2023-11-25,일반
AFWNCMMSDZDDVHVBKKDK4ZK4HILA,2023-02-01,일반
AHCXXOQVLFSHJOIKXMOHUSZJSDOQ,2023-09-28,VIP
AGWU3MU6IYK77TJSYT5UIOD2IC3A,2023-01-05,VIP
AE5DRZFQN56UNHWLA6RSKDLDXU3Q,2023-11-26,일반
AH7G7F5V6NZQTXGNBULKUK4X6UXQ,2023-11-04,일반
AEYISFG3PXSZTUJS67PADHKW55NQ,2023-11-29,일반
AFT2SBIE45E3P46X2VFYXXR7JTDA,2023-06-18,일반
AETRLDW2AUAQJPHLEUIYFEZBBU5Q,2023-06-30,VIP
AGOXIKCKLMADHJXOXLKL2XKPA3BA,2023-06-27,일반
AHTDOMYCLQT2RTXY3HVZBMCDCI5A,2023-05-23,일반
AEUMGPKAO6GBV56NJMU4XM5S76EQ,2023-12-28,VIP
AGCIDEDP2GEN4VHVU6CCSRL6RF6A,2023-09-05,일반
AEON6RS4RYLAMFJWOQSJWDJBIQMA,2023-05-07,일반
AFWWYJNRHXQTUZFSW3YGSFNG7AHA,2023-09-20,VIP
AFPPBTAXYWSCAUMZ7HHCFMF4PHFA,2023-02-09,VIP
AGOI7ZK5ZIOWDYNLON5YENWZNQDA,2023-12-21,VIP
AHLUGCZZZXHB67SYPOESH2HT4J3A,2023-09-12,일반
AEAZGAS5S5WBPYJUXAAJLS6HILEA,2023-05-23,일반
AEXK5CI44U7BRRUHLFNCWA5DIZGQ,2023-08-28,일반
AGJPGWOXW4667QJXNDCLUWWVZTBA,2023-08-16,일반
AE2MJ6XVIE6OPT647IMTCCL234MA,2023-12-07,VIP
AETN24LLRWGF5EUGDS4FWN4E7REQ,2023-07-17,일반
AH7J22T7AJRXCFHZF7RUDX63Y45A,2023-03-06,일반
AHLIRBDDRJKUSNTL66OD3252EYZQ,2023-01-11,일반
AHGKNJU3CXZ5GCOAJA7JCXNZ5RCA,2023-04-18,일반
AEUDZWXMXFOP2BI5WVK4S524LYKQ,2023-01-26,일반
AGQTOEYC5PUD7R5RGXHRNFQ3BFMQ,2023-05-31,일반
AHAAD3NPHK6M6MFXLOIIVQSQQBGA,2023-08-09,일반
AF3VI65IPCL746N6XDAW4FYVH7CA,2023-12-07,일반
AGG2SNNR26KGUIFF6ZH32A3WZ2AQ,2023-08-25,VIP
AEOHEAX7CMT7YK37DNAOQVUAZZ6A,2023-08-25,일반
AHEBE2B3ZMN7PAIBT73AZT4IS32A,2023-08-07,일반
AFE5CGE2HOEQLDT4X763Y7SR2OCA,2023-05-31,일반
AHXWSKIC3GD2ZFTM5JW7ANXAVSIA,2023-05-03,VIP
AHUQZSYH2QVXKCFOFZAEQ5XOJTVA,2023-05-24,일반
AFCPQ5WS6XHYA7PKRTOCC7TRJWHA,2023-07-08,일반
AF7NY3RD3X3ZTH7D5TZ74YPNJW4Q,2023-09-12,일반
AFLBPRZRXYFOHOTCHPTFLPZCQOWQ,2023-03-09,일반
AESL35HFDQN4QCKVN7DNGPTWU5XA,2023-04-14,일반
AGCKE42DFD6N3V5WX7A7XYTQ7Z2Q,2023-12-02,일반
AFNDA4W6XZFIIS5RLQWV27EYZIQA,2023-06-08,일반
AGOIFSKTNQK2PNBLRMNUWFSKXNEQ,2023-11-05,VIP
AFQOJDCRZINCCHXU37K6DCIB6SYQ,2023-12-28,일반
AFM4A33L64TPLILW4OHTSKRZR3NQ,2023-10-27,일반
AH6NEABVASSTXS6RPML55O5X2L3Q,2023-03-31,일반
AEIPEUCNAW5ORUCK4KND5X5I3DUQ,2023-12-23,일반
AEZPN2FXQGKONKQKDSREETOWTLGQ,2023-09-13,일반
AGHXXH2FWY3YF4MB2EKX6RFLFBUQ,2023-12-19,일반
AHNMAYXQ64DDKZWPIIHOFX7UM7YA,2023-08-08,일반
AG6QCT5IZMD5I4TMLCLTKM3LQU6A,2023-01-09,일반
AFIQ2NB5ZBTPFZ5JYIRHDLJGBQKQ,2023-01-12,일반
AFTCFSIJBGKG45IQBJ4Q6WUUYGRA,2023-11-21,일반
AGLB4RAINP47QIOGR6K3BVGB6PVQ,2023-09-01,일반
AGIMXHQLEPJG6FIWJMBJLC7MVK3Q,2023-07-01,일반
AHUR3WRNQOQ44GWIBTXRYLF6UTAA,2023-10-11,일반
AHW46KPBJ44BLDZYQTJH7QTN6FSQ,2023-11-08,일반
AEMR6MDZJREXTMBCB47HWPCXCW6Q,2023-04-09,일반
AHHLBBLNGWZWIX23N4AQKFS6XXAA,2023-07-16,VIP
AFOBDH2OA23THZ46QVAYYN7IGF6Q,2023-08-14,VIP
AHAGHWROWNW4HLHX42ZR5R6KWG5Q,2023-11-29,VIP
AE3TDTXNYRURNBEATXHSUB52QUQA,2023-04-13,VIP
AH6TJ2BWPQEIN7ZGCY7AC34W7EZA,2023-04-16,일반
AE5CXOIK2XJRKPRSKOXHICJHG3UQ,2023-12-31,일반
AEMURPMQFSRYZ5R7IKBPIGUEES2A,2023-02-27,일반
AHIV6ODNO4FNGOPKPP3HBN5O5X4Q,2023-03-19,일반
AGUOJUMISWCWPU7XMVMFQJKZ6OKA,2023-03-16,VIP
AEXWFPDY7TBIL3CFRZO5BEHA76IA,2023-02-11,일반
AGR33RA3JZDOYDL7SJBWTHYKLZHA,2023-11-20,일반
AGKBZLURQIRK76CSDFFRHIZSUXOA,2023-06-30,일반
AHPJA5BHHKC6VNMIPWMB3R66LXGA,2023-02-02,VIP
AGV6QTOYJLPJ64XHY7VR6NKFKHVA,2023-03-12,VIP
AGBJOIF64YPNCYBN3MWABUMRS46Q,2023-02-25,일반
AG3RH7VYVL25QFOCSWTZLBLZIV2A,2023-04-15,VIP
AGPNW3GNPQBPFFAZ5BREYIKQNFOQ,2023-07-19,일반
AG5G7QG722YPXMDLWSEQUVDKDXXQ,2023-04-11,일반
AFRXET3VPG5BJ5RK7GV7BNWOG5AQ,2023-09-13,일반
AGF4WOJV2GZTQSBHWSMDHUABDSIQ,2023-11-03,일반
AH5EDRMYEIINDSSSX37FROCR4NNA,2023-03-15,일반
AFXYPYAOFDHWH4CXSBUVX2XXIOSA,2023-06-20,일반
AETDHNM3DCXJJ6K4AFAEHZQAVG2A,2023-05-23,VIP
AGMOIWMV5LM33PKZWDSGNS5EZ6ZA,2023-06-15,일반
AG5FGOJE6CG3FHJTE2PNPHOGUJHA,2023-09-18,일반
AFUCLN7AM6VIDFUUQXMEYHHMJOTQ,2023-08-09,일반
AGHLLRQQL3VKZBE426YJLNV5UBDQ,2023-03-24,일반
AHPLUXRCABZUIN7AYXOQFSSBBYAQ,2023-07-01,일반
AFDJPDX5JZEXUIAHIPEIVN2QYMQQ,2023-11-03,일반
AHRDA66XO63XYCBZJMW4EUJN3BFQ,2023-01-10,일반
AELE2SOO7LBNHXU7UK5F7TGQHA6Q,2023-01-04,일반
AHAVCLRCPYO2MFYPTURF33N7XH5A,2023-12-17,일반
AE762UDUDQPW4R4QHHTIL7TPTJUA,2023-12-02,일반
AEGZSJIUSKF2EKIKGLNKY2CU6WXA,2023-10-19,VIP
AHKRBVYCV4TUHOZIMGK4H55YGMFQ,2023-10-08,일반
AEDCUCVJEJKQWJPNYA4E5HMQ37TA,2023-08-03,일반
AGLUCMLVY27OWWYXIGYS2ANHQCTA,2023-04-08,일반
AEVH7CTRMGVDXTUSLCLNTRQHHIPQ,2023-04-11,일반
AEYMUCM7BPOU5UZ3M4KXIDZUZHHA,2023-01-09,일반
AEMIUWQVFEJISDZFQXUQCKHDZMRQ,2023-03-02,VIP
AFAYV3BQLC3AXIEDILXRGIRHZWGA,2023-11-05,일반
AHMQOU4PLYHFMMN2PFQ27U5F6ABA,2023-05-26,일반
AE5TYL3HV3PPD3BRG5C5HJO6Z2SA,2023-03-04,일반
AEEBGA5NPM4BZ2UVJYRWPZVHZTVA,2023-05-01,일반
AHCRBWWNGNOH5TPA67UMTUK7CSTQ,2023-08-14,일반
AELCFPVIRUQFTZXUH25AE3VI3EPQ,2023-04-15,일반
AFJYBPSS4S2VWIFDX3BWJQJ7OFNQ,2023-09-17,일반
AG72XDX4CZHFNILZCIKRN4AMP2DA,2023-12-15,VIP
AG7OKZNOYUX3PEFWYNO3WLKVH6MA,2023-09-12,일반
AFVP7U6OD4IODWNS7TFARV6HS6DA,2023-07-26,VIP
AHEO6VCLJ4UDPSPS4TVOXU6I53RA,2023-01-28,VIP
AH4EIYQSOUXMOZRLMOJQ2K2RUUXQ,2023-06-19,VIP
AETKWJBAYZHLXKZO5UIVI3SZSLGA,2023-12-02,일반
AH25XUAOUMID775S3CGKTD4RMSRA,2023-03-17,일반
AFSZFJZYUT57KMK4OOFADUGFLKSQ,2023-04-26,일반
AHNNVMOSRRVE4357H7KC2YFDZCYQ,2023-03-10,일반
AGI6274XD65IINWKDRM324KZ3ZSQ,2023-12-20,VIP
AG22QSZIES6VEC3IVAGKQD4N7WHA,2023-08-22,일반
AHFGWOU2ANAHIK6VUKI267DZO5PQ,2023-01-01,일반
AE7JCA7MTQHV6XTNF2NQFH5DG6KQ,2023-06-16,일반
AHKW2FPVJKYDYZOTMPDW4CIXUHLA,2023-12-18,일반
AF4PTAVL6VZB5QTMNHLKUQ3LMZLA,2023-08-06,일반
AGI4BM5ZRGDD4KB3QH72FI37ZKRA,2023-09-30,일반
AE26ZTVZB6CB4VML6JSTYTL2QG6A,2023-09-08,일반
AGLRTBQ52OBASLMH3FAS7DJDB5TQ,2023-12-13,일반
AHKTDBCHIOLSIJYHGICL222OLCCQ,2023-12-10,일반
AHQ6EYMJ7JXCKR4O6EDJ7P7FW77Q,2023-06-23,일반
AG6ARD7AF2XBUTKPW35SH7ACMJOA,2023-06-19,일반
AHP7P3UVBYKC36AWMWNY6V7UTIQQ,2023-09-03,일반
AF2CSPPKO2SSBDRBRGHC45BWIELQ,2023-03-31,일반
AGW4JUROHW7KRFM5ZCC2JNH4PAXA,2023-02-18,VIP
AEW6W7DN3VIG44QTVU52ZBJOFH7A,2023-10-21,VIP
AFU5NZ6LAHLUZ5OGIDR42FCDQAGA,2023-05-30,VIP
AEYJ3DHU5M5R322RG6PCYUWWCXDA,2023-05-12,일반
AG4FCICECZZK5SGKS5PG2PLFSVPA,2023-02-28,VIP
AEPQQCHQYPREFBONFIWGNSURTKCA,2023-11-20,VIP
AGKQOL5HGTYAK4XZZA45NTA2UZQA,2023-07-18,VIP
AF7QK5FHWPIIYYCVERDUJEZYTSXQ,2023-08-03,일반
AERRAASKR2QOMQ2YNIKRDQHAQGMQ,2023-02-18,VIP
AH5S5HEUKPD2ZLHBH5XQFJRLLRCA,2023-08-20,일반
AHB4T3IC5YTSPMCDPFBABXVV34HA,2023-09-04,일반
AFR42H36VEYD3J2M5QXO2MV5B4KQ,2023-08-27,일반
AHKTL6AK4OY3ENQXT4IEV7SBIJ6A,2023-06-17,일반
AESQ6MV2NLTB3NJ73LIP763MMOCQ,2023-02-17,일반
AEAKZZZKAZKLEAAUUXG7QOL3XCQQ,2023-02-20,일반
AHXNEJ47QV434CJ2CITRIYTIZFDQ,2023-10-26,일반
AHT3RLKKTOW7PESASK7CIHLSVNQQ,2023-04-08,VIP
AHHUO6DFK2PMMQW22NZIN5A5YSYA,2023-08-04,일반
AERLNQYOTBYWZCP7AR3TNWATIFHQ,2023-06-26,일반
AGWXF7WOR6H5UC3A5PLXE3FXJQEA,2023-03-21,일반
AHXKOJKX2Y62E42WWVLND5YDZARA,2023-07-04,일반
AH6OEO7KA4AJEWCVSRGJAP6CGANQ,2023-01-27,일반
AGNMKLX5ADDTNPRKL77V54XNL5NQ,2023-07-14,일반
AEBZ2HAXFK35IM72RWPADC7VH3EA,2023-08-02,일반
AFYJKU3CYIDTCWXSROBNCJYVGDVA,2023-12-08,일반
AEJY6YKEUDBOG6TW6F47ZHY4SRPA,2023-04-24,일반
AHOOFKHRAB2AOMAVEHT36C2N2ULA,2023-08-30,일반
AERTQHHQOMTDNYMD22NPY3GBBM4A,2023-05-04,일반
AEYA5Z6OAFIGPU5MHDGOJRJFWIBA,2023-11-01,VIP
AEPVJ654JP5LWKT3REYOYCIROB3Q,2023-03-17,일반
AFLE4CBGWA423HZGZY3AYGMCR2AQ,2023-11-07,일반
AGYUFQB6WUOMBYRLWNULRLC4GQ3A,2023-11-08,일반
AGREWD4V5XIIO7ZZSLOOF5PPW4RA,2023-07-15,일반
AEDTSPMMJN5UL33AYZXSBOVGMRLA,2023-12-17,일반
AECEPMMYOPFBE6SIVWQUSUHHAC2Q,2023-02-13,일반
AHO4TPXF2JLVKWJRV2IDP3OD3D6Q,2023-07-05,일반
AFWU3N2B6R66Q23QYZUC527E2BBA,2023-12-09,일반
AFEF4DGU3HTWTOL5DUN2XDYHMCVQ,2023-09-03,일반
AHVMXVNSDIZJWJFWWFU5EXRN77SQ,2023-03-25,일반
AFZESR4UNHIMTL2SQMFA3FJYKHAQ,2023-07-26,VIP
AF2KW5BVHOC5TMH3ZBVCRSG4CCBA,2023-05-31,일반
AH5A5LHF3QDSOP2C5YV5RI5SFY7Q,2023-06-05,일반
AFJUTJ2OOOMAALQVWF4NJHMWWTLA,2023-01-16,VIP
AFBO7V4C5TDYJ4VCEZTNK3JUAL4A,2023-06-14,VIP
AFEUD4GVTU2JV2PXCSYQE34CM6FQ,2023-05-25,일반
AHFCHZTGIW3H765BOG5UQ4CS5B6Q,2023-02-06,일반
AGD3DH2YTXYUU3D2AHBH2FOW5BDQ,2023-11-29,일반
AGT6US6YWB52FSW73Z6GUN4YKLMA,2023-02-14,일반
AHNK645M7U3NYPVYHTVX7LVQAVLA,2023-07-25,일반
AGNLKKB5BQFDZ2VIJJFRUROTMQMA,2023-03-03,일반
AFNV7NMTHTVCQTNUZEDQVTJEXU2Q,2023-12-22,일반
AFPXQFK4SWJN6QWFRHOJ6DWMEVVA,2023-11-04,일반
AERYOOEJHPM6LGMKD2LIKMGODTHQ,2023-01-19,일반
AEWJA5C73VCGFR4HX5TOUINZ425Q,2023-12-31,일반
AGB3FQ7523INWDNY3MAHJWA5ZGIQ,2023-10-27,일반
AFOLHTLOEWQQPINOVOOJ4LKDV2WQ,2023-01-07,일반
AEUF4QR7MJKENC3HLTNYAFOHZKXA,2023-09-06,일반
AHMB26HGLHBPKSOH3OUNWCBIQCFQ,2023-04-27,일반
AFSLUKKF3K7FMWODWA6LZ2ZVTWWA,2023-03-09,VIP
AF7GR2MYNSFD4CNYGBK3FANOGQ5A,2023-02-03,일반
AF3WQWGNYVESH32NWB4I25WPG3SA,2023-07-13,일반
AFWXZ2W37J27GZLU6RBZZRVJYQ3Q,2023-11-21,VIP
AHFILHSL3P3VABTMFUYKAWTNUWVQ,2023-02-24,일반
AHLGS6FCOG5AUP23U6ZJRXES7DCQ,2023-09-23,VIP
AF5LVMOSEJ52KWFQDNEI2XXPAMJA,2023-02-11,일반
AHCJSKRROLBCRT5CA6NDKVJMWSOA,2023-10-24,일반
AGDRSRFFX2RVEHUZJXQTXGRZ3NWQ,2023-08-19,일반
AHMLLF7BJZGHT4BUAPH6OBOSQNEQ,2023-01-10,일반
AETGK22TGIAO4WZO4G3NPOBRLXCQ,2023-12-24,일반
AF3WRE2HEDELD4RT5IV3W3OUIAPA,2023-05-08,VIP
AFEJIT5UQ3HEOL3DZC6L6KYRV3DQ,2023-06-28,일반
AH2J64YFD3HW5OV56YJNQLBQ7XIA,2023-07-12,일반
AEPVJN4BS557OWQY7AGNBVHR2H4Q,2023-04-02,일반
AEPI6CAH4T4LF32FXJI33XSGKVXQ,2023-08-19,일반
AHOVCDT2KUT7CNKNFGBXKUMKXRWQ,2023-03-19,일반
AEGORIFOSXK3ZKHWQYU6C7D5XKRA,2023-03-26,일반
AFHCZWXABRKQE6YBEDF2G5OEYQXQ,2023-01-30,일반
AGWLDQYVEJM4TCX2OZILNDABY7UA,2023-08-01,일반
AEUGPJCYVDS74WR3B5AAHYQ67XMA,2023-02-18,일반
AEPH3KDGWVA4YF2X5H4KC3MMK67Q,2023-09-22,VIP
AHF7EJSIX2PYEQKA4EF3OLMPI6SQ,2023-05-25,일반
AEJ63C77IP6XR6EZNHFYI7KN6BCA,2023-03-10,일반
AGY6MPTJJNB3OV4PE3HOOYXG6IXQ,2023-02-27,일반
AE7JD7KIAYTAFPP35NQ7YUJF2GNA,2023-07-04,일반
AFXKLQI6SM4PUEQO7CJQ3G53PKOQ,2023-03-03,일반
AFI4YEGCYKF6Y5UN3GHY2AKCQYHQ,2023-11-04,VIP
AEFYJ3VKDQDLXLOEH7TKQUXIT7HA,2023-10-23,일반
AFLARMOT32PZ5FPIILELCOKTTCWQ,2023-06-15,일반
AERLEJIKGVDMADHIHSA4DVMEJUGQ,2023-06-20,일반
AEDK7NNC32QPIBYSPK3J4OFILH4Q,2023-03-04,일반
AF4NZ4IE7EJVM3TNU3EWWNTVVPTA,2023-05-27,일반
AEOSZOOLVIL7K74EVIMKO7G6FG2A,2023-11-02,VIP
AF4O4LUZMCTMSSHA7Q7DJNUIFZZA,2023-06-10,일반
AE7H55TQ6WG5UBHJXDIJXAZJKCIA,2023-05-21,일반
AFIVMIYDHVSWUJ77XS632R7TSN6A,2023-11-30,일반
AE5PSEM6HJVUV5QNHJVA7RRSLNVA,2023-04-07,일반
AHNWJSDCHTTUYK5WOJBU2YKTR3IA,2023-08-09,일반
AEKDDCDBJEPCINQLCPOG33CGEZ6A,2023-02-12,VIP
AGMYHDB65TQJ72JNLCDSU7RTYDFQ,2023-10-19,일반
AGYELK56Z7JKZAKVNPGUEI4TGRUQ,2023-04-18,VIP
AG5CGZYQFXZAC3I63JBZ3K424DRQ,2023-09-23,일반
AHNWVF7BXDF76ZZFCIHJ4WW4CWDA,2023-04-05,일반
AG23E67LYRJ6Y26AIHNKS6ES4OXQ,2023-09-19,일반
AFT6TQLA4GD3L4RAOWFVDAH3IFTA,2023-11-09,일반
AE42ERTVDMJOMKKWUM2TY7O2SPHQ,2023-03-12,VIP
AGL54U42PQROPV23ORMEIR6HZNQQ,2023-08-07,일반
AELYVI5NYV4RAW3MAGJ3P2GX6MLA,2023-01-21,일반
AER5GTDM6DHXOUD4KBSKYYYWX6AQ,2023-04-02,VIP
AGSJPBY7DN7SSADF42CAXHTGNKWA,2023-05-07,일반
AFSG325V4OVLV4CZQO3Q4OIHYNAA,2023-03-21,VIP
AEFIFPUVWYO3I3N2P2WD7XLI6MXA,2023-11-08,일반
AGZA77NZOFDILVEQM2OA4JCW6YAQ,2023-08-26,일반
AEZNI2AOOQKK3JT2BBLMNAPNYJCQ,2023-07-01,VIP
AG3XIMGKJUIAVY5V3MVT5EQU6W6A,2023-01-25,일반
AHKW7DHRIBCVNG35XNH6SEJWI5EA,2023-06-05,VIP
AHAWKE7CIEPMX6PGO6LF6UNT776Q,2023-01-05,일반
AGSA2QU7S2ACENHUDHPQBHRZTIHQ,2023-04-30,VIP
AHTJVOG52ZROVUFB64P2TTWIUCYQ,2023-10-04,일반
AFWZ75RYXU4BLWIZOEUMOWBSAPXA,2023-01-18,일반
AHACIF5SS4LL76SN3DNBDFNZQSHQ,2023-07-17,VIP
AH2E7TXMON44B7YYHRAHWJ6HYFPQ,2023-02-26,일반
AG4Q3J2BSPCZD6YPMZ5FFE5A623A,2023-04-03,일반
AH37YFHELE7WDG7Z4C4HQWFY6DTQ,2023-01-19,VIP
AFKYOQD6A4YUIYNDYWHM27QXER2Q,2023-12-19,일반
AE27QPJRG7545VJX7LYRK2EO3I4Q,2023-07-12,VIP
AGHNV56OVDCREEB45JCJLBST7XDA,2023-08-25,일반
AFVD6HB7DZDVOBDGJOB5OD5HRJFQ,2023-10-04,일반
AGGWFEEYQILYSQ7RS7GPJSTUWU7A,2023-08-15,일반
AEAS3VMYYUY4TJIVXZRHM6G6J7VA,2023-08-21,일반
AFGTTEXEMY2JB5T2LU3VKLX2IOMA,2023-02-09,일반
AEIJPU4PXM6JZM5QZSZWUPLV5I5A,2023-11-19,일반
AGEVYFS5HUW4XJWULHXIHHWYOQCA,2023-06-02,일반
AETUVXSYNBLCDT2ZXECIXNWDVCEQ,2023-05-07,일반
AGNQO2QCWQX2CZT5KHHSNQVDD4OQ,2023-08-25,일반
AHBE5ZXUIVBQ63F4YQRPMX7RPATQ,2023-02-24,VIP
AHBFNBEGK65M56REIXOVXEBAUBGQ,2023-06-21,일반
AHIFF4JR45VFWKDINQEHRJNWL3CA,2023-04-19,일반
AGBKPIZT2ILBXHFLJEQKBPAJEO2Q,2023-12-20,VIP
AE3LGSXHC4DSCKB6JNXLAHV5KUZA,2023-07-03,일반
AHQXBLF3NC2JI5LCO7PUTYQMICJA,2023-07-17,VIP
AF67LQRZS6WAY2MDTZEV7V5VKLLQ,2023-03-28,일반
AHCI4YNJ5ZX4GMLKZMRA5CVQPRHQ,2023-07-20,일반
AH2PQ7GHEBOEWANWP7BA4U6OIJGA,2023-12-03,일반
AHKOD27G2AIJP3DK46K55BDZELGQ,2023-11-18,일반
AFPQDD3DIPXU6C3Z75XBYUVWTH3Q,2023-10-02,일반
AG5IEBFXQTBJ4OY2YRIDGM5T53WA,2023-07-30,VIP
AEG3FM4NNSWVGPQKTOWSUWD5WIRQ,2023-04-28,일반
AECK2OJ3MXCQOGMEUQOFE6NDAU5Q,2023-07-10,일반
AFRKDBJPRCMNG6TYZHA3WNYGCQHQ,2023-02-11,일반
AFMUGZSK3VORG5NDNEGPIP43M64Q,2023-02-11,일반
AEPIQC3KWAW7KJEW5ITDNPQRLWOA,2023-11-11,일반
AE343V2CIFDUDQORRTJSRI6PXNYQ,2023-10-03,VIP
AHAPSYB734TV27VGJABANCXUCJXQ,2023-11-25,일반
AHZGL7KVNWGGBE7Y6SHNILECWSFA,2023-01-17,일반
AERJ6EV2HUDZQHWL2HOFZJYQ4GEA,2023-10-10,일반
AEIDEFLG7JQYBGDO37SBXCH7B5KQ,2023-09-15,VIP
AGWY7U4YUFFWBPLEIZ4YZWS3R6WA,2023-03-04,VIP
AH3HXCEWLMYQAPX5RIUV3R4ULFHA,2023-03-03,일반
AFWDYM3RGZH3ZTQI6VVBUGPWMBWQ,2023-04-10,VIP
AFOFO2Y527YK7Z6NVB2U2VRO5XCQ,2023-01-19,일반
AFR3M7QXD7ISIXY5MTYRP375RPKQ,2023-01-17,VIP
AGTGOOPKKZKNNZTJPIXAFO7MGBUQ,2023-11-21,일반
AF4ZKGB6HT37NGYK4C6VZX44NTOA,2023-09-03,일반
AGXLM7AXU7V4W4OQ3VSKDHE5D3JQ,2023-09-08,일반
AGLJPQA3EFCU25WU7YUBUQR7EVAA,2023-03-22,일반
AHZNIOL2ID4R7NAEE4BOVV3TOTSQ,2023-02-08,일반
AEHQFXO3FHGOI47KAVTBR4CKSEGQ,2023-02-05,일반
AHXRHYRPN4MICARR3YECLYRGKMFQ,2023-07-16,일반
AFSQYEXGBU5QTKBRQV5367KAVECA,2023-06-07,VIP
AFROPZ2OZBGFDAOSLXX3RSLV6C5Q,2023-07-23,일반
AFSSX5G62IXDDJPIFOQ5CEG6R4VQ,2023-07-15,일반
AENFDXWEAU44PPUHUUVPYH77NQOA,2023-08-04,일반
AHESNAO7PLB2VBKKKSFAHWBEA4CA,2023-10-12,VIP
AE4HN6JZ6ZJYA2ACUAOQIUXSP5FA,2023-07-15,VIP
AG4ALUK7YMBO2CIH3UPELENCTIYQ,2023-11-03,일반
AEIONG3VGVATP3YQSMWU4PZBE3UQ,2023-06-01,일반
AGOAPHGD2KXRK3K6SX7ZP3BFF2DA,2023-01-14,일반
AH2EUYDH6AHKHEJJLXBYOEWMVDUQ,2023-11-21,일반
AGY6ULRZMVHPJJPB2HEISF6GHD4Q,2023-05-26,일반
AGZRM2RWS4THP5KLEQGH6NRPQTDA,2023-02-26,VIP
AGP6HZ22S4GEDJXBDIPCABFZKPZQ,2023-07-30,일반
AGJWCWD4TCORDXCAWBAEDB5U7RAQ,2023-09-25,일반
AFNSWAGDMRM6X72NFEMXXYC7LJQA,2023-07-29,일반
AETK27O6JGFTV6NL5CEBS2ZFWP6A,2023-01-17,일반
AE5MYFZ4IHAZY7EEV6IIXV7RPLTQ,2023-10-13,일반
AGIWVZOMLAEWR65TNHRDLWKLL4OA,2023-12-10,일반
AGBI6JFU3QTM476FG362LU6SH3IA,2023-07-22,일반
AHEE4KV3RGGHWUXGCNXJ4DMKM53A,2023-04-09,VIP
AGEUYT4DWSJF64CD5VCFHPX2VMGQ,2023-10-06,일반
AEBHZXZIBEHNBKLIAYNXWBMDX2ZA,2023-07-28,일반
AEFDNKBBMU2WUSR5PXNGKH3RVGZQ,2023-05-09,VIP
AG5M6CPA43SQPDBTR6UHVIPTRFIQ,2023-12-01,일반
AHREJM66P5NGBJ3674WM56ZTHF2A,2023-10-15,일반
AE2CMOCWNJRTN53KESNTBUNXV37A,2023-09-09,일반
AEDNFIJI2HDWTA4SZPMOVNEHPKOA,2023-09-22,일반
AEJS5FT3PUYMZ27UQBFICD2YXDQA,2023-09-28,일반
AGJKOP63VWH3PLV46FL33T3AAMZA,2023-07-07,일반
AFIXS23I6JWYAYRYKIQN6XQ5DNCA,2023-08-02,일반
AFT5MTRDID47T6IFK3WZKMHPL3GQ,2023-10-10,일반
AGOFMGGVERIDKNPHMFBODPTPJ5YQ,2023-07-30,일반
AE5RKE23GK5T7VQBYKSUCUIHPMIQ,2023-12-31,VIP
AHH4RVJIROHTEVGRWPYUX2SUHUBQ,2023-03-17,일반
AFZ2YKWX4KR7MWSA6UOMEGGHT32A,2023-05-28,VIP
AEP6WZ7AR6XDQSBFSQRILJOUWYIA,2023-11-17,일반
AHOOA3EKEVKQGQAVQE762YGB5KPQ,2023-08-01,일반
AH2CHLPBROIU447VRDW6K6DE5TWA,2023-04-19,일반
AH4H7RTFFSOM4T7YUCTXGIKLZEWA,2023-05-09,일반
AHPGXSE3AFIV5HHD4Q4C4EY3X2KQ,2023-01-10,일반
AEQEH72IPVWNOQYVPL3FMKPMSRBA,2023-02-16,일반
AEJALL3TNEOIEEC5G3VCPKZVCEBQ,2023-11-11,일반
AEKB7MS4WMERS6DHWXCANJ5TPTRA,2023-04-06,일반
AGQYWUEUFKLJUS25GTEV25GOXZUQ,2023-04-13,VIP
AECXYBWM74VM7PE44MKGWPPLUPMA,2023-12-08,일반
AHP67WDPXUM5SNLJEWOQWUM2LWLA,2023-05-26,일반
AHASFHQCZH73IANLGF6IXB2B3O7Q,2023-01-27,일반
AFZOF5V4W33EHJ3VL42U3O52ZIWQ,2023-08-08,VIP
AGFCF6HSB2SOWHPEQDVQPWF2OSOQ,2023-01-18,VIP
AEUXMKJNJJBXOKFC3FADQRG2OIMQ,2023-06-16,VIP
AH4XLMFRDKQPGZUWFZPCO5CLNVWQ,2023-03-23,일반
AEFCRF3XKSLRNEZ35P6P4SCLGIPA,2023-03-13,일반
AGAQWV5XLA3XNG4ZUSPCAKWDKK7A,2023-11-06,일반
AHFQD5KRJY7BD46B7QVH6J632T7Q,2023-09-11,일반
AFVYO2JECMG7CWP5JCMNWSIU5B3Q,2023-06-11,VIP
AHVBDKH2WQYS37WL25RFWGDSLLDQ,2023-11-23,일반
AE5FLXF7GOUMGRXJNSX6UBK4SVNA,2023-02-07,VIP
AHVHHPNIDA6XPCW2ODA2IHXUHZYA,2023-07-20,일반
AF2IWKFSVGHOYJKFBTMNDELPVFVQ,2023-07-19,VIP
AGB7UMNSKR6R3WD2NM5KY7S6W57A,2023-09-12,일반
AEOULYDSLLD2FVDNR7WTWLQFRG7Q,2023-06-28,일반
AEW2QMVUPCPVEBXBZXT6GXJ7T4CA,2023-02-04,일반
AHTIXIDXG2UN6WNFRRMQ3VLNU2EA,2023-03-23,일반
AGI7FLR5BUYXHCEJCWGQPYKFSWXQ,2023-08-08,일반
AFI5ILRQ2722AXN6DPUEV63DSY6A,2023-06-07,일반
AGTDSNT2FKVYEPDPXAA673AIS44A,2023-01-04,일반
AER2XFSWNN4LAUCJ55IY5SOMF7WA,2023-06-16,일반
AE3MSW6H3AL6F3ZGR5LCN5AHJO6A,2023-07-23,일반
AG5OL5WIIPJBY25HISJLM5K2UBTQ,2023-07-13,일반
AGHFSIBYVYXUGSNYUDAHBGOIZ3KQ,2023-08-23,VIP
AHYH6AZT3U3U44CDW5Y563UYIIUA,2023-07-25,VIP
AFLOAOURRZZZGFBF7F6IKGXRB6NQ,2023-05-30,일반
AGNWBYEVAIII4MPQNKN3LFVOHYZQ,2023-06-08,일반
AFMVVM2AXA3WHTC23D2ZQH4YUTZA,2023-10-06,일반
AEQGRU6X2E3PF6OHP7HL7ZVTHOTQ,2023-10-31,일반
AEB4KX3FFG2DE2Q5CNKYTOWP5CBQ,2023-06-15,일반
AEASTV5BKJJIYW6WVS6JUBSK4MHA,2023-11-07,일반
AHQ7UT4SYDQMQB6DJDBVVHQBCXXA,2023-03-09,일반
AEZFDGHBWLHUXOLDPVNS3UERDNSQ,2023-03-29,일반
AFPMGJN4SHWHD3DBQBS2FXGBZ6TA,2023-08-05,일반
AFHT3WYWI4DB6Z42VVJZQGFFNIZA,2023-01-01,일반
AFSHYGNQHXNKBEXS62GRETNGH3GQ,2023-05-15,일반
AEZVJENT2FC3K3MKMIB4ZXDWNDPA,2023-07-04,일반
AHUKNKB6OS7JE4VQCHKF5363DOKA,2023-12-17,일반
AEIETT5YH6XRP434INQB4KSDMI4Q,2023-05-20,일반
AG7Y3XXKXV7O63XWG4Q7FKGNR6LA,2023-04-16,일반
AFZCNPDZYVYZCJ2JE5AH4SKJ7WQQ,2023-05-13,VIP
AF7PPF6P5ZASHL4RYP7AZQBHRRTQ,2023-04-18,일반
AHSCASHEA5LLVORCEIHZYHNTHUMA,2023-06-27,일반
AEKWTFXLMJ5IK4T2CSJT2AY2CGYA,2023-10-25,일반
AHDL7PIYXZ36YFNS7NBPEFD3WRUQ,2023-12-24,일반
AGFYVS63J2YEAO7NGQCRW3TTFB3Q,2023-12-25,일반
AE6VPREPQCXMNBLLF3SDM4ZWRSLA,2023-05-26,일반
AG35AFPFHGMNYSEFQYN6USFG3FJQ,2023-03-15,VIP
AH7JGQRRWMJTCWMZPQZDA7324DUA,2023-04-18,일반
AG2VWPTTUEHEZWGDIYDJWPX7IDJQ,2023-05-02,VIP
AEDNFNVOPMOWPCSBXQJFW6PCP3ZQ,2023-01-17,일반
AHJQJ4BFKEDVWHP6FIXGMF75XSSA,2023-07-15,VIP
AENPKYWO4NMYRYNE3PNVGD4CVOAA,2023-11-23,일반
AEZOCEHWCXQRBNLIQCNEC43TNMGQ,2023-11-14,VIP
AFGGQUIZ4KW57HMRGQTSERDLCFEA,2023-10-24,일반
AHQ5BOJJTHUA6XD6IIN7GLN53DVA,2023-09-09,일반
AHPM47CWRZDB6XMDV2IVXQR3KDUQ,2023-04-29,일반
AFIO2JLNOU6SSNCHMG2ZED34SVNQ,2023-06-11,VIP
AFKJ6IC227YNTE5PYNVT4YBPT2SA,2023-07-17,VIP
AFV3HKJKN55O6CQNAAIYSAPMCPXA,2023-02-14,일반
AGW3GPXDCYJJB5FMX6SOXTO7PKPQ,2023-11-10,일반
AEYJQQMMMEZZQ2D7WGG2KJG7EUJA,2023-06-28,일반
AF67RC7KNNJB3EMMFB5RSJ73N7SQ,2023-02-13,일반
AE6DZEFBVJYVMURYFDATZFAANXJA,2023-09-28,일반
AF34LKGQ5JFWGMS3TVAZMUKQCO4A,2023-03-19,일반
AE6YWSEP7SYHCL2F5WLM3JLAPTDA,2023-11-22,VIP
AGMOSQZYENCGDYQFYZG76EYEMCGA,2023-06-27,일반
AF33L2INL2ERR46KPNMQ6R5BRYXQ,2023-12-23,일반
AG247WO5BV4INTTCQ3H35SSEPVJQ,2023-01-03,일반
AER4JBQGMSVBHQGHMB6GOMU3BS3A,2023-08-02,일반
AGTJV66YYDYUYNBXEY2LCR7M5O5A,2023-12-08,일반
AHJDJPODT66LJAPROAV3ENMD4PLA,2023-03-15,일반
AGL5JWV3DFJIR6T23UKXMUS7BQTA,2023-02-20,일반
AEJKHGA26MUVUZIYWZOW4B6I4X7Q,2023-03-08,VIP
AF3B47EOSBULYG63EGZZZGO6HTNA,2023-11-28,VIP
AGNSXRFJBDVGM7FS7YYPNCEO7XFQ,2023-04-03,일반
AHR53IW5LAAXGGFK3DRWRMXMM7KQ,2023-06-25,일반
AE5W6S5KCJV6L2WMBIOKYWQJN37Q,2023-05-25,일반
AH5J4DROVHI6XHMTCBAK7WWU3F4Q,2023-01-07,일반
AE5KAK3S3XZDPRUR2VCND2QNZTUQ,2023-09-26,일반
AEKG7ELYA43YNPZ2YT3ORIL2VSOA,2023-11-18,일반
AEKMKQMXK2FBIL6MRKHIPN56QJAQ,2023-01-04,일반
AGPNJEK2EUJ6YFFPND6OSSAVG5WA,2023-05-18,VIP
AHY5LCCPN4ZSDFIFF3JUXP2YS4TQ,2023-08-19,일반
AG5TXXR5HQ3GX2KC5IHGIAEZXEPA,2023-03-29,일반
AEOCUF6Q6MJC37C4Z5LQT3RUWV5A,2023-01-17,VIP
AHASKB67VHNUNB3RITEIHSC2YNMQ,2023-02-21,일반
AGEYV75NXF3MUJH7XB456WFUK2GA,2023-05-14,일반
AHXQPNDQMOD2RJE2S6KG3CM6QRXA,2023-07-30,일반
AHNDQGC5II2W2NNJDKODYCGFN77A,2023-11-21,VIP
AFEOPOMJ6P77R4KX2YKC4UXVHCMQ,2023-08-07,일반
AEGFHIVVOOMWQ2JRIPHMTSZ2VIYA,2023-07-24,VIP
AEBIN6NSCXXL32OUISQKEN575X2A,2023-07-30,일반
AEAUDCMXHJHTKQNGANQYEVTM5ZYA,2023-10-04,일반
AFPWUFA4L6HJ5LJTBDR4J3MKJ4XA,2023-01-24,일반
AHZJHJWFZLYD64GVP4PXVI2F4LXA,2023-01-04,일반
AEUCRZPOISXKHXMCZUH6BXTUXUWA,2023-06-01,일반
AFL2ICS3EEESPGYLFF7OTVYMLVJA,2023-09-16,일반
AG63J3CFIT6RYX32RHHYWRZ2WKKA,2023-11-20,일반
AE6EGCFBVJIZEZ4XPPIY3PES2SDQ,2023-12-23,일반
AHUZG5YJCM4UWL66ALQ744FD3OOA,2023-06-17,VIP
AEIKB2XA64MPG7BBXRG4DT57QKPQ,2023-06-25,일반
AF4ECPZRARF7SK2GDSBPTINVA2CA,2023-11-06,VIP
AH6NXC2M3PH6OZHLJ6YXG54VIBMA,2023-10-18,일반
AGSDBEOHKXCL3WBEIN5VEZK4JY4A,2023-02-25,일반
AFCHIB73U3D4VQHZCH4MV2Z5FESA,2023-04-18,일반
AGLFKVLO32UB72C43CQNOPGQVKGA,2023-10-23,일반
AHBUPKENA77XVDAUGWUHVZLCKSEA,2023-11-20,일반
AEY34MNYOS24F3P7Q3IGMQVH3ZUA,2023-10-29,일반
AHMBANCEQ5AJOQVPFHONG2QTDE7Q,2023-11-30,일반
AFNQQLFJGPPNZCI6BVYZCEAZQZQQ,2023-05-21,VIP
AGYS2OMZE7DCEFQOBUJ7OSMPG3DQ,2023-06-04,일반
AF56UQ52OFSZL2KX2TPXPHBSNZ3Q,2023-09-19,일반
AENAIK2GP3PTBWPAWBEFRET5BZ3Q,2023-09-30,일반
AH5CZZYZK64I4UNJA35AVYAY3SLA,2023-08-20,일반
AEPFMS33QLD2SPSAW7OBES4S5MTA,2023-08-29,일반
AEQBRKHWGFEJSWMMD7NCRL47IAUQ,2023-12-21,일반
AGQKV65KDMYKBD6ZQTXSQ74VID4A,2023-12-03,일반
AH6EYS5AIDI7KYTTTFTZZHH433UA,2023-09-15,일반
AEXFEVEJ7L7LN3Q2JBWZQZ3YHUEA,2023-09-06,일반
AGQ7DDSSAIHW4EQERMBBWQWQMVTA,2023-03-18,일반
AEK7OBBEY4AB77GMD7E334J3CYGQ,2023-06-29,일반
AHNX2BVKDDWFDLQBCZVT3U6I3QDQ,2023-03-07,일반
AEDKU3NF2473GPBRWDHIHRTZJPXQ,2023-11-04,일반
AGM2UWKCJESUA2YZADPFXZ6PANVQ,2023-12-14,일반
AENGRDSABHKCYNYJPZ2SML6FWVHA,2023-06-20,일반
AFNGD6S7UIHBQ2FNXUDBWCJDMLMA,2023-01-22,일반
AFWHWM3CHMTSRKJH7IY2U64CRVOQ,2023-04-17,일반
AHWQ3GYAYROPEKLLI6SVIM3S2ZNA,2023-11-19,일반
AEOYVLH6A6P643MDQBU67RJ4DTDA,2023-08-15,일반
AGKOT3DLM55KCHF3AQAOROIFZ3EA,2023-08-04,일반
AGWCBYRA3OJTMA3TUUUH2RKJPPTQ,2023-03-10,일반
AFUIW75M2VCMJ2RAD5HFEUHXCRKA,2023-03-25,일반
AF5EL6S3V6JDA7HNA6BKXAKBMZMA,2023-04-13,일반
AGZ4IHSUMB233GB7DKCBY2RVARRA,2023-02-08,일반
AERD4G54UG5KQSX4LPXU4QPYCDYA,2023-01-13,일반
AHUSPS7GCSBQRWBRLXTUC6WNS3EQ,2023-10-24,일반
AEJP6U7ZTSGESRMPO24FNKJ6SP7A,2023-11-09,일반
AHOTHO6NULKUVDSAY6WBXCA2YCBA,2023-06-30,일반
AFCLVEPUPFSZU5KJMDBYKGARGQBQ,2023-09-25,일반
AEC4ACDLYBYYFG2473OXFA6BOCHA,2023-01-13,일반
AGEUOPY2YJ6HCREEOLU73JCGLFVQ,2023-04-30,일반
AGT2HSAHUC2KL5P2RL657BNZW3EQ,2023-12-19,일반
AERD6R3OJ5GSAGDUSNOOSYWMJJAA,2023-02-26,VIP
AFXYWZZ4PXDEVN5DJPTUF6SKLEGQ,2023-02-09,일반
AHYAQT2F3NUTKS7LIHXKTFNR7WQA,2023-12-02,일반
AHKSXLMJOQHJNI2U6A4FURPV5CYQ,2023-05-08,일반
AFS6NM2UFY5M77EWX5YT2KBMWBVQ,2023-06-22,VIP
AEBC5L4UVUOB45BUSQHLNHGZC2JQ,2023-02-04,VIP
AGF2ODSIJFBYL52VO3O77F576SGQ,2023-09-16,일반
AGYWLAKGGNH4OP5G5WPNQUJWLVPQ,2023-01-05,VIP
AHNZZYO7DIGCLRTY76GJ4D5Z676A,2023-08-06,일반
AEVYKVKVPEDFXLD5ZL2C4PYUPVUQ,2023-01-11,일반
AFZ32GLS7WFVSLNXGJBJYFJWWSUA,2023-11-23,일반
AHBRCKJY6F5ZLV7GSUC3IXI6OSOQ,2023-04-27,일반
AHX7I43IUBTBR5SMBWXO2VWLFLDA,2023-07-03,일반
AGUV5JDS7DN6OSZ2CENPDKWATUQQ,2023-12-28,일반
AFHZWLSX6C4TWMNGGNGRE2KODIAA,2023-04-26,일반
AHFNG3ELM4SUVBZJXLUUMP4NZSGA,2023-06-11,일반
AH7PUFLOQIEDBHZZIKRKWNNIRFOA,2023-03-08,VIP
AEJAPH5MWACXXHMLGLEDYPPSRVNA,2023-07-19,일반
AG7NNDG43AB32RR66C6QNTQKGO6A,2023-01-31,일반
AHKF4O42OIQQEWP4GOW4TCQJILTQ,2023-03-16,일반
AE7RG5GRVSLRP2HGPKIF2JJ7BAHQ,2023-08-25,일반
AFCDHTYGHMNLNK2S3X6JVQOT6AXA,2023-11-23,일반
AG3JRPG6MIZTLYNMIRBGFYDZVLBQ,2023-03-07,VIP
AGFY572BCNP6M74AI2RXGPJTWC7A,2023-03-11,VIP
AF56KWTGYOCMXLKEJHOSIUZSVZ4A,2023-10-24,VIP
AF276RVUYCN7YJGIRUR2HDODWF7A,2023-01-20,일반
AH4ZIAFAMC5PBWBHQZDSHS2JHUBQ,2023-08-14,일반
AFBJNCLV6XVUCTE24MRPXR4IURXQ,2023-07-18,일반
AGXJAYXZKJ6NCPSLX57MXJLQ3F6Q,2023-02-08,일반
AEQYSJWBP6DN2IV2LDP4XVNI4FBQ,2023-05-25,일반
AGNHWTOCLPVNZ56CWEF3QQI25ROA,2023-02-14,일반
AHC4JPWEXYM3O4YAKYIJZ5CAUOVQ,2023-11-22,VIP
AECXWRKH4W4B73UW5IAHDTBZYTBQ,2023-04-01,일반
AEU6W4IG5BLXZ5XJ23PYFQKXYHSA,2023-08-26,일반
AGY4IRMJHF35GY44YCTUVQAEIJ2Q,2023-03-11,일반
AHVMCHCWTUWBKE4WYBY27MBIQ32A,2023-06-15,일반
AGIHTJB62LSES5P47SG25CPSV4IQ,2023-05-10,VIP
AFLAZ32RGD2TCCZ6RXZSJTOPYUZQ,2023-08-02,일반
AGUO5HJBINPLO6XJKQ2PEMYWNJPA,2023-12-06,일반
AGNQNBLTVVNAB6NKW25OR3CFEBZQ,2023-03-30,일반
AGBLMAZ6GSLLNNDLH7WQPPGKG6YA,2023-12-01,일반
AFEC2BL5KGRD3QNBBU7AKNFT3DEA,2023-09-09,일반
AHQ3YSPSNJ6PTH7GQ5BAIYDVIQOQ,2023-12-15,VIP
AEOV5M2XBOTAJ5HEJVKZHDOM2PYQ,2023-03-13,일반
AHF45IU3KZ4H47ZP3F7CZE7MHYNQ,2023-06-14,일반
AFK3LUAAIPVB22RJDB74TVOSPC2Q,2023-02-18,일반
AGCCV4MEGM6TGD4ZCPMBQICK3SNA,2023-02-21,일반
AGDM3424VYOWVYWB3TYVDVD2ZZLA,2023-10-16,일반
AFXHSMAQBFXU4A34SCILCOV37VIQ,2023-10-05,일반
AGO4VY6QUDHZV2JIJXHT5V22GUUQ,2023-04-24,일반
AFGIOF47QJUHXAPHAUEQXT6LQJVA,2023-08-27,VIP
AG5Y7UAFKC352NVZPMRVQRENEAMA,2023-05-13,일반
AFWRX7NJDJNWOBKAJFVHN5WRNBZQ,2023-10-01,VIP
AGMQBENGBYFDIFBCX7TTRXZJ42UQ,2023-06-15,VIP
AFYY6ZT5ZOTXLDKDBSPRHTJLLZIQ,2023-10-20,일반
AGZ55KFBZ6HLW5UIQBEPIBBND6GQ,2023-08-31,일반
AH6ADLMJRC3DYSRBDFVJZEHXARGA,2023-11-16,VIP
AFARITTBYR4HMMHALZPS4DZGMVTQ,2023-05-18,VIP
AEOEFJ7ZBQWRXYKAX5BMGZQNMLFA,2023-03-20,일반
AEE2UIYAS7GME4GOS6EZWUK52KCA,2023-06-19,일반
AGSOQRGXBG47F35QN7GIZU6WKZ6A,2023-05-03,VIP
AH6K7IVGP33VRVDUW7OMJK4T4XRQ,2023-06-25,일반
AHL6LLEVH42TSWIRQ5SEXFRUMG2A,2023-10-27,VIP
AF2G7CBWXGVMQKYJDB63DFT5YU3Q,2023-03-23,일반
AF7P56JP3WZNRN4CCTRWVH3L7C3A,2023-03-28,일반
AFUGNPSXEVDZS2VGJUYR6CAQQO3Q,2023-08-13,일반
AHAJML6W5NJNUP4ZO3N2X3FFOMEA,2023-01-16,일반
AGSD4DN7SI3JW6IO3LB7IR5CL4NA,2023-11-06,일반
AGC3Z3473ZVXYFMWYSAUE2T7V3MA,2023-12-24,일반
AEDXKCO2L3ULRQJ5IH4QNI33A44A,2023-06-12,일반
AGRIBJTFIAXNL5IDSUIDXLUE6I5Q,2023-04-08,VIP
AHZBPWQ7QCCQOXQMVWFSK5PGFP4Q,2023-06-05,일반
AFR3HDYVY3OY2KQFIEQO2SRPTW5A,2023-01-02,일반
AELVBHWVUCBMI7DE345Q3MCDAJQQ,2023-12-16,일반
AGNJ2LVUBOBR37BVTTXCTGYBP4RQ,2023-06-18,일반
AH6U7NIRXZ7NQQ67NYFWEATGKDPQ,2023-11-11,일반
AEK23DLXXPG7UORUYI2DDS7RFVYA,2023-11-21,일반
AFRBQ32JL7MJAZ42PGXUPAXZSDUA,2023-04-02,일반
AGY755OL4WDTREH2UHZOLN2MTP3Q,2023-06-30,일반
AH3R5XO5VICXIDZB6BHBA5TY6O5Q,2023-08-19,일반
AHN6X3QCTG7BILQUFADRQKQ4I2SQ,2023-10-28,일반
AFK2NWB52ANDVAGQ53VJ222Y5GSA,2023-05-28,일반
AEZQECWFG4XZQBBXN7EBJVDWLMWQ,2023-10-07,VIP
AESXSM7GDPH2GLFNMTOCZATE4MHA,2023-07-08,VIP
AFDTW4TES6JHT7YJUXKDFQJPRZXQ,2023-12-13,VIP
AH6L4HL7SHZ5FT3XJRTBG4VRQDDQ,2023-12-16,VIP
AHM3BEM5TLDWOMRDAXTSJWFZ5TXA,2023-11-10,일반
AGCXOIOXQ6SMSCU5P73D2VTEEAQQ,2023-05-08,일반
AHJQP7JD3FSN7JT6D43MEG7F6BVQ,2023-01-07,일반
AENODVL6MR7QPBIXIIGAM54JZ6ZA,2023-02-16,VIP
AGPIHCRS2LVMVTFCHLPYZMS6PL6Q,2023-02-22,VIP
AGPAIQ4RMGU26NAKXGQCEB2OOS2Q,2023-07-06,VIP
AFNXAQBP6KZJYZD554ML2KJJTQVA,2023-02-07,일반
AEDNDMWWZ33RMM5UIXXGMEPSUYFA,2023-08-14,일반
AHH62JI45VG2IAZW6LEV5I2V5A3A,2023-02-22,일반
AFC6K2Z47KTGVTXKS3ZNPUEVLQDQ,2023-08-12,일반
AFB7NE24HEWG4SNDZWML7IYYMBLA,2023-06-03,일반
AEM3IXZKUN7EH2CFOJS6KL3YIFAA,2023-02-17,일반
AGC7SAVEMKWZRSJDQWYIBH2ZOMFQ,2023-12-17,VIP
AHQS3NTHOXQUMLMUAE3FN4LSNCHA,2023-05-27,일반
AGHT3K4KSG5MAQUSXRDT5VNB73GA,2023-03-05,VIP
AE4Q5XQ7SZW35EEUJKQ3IV2IIBQQ,2023-12-15,일반
AGWRDM5YZKAAJ46Y2NUJSMCFD2RQ,2023-07-01,VIP
AGAOIEU4KTRFNKU4K55O65W3MILA,2023-05-05,VIP
AFJSEVZLNI3MKTWAMJJVH6N5BQOQ,2023-06-28,VIP
AHQPMFJKEAFXVC3NVQLVVIPHDZJA,2023-02-08,일반
AFPERGOQHKWSN6M6CNDRGQJUPAMQ,2023-09-17,VIP
AGL6KF3GSYVGK2WIV73Z5GTUN2MA,2023-01-03,일반
AFEE2S2P4LI6QSXWSLRVGRLHYIGQ,2023-03-05,일반
AGRZWZVM4SAPRBTOALQBUR6N6WQA,2023-01-29,일반
AGPO6ZBQ2HPAKJULWTNQSP7FOBZQ,2023-01-11,VIP
AGMACNXEDN7CAJXDCMPUZW3MO5GQ,2023-04-07,일반
AG7VZ4KBXNGIBZMW6Y7H5AU4T7LQ,2023-12-24,VIP
AFP2TFQ26IBNKAWREZ34ERZBUTVQ,2023-07-22,일반
AEGLSZQOSLV77Z3RYDNKQ4DHO7OA,2023-01-21,일반
AHVKTMZNCOGSHMV4QI3OZCGK2J6Q,2023-02-08,VIP
AE2IPM7LGWZM72PWXD7DG2OJAEJQ,2023-08-11,일반
AHMWLA3HDZGMRYZNHFWY7FWZ7BZA,2023-04-12,VIP
AEHI7PMP7HHH3BIMEMM4D6XKJC2Q,2023-02-15,일반
AGZ325HAAV233447G6SUIVBMMMAA,2023-03-07,일반
AHA2VXNJ2E6VA2RFAAJS5ZFPF3EQ,2023-04-01,일반
AEJOJTOSSJNIBWO5CP655BMKQZ5A,2023-06-13,일반
AGLEYJPDKFHDQUKR44ANTMCVH7YQ,2023-04-21,일반
AFZUCCUR2EBAOJTXZAMP4GKYDGPQ,2023-12-04,일반
AEV6XXFLHIIAGFBXZQACBPNOKIMA,2023-05-03,일반
AE4GKTZA6NFJG2HC7TAMA4NIIDEQ,2023-07-12,일반
AGGPBIDY2R3EUF2WDFJDCB27YWUA,2023-04-09,일반
AEPQHH4GUMMN2KTD7VAT5DZFHUTA,2023-10-18,일반
AFBU5FXWPA2YVMWWIMGYMA2AG34A,2023-06-08,일반
AGIFWMCJ3D3MLPZ4N6OIIXK4EP7A,2023-04-13,VIP
AELT5NENL2ZMZ3JT3QH5U5WSB25Q,2023-10-08,일반
AFRLWVFJ43WNDMOQDE3QFXJX62OA,2023-02-12,일반
AE46HCBRT2IIILPNCL32DZ5JHYMQ,2023-03-25,일반
AGIN3WL3VR42ECXY6SFGEVYAX5BQ,2023-07-10,일반
AH6P2FS36YMFXR6BCZY4QI3A5EGQ,2023-02-20,일반
AHLSHAJTU5B4XBPJGON3Q4MKMY2A,2023-07-29,일반
AESBXYARD65VZMCEZT6TMIF2I6AA,2023-05-06,VIP
AFJUCN3LJPEEGA2MCUJMISQ3Q6SA,2023-03-10,일반
AGRGJTMI3RMO44FRRNDFQCML32BQ,2023-09-22,일반
AGX6OXEPVDQPCMFUTJWCGPAWKMFQ,2023-09-15,일반
AGQZQ2BXDDXY6D5K7HZF4CFSSZ6A,2023-07-07,일반
AGJD4634EZVTJUCYQETIMPBL5LVQ,2023-08-18,일반
AELHZH2PRVKJIVTQMABOTT6LUMBQ,2023-07-08,일반
AGNBNAIVJCEB3TBMEUWKDG6F3OAA,2023-01-10,일반
AEEJ6B3XBCPD2CHBKEWXRNHXM5EA,2023-04-24,일반
AFVUY5ZKTN2NRRFDXM6M6IOW6YXQ,2023-03-17,VIP
AFX3VLIHVKXRNRC2HBLSBNEIV2LQ,2023-06-13,일반
AEQABAS4A3RXJ6CM4EX2645IUCEA,2023-03-26,일반
AH3SJ6WSYDG6DYJVQ7UYWAACHFMA,2023-02-18,일반
AFDFDVVB5IXZZBCIHG3VJVK3E3CQ,2023-11-22,일반
AEYYS445R5U3OMTCXTPFPPYIOC3A,2023-06-26,일반
AGRJV53VRADLDOF7VTZ75QXG7Q6Q,2023-08-06,일반
AFRZUJVTEHFZOVRCJJMAZTI5343A,2023-07-08,일반
AHPGEGRJETCIIA5N5UHXPPK7ZW3A,2023-12-12,일반
AGUWLDNMRBUVBQTRLDFJOU7B67WQ,2023-08-18,일반
AGZE52HWESBYEHQE7ZWVG6MIUTBA,2023-09-12,일반
AHC4U7CH7PGMKPLM3K6T36QSLJBA,2023-08-24,일반
AFNISIS3SIIIMSYAPMEAXNWBM4SA,2023-01-26,일반
AG6ST6L57J4B7UHNXKEV55ZP3NPQ,2023-03-13,일반
AHJYH6BZ2SXIWIEUPNPC75P6ZWEA,2023-09-18,일반
AEOIPHSMBDVHZPYBH76LQEFONJQA,2023-09-11,일반
AFZ56RXI37SOY5JWTOPITA6FUFQA,2023-09-28,일반
AHTQNDXEZ2JFDY6U3YVUQXL454LA,2023-05-03,일반
AFFVGMQSTPJEJCPOO4ICULDQQIVQ,2023-05-24,일반
AGBLLO3IZWOWUZPRCZHTVSM3ZUKA,2023-09-14,일반
AHAC7B6KYGC4V2SR7JY3O347OBJA,2023-05-24,일반
AFRHROLDDYV3Z75BI2LCW6O6OPTQ,2023-09-16,일반
AHTYYRQCRKLTWIECJ3QMHUNOYVRQ,2023-02-16,VIP
AEEDAYAZG3NHVRQC4VQJO7UOGA6Q,2023-12-17,일반
AFR4WQF4SHGWAFPVW7SUGKDR7P5A,2023-01-13,일반
AH5Y6ZM2DJB7ZNP5ARJTNRW4TNHA,2023-07-27,일반
AGHRWZJQVN3R7S4TP5J2USU5E4VA,2023-11-07,일반
AE7VMF3T7AZVT6UB7TAZ2CVBTECQ,2023-08-23,일반
AE55VMGAF6S4FH763DDIXLTZIVBA,2023-05-29,VIP
AEPMS5PFD6A3CBZ7A5GCVJURRQPA,2023-11-18,VIP
AFSKCZCQS5Q2D5IFYXRTCAEG5BZA,2023-06-04,일반
AFLYLUQJLNGO32IJITTXKWO2YOCA,2023-06-15,일반
AH43ILYGJQUD5563RLERPIE2UMCQ,2023-03-31,일반
AEW6MNLEJPNDYI52OFUVMB3EDYMA,2023-07-05,일반
AHFF6M6NA23SOFKPPX22FLLPRELA,2023-11-14,일반
AF4LT2MRA6U4IPL63X5ANNO5BLOA,2023-12-24,일반
AGLMUN4K5NVDCVNPMNI5OF2IH5LA,2023-06-23,일반
AGATYIKGAWO26SQJ7K7TDN2LFUSQ,2023-08-05,일반
AFRJHB6VXULSM53VYU5TBJL3F62Q,2023-09-21,일반
AEUJCWHLY4ZE4YHU5HVUSHLTKNTA,2023-04-07,VIP
AGLD2LXDWUQZSZDFC3U7H6N3VFAQ,2023-04-27,일반
AHS4FBZAI7M2PJ5BAYWJDCIB3I6Q,2023-07-18,VIP
AF5XD4J2O3Y5AVWNBSHPYLPQXQNA,2023-11-16,일반
AFR5OERHAWKGE5BFDJ5FVFKGGXQQ,2023-01-21,일반
AGANY4HWSF32KZFVMOTNULK2RQBQ,2023-07-19,일반
AG3PLRKXVXLYQ7YHOIU4QVWWFBAQ,2023-12-07,일반
AHRU7JSVBHVEBWI2H2N6CVM3IIPQ,2023-09-05,일반
AH4ZQO5NIBMSXG7LLOGJ67WQ54IA,2023-10-03,VIP
AFY4C2ZKXRWWGZRC2WIRBN4HTT7A,2023-09-21,VIP
AEBBDZUR4T6MWDXS4COIUJLYXHHA,2023-02-27,일반
AFYENENKOXRC77BZ5JFXNG6GBNAA,2023-10-29,일반
AESSNDMFJZFM6Q5URYBYPEIUSYNQ,2023-01-31,일반
AERCNZE7BL2UQB45USYQ3NS3KDHA,2023-09-06,일반
AG2REE6BFNII6CHJQ2HQCG4Q5BWQ,2023-04-03,일반
AGPSJBF6CTEE4MJG3X5Z3DMJEJZA,2023-09-22,일반
AGY545OCMI3P63JWXM4QMK7QXCIA,2023-09-28,일반
AFQBNWTWNCOQH65QJK2TGLWRYCJA,2023-04-04,일반
AHVFTQFFKLLV5IFJDEQBTF4ZFI5Q,2023-06-03,일반
AH7XAZIRDIDE2HVRZAZ4J4BSG3NA,2023-10-12,일반
AFJI2CTQBDXHG74Q3R6S5RPYTOWQ,2023-03-21,일반
AHAXO75FQ7QCFXWMJF4JNHNS3A7Q,2023-10-19,VIP
AE4L3MBEACOHT7Y7GGWQ72DUJ6SA,2023-03-25,일반
AELHNY42N2WPTZN5R42GOW2RO5SA,2023-12-31,VIP
AG5ST5LJL5DUIYA5AH5V4EFXO4JQ,2023-02-06,VIP
AG5V75LPUVIVS3DFZNN4UEK2FBJA,2023-12-08,VIP
AEQSYGYF7LVSIVQEEXPC6VCMLBJQ,2023-11-23,일반
AH4OBRDNZVTVDLWTAV2V3B422AVQ,2023-08-20,일반
AHTBKWSU5IG46LZWJ3QQZKL6LTJA,2023-04-03,VIP
AFKSCELXRYLARIVIXIWJQPHL5AHQ,2023-12-02,일반
AEEYMW4YXUA5ZC4H34CHUW5EPFKA,2023-04-12,일반
AFJM5RTEFFX7H3WDQYDY6GX5HPNA,2023-06-15,VIP
AG6JEDS3UJIQHXUGHEQHW7XHL2KQ,2023-06-08,일반
AE3BLMRIEOFTPVYRWPR7P5QUL5RA,2023-01-14,VIP
AGOEGXCUQTAT4C57KQHXQJ4X25PQ,2023-08-13,일반
AEF4QBAINOQAYMSVNXHYZE7AYTSQ,2023-03-14,VIP
AEFIOOBMEJPER2FTC4AVKEZ44NYA,2023-09-06,일반
AELCV26DAB56JEU7CL2LUTR2TYKA,2023-04-01,일반
AHQQWCVTBJQ767433OZGYVW7OJVA,2023-08-04,일반
AGPQAC65TOG2HWQ42LE4JB46OUJA,2023-03-31,VIP
AENORZWFAJOJLG4FLUB2LHOB25MQ,2023-01-29,VIP
AHAAEQSQJFRGPLP6U2LG2TWXFVOA,2023-11-01,VIP
AFHPAS35RXP7JEKV5KVVGGYIOV6Q,2023-08-08,일반
AGIWQJDJXJNGJDO5DNIML4ATNVEQ,2023-11-24,일반
AHZG2MJP5M6GKLC6YVHOJTZ3ZAKA,2023-08-03,일반
AENQUXAACC6E53BRVBZPXCC356OA,2023-08-09,VIP
AEBGRX2UHNMQHYKUQFHGDUPE4UCA,2023-02-11,일반
AEEWHS6M7UDMDKWHZSVVHGW5JJUQ,2023-05-15,일반
AHJEMKM64LMY6YJR5AE3RMA2IW7Q,2023-02-11,일반
AHZHKXL5TIRPYY5YI5IUSYODJZSA,2023-06-13,VIP
AHOTFNEAM62KASA6YHCDNPGNNZRQ,2023-12-27,VIP
AGFQZRCAAKEW5ULV2UIU4RBI6IEQ,2023-10-10,VIP
AE6ZHG2AXD6VPRRT3EUFSGVQJKOA,2023-02-27,일반
AGR7UFLFQ3KUH7644ARDPSSYAZ2Q,2023-10-29,일반
AGMHSLSOBPJRH6RCZBNKNZ2YQY6Q,2023-11-18,일반
AENX4IK4CRKRAOJQOLMRH6QNCTCA,2023-01-25,일반
AFAW47CO7UX37TKZSGRUHIKZMATA,2023-03-14,VIP
AHUHAGOBF67BLOQGF3C5GBFOPPYQ,2023-05-09,일반
AF6UFCDLC6WSCFBZE56AMTOFKNVA,2023-03-28,일반
AG2FFL77UFH5Y44BU4FY2FKT6YAQ,2023-11-26,일반
AE7Q7KWRZ7MHMTD4I63KVNQQLOGQ,2023-06-02,일반
AG636YCW33ZTJ3O67MQZNNNAIJVQ,2023-07-01,VIP
AGJL5WHO3VVJALGYBKA7UUMANF4A,2023-05-05,일반
AHRJPSHYWW7POL5N5G7HI6D2UXNA,2023-03-08,일반
AE4PB2D5M7A6CIPE4SHZMHIDDIBA,2023-01-06,일반
AFYZBDPD6PGSHBHPHQTOVJW4QFCQ,2023-05-05,일반
AHCF6MDMVOOGIZK7AQMS5E4ZOJKA,2023-11-10,일반
AG6S5T3PING6QXZAUDDTH6FO7ICA,2023-11-22,일반
AGVONMMX6YJEEGSYPHCV2JQBJYSQ,2023-02-22,일반
AF5FBMSRN3DNZ5VA7QO34JVWM3FQ,2023-03-07,일반
AFDPYHNXY5R5DCB7GLDCSX24CQ7A,2023-11-10,일반
AF3FQ4SRTJYSEHJJW2UP5WM3LRSA,2023-03-23,일반
AEE5QN5TSLHUPXJL4WX76DZW3YEQ,2023-03-28,일반
AFGIFBW7GHAMXX5YNQFSE3HQYEWA,2023-01-02,VIP
AF36AG5NBJM77D5PW7A3Q3SNKNOQ,2023-07-23,일반
AEQSEIQ55YRS5ITY6PMOHDFCJJWA,2023-05-30,일반
AFS2KZ7HYC7JUO5JOGPAQY2IKNGA,2023-10-20,일반
AEXELC7IXD4IBM7P4BQNFF5PENSA,2023-04-13,일반
AEHSEYWIGX2757A2UWJS7J2CG3CA,2023-01-24,일반
AH2UIFL2ZLH7AZP6L2I6JNJNDR7Q,2023-07-31,일반
AGESDEISSJA7HFM6224YLOY7AOSA,2023-03-06,일반
AEKM3HT4LYB2UVTFZQYLNGHALBFA,2023-07-28,일반
AHSAKHOAXLHAC5I6OCL22DC6WOLA,2023-09-08,일반
AGXJ5BSSV5THYPGNS7GJJVFNOKKA,2023-04-27,VIP
AHZFKWGDBRQKNMNQ4ZPL52OZBRKA,2023-04-26,일반
AGBEFVJFOQIRF7C7KY5VN6XO7JEA,2023-08-25,VIP
AGN47LODJXDWX6WWSS5JJLKP2HWQ,2023-04-15,일반
AGJRVBQJIVB445HIWTFCZOI37IQA,2023-09-16,일반
AHCNUZM2XGWJXQHPWYVZMS5CAEMA,2023-02-15,일반
AFQICBBGIA6ED2FXXYEVEVKDFOWQ,2023-11-07,일반
AELILYZUYXGJOFN2P7KT7OEUBM2Q,2023-11-27,일반
AEJHZ5W2C7AYFISGPX7WSDVSIYEQ,2023-08-04,일반
AFTFMOXP7SKX4NJJIYLRJ4TAKZZQ,2023-10-28,일반
AEBDUINAFKTVCCEEHAXKR7AG5LXA,2023-11-29,일반
AGYKZQYHVADBHYAL7U5P7F4KSRBQ,2023-01-24,일반
AECVPCTS5NOO6MT4NUYJJBUT7COA,2023-02-04,VIP
AHKUEAEHUGIV6L2V7PGR7PCJ5JIA,2023-01-24,VIP
AFU6BDGJZI74Y35UXM2RWQLLTIHA,2023-01-28,일반
AEQX3KIYFY6RCTFIX2J76NVKPF3Q,2023-01-16,VIP
AGHE2Y6SEZXUO5QR44FVYOZ52B5A,2023-02-28,VIP
AFU46CW62ED472TF44RSU3HQ7HQA,2023-08-31,일반
AFOCLJYM3NII6TR3FOJVXFTY2SLA,2023-07-26,일반
AFJDCQHDXSOYUGXT2X3FCUO7K33Q,2023-09-28,일반
AFPHGWJFEN2UK47F2RDYBL6YUAZA,2023-09-06,일반
AG7O2DWNCAQIAMWYENDUQG3P5FPA,2023-09-24,일반
AFKB6MWYZHS44ZDTVNSMRGBR2CGA,2023-07-12,일반
AFXT4M4YZCGYWUG22BMXEOB7VUOA,2023-12-01,일반
AEZWBVOWAZGCLKUNZXNBRCMWR2TQ,2023-08-06,일반
AH2IMO7T23MIAIHRLZGUSPHEXSZQ,2023-04-25,VIP
AFNIVT3EJUTT7FKZW6GZVEWWT7HQ,2023-03-09,일반
AEJ4WWMJAKONQU4XNWCKIGA5U4LQ,2023-10-26,일반
AGEMLCWZLIJVZMIMPK3J4NEX5SMA,2023-11-21,VIP
AFP7CS7L7WZM3OXFXC77IPNINGUA,2023-03-16,일반
AGJCU3HCKI6FYPKYS6FBZGJOQJ6A,2023-04-13,일반
AGYTFOW77SU6CYA7L2ID3IYBWMLA,2023-10-24,VIP
AHAHGFYVEV3DXUG3GQFCUPBSHTZQ,2023-06-27,VIP
AEOVVK7XRSH3T5SSQLE42FWIY3RQ,2023-08-03,일반
AE2XSRIZGIHUEHFRYKTLVQIKYFKA,2023-11-11,일반
AGHEDHPCRHKYDPXWSKRKEP7HLNDA,2023-02-08,VIP
AGEM42HY6YHDGMWMGZYPLVHA27XA,2023-09-16,일반
AEHXNDAJNJXBV4NGZ2ZWKIPPJREQ,2023-07-23,일반
AGQ2KOOSNRJVNY3PYFXFZPRKDIDA,2023-01-07,일반
AHJT2MQLGOFNAFFNLLJGIYO5LT5Q,2023-02-18,일반
AHVXXQOUU54RYRBWFDE7VI3S5PLA,2023-01-26,일반
AF4TTIEDYAPHWU7WG5UTJM345ZHQ,2023-06-10,일반
AH4CZ72FCY3JIQJAEGG3IL5MOC3Q,2023-12-23,VIP
AHYALQ3NLFMTU52IWFICXNJIC7VA,2023-06-25,일반
AEIJBUDBWBW6XM22W5US5BWDBFYA,2023-03-20,일반
AH722R3XI2Z5PC7QQ6YUEXE6V2DA,2023-01-02,일반
AHWW4TSZL3AGYOBMIKJHP56I4O6Q,2023-05-12,VIP
AHC7U7MTAN2Y2T6X2G43SWSQHETQ,2023-10-03,일반
AFN6JOIM4WB7CBNNAM7JQJAJVZNQ,2023-04-27,일반
AER7ER4GHJ65LKQFSIRZG6DSEC5Q,2023-06-13,VIP
AF6PJDQ5GNVGTIYXA5ZCTCKBLHEA,2023-10-15,일반
AHU5Q5IFZNU5KKPBZBP2Q63V5NFQ,2023-01-28,일반
AEBY74RXWDNJOHARPUMVQT5MY5XA,2023-11-29,VIP
AFLIUDPXTMHWUWXDEPUT72WCMQAQ,2023-01-01,VIP
AFIOG6MKUPF37DAJ5VTKKPFG62AQ,2023-07-07,일반
AGRAAUFFZVW3L5L4MV65HRI63NPA,2023-02-25,VIP
AGSMGWHNRQAZOOIPF7UOSNBQDNIQ,2023-02-04,일반
AFJZWYEHRGAPQPS5N64LTC3JOCXA,2023-04-22,일반
AHERFNSW6YQVDARIDK6WI3GFTCLA,2023-10-13,VIP
AH2R6HPCGKBGV62HAZ3BH3HFMIPQ,2023-11-06,VIP
AFAR6KANGGM4XIVC6ZDTSEONGR6A,2023-02-05,일반
AE2WVSMP7ZOFNGQWHUPQNRZHLOVQ,2023-08-05,일반
AEJNLPO52JIB3UFIIIGFMQBJCJLQ,2023-03-21,일반
AGD2UEWN67Y75EOCKEJE7TSOKPDA,2023-11-10,일반
AGD4TUF2TI74HZLJF4SEZHSJL5LQ,2023-03-24,일반
AEVI6BPCNUCWF43ZU36XOMZAZUSQ,2023-03-06,일반
AGCRBPV45GJOL34GSLRX4FPLED7A,2023-11-21,일반
AE4IXYSBU6N2L4ABI3FPVKYOL4XQ,2023-05-08,일반
AGKCZKL5F5SWMXTE7EOOX2TVAP6A,2023-11-03,일반
AHAWYKI6SKVO2NGCZ4BDJ4WWSZCQ,2023-01-22,VIP
AE6MBEP4HN5HDV6LIEEN54UBRPWQ,2023-08-04,일반
AGUJD7ONEYENBWZTZDMV2R5WUS5Q,2023-04-17,일반
AFX56WJDKZA5QDCLNHWGZE4WBM2A,2023-04-19,VIP
AHQH32FK57N5R4DXCYRDFJERD3MA,2023-12-23,일반
AF3O2DRWWLEEYZOWDPONHNCYOYCA,2023-06-30,일반
AHBY5WOGTC3LCNKSXEH6XYLX4C7A,2023-12-22,일반
AEB2QT7KVD2RVAWLPXGQFJ3ERYWQ,2023-06-13,일반
AFT3QGE4IU2G7IBMCWEWET7DAAAQ,2023-03-09,일반
AEQR7OAEEWSVH3FXEK6VO2ELW2LQ,2023-10-19,일반
AH2PWK54MG3S6EOHGLGP3LTQJOAQ,2023-06-29,일반
AHKY24SIF5BG5XOFBACXN33XUO3Q,2023-06-30,일반
AGLCQ6Z2KEIXM7DC7JFZEN623CHQ,2023-06-18,일반
AGVRXUM3GMUGSUDI2BCELQ5G3MRQ,2023-01-22,일반
AFFJF7JN2X3UKBT33BHFMU2FCDIQ,2023-03-07,VIP
AH3LPGUYC6VZUHBLHZKGMMBT5HGQ,2023-01-21,일반
AHHQ5CWRAMNLLPSINLJSICBU7CRQ,2023-04-10,일반
AGSHCIHX3V7HS6F6W2XTBOYFX5WQ,2023-10-27,일반
AEUTMRODCZ5QP6FRYACICHQHJGJA,2023-04-13,일반
AGBAIGEU4LX4TAQQOENWMZBZCV3A,2023-02-16,VIP
AHDSUGLHNAFKFMGKJPLS5HLJFL7Q,2023-02-08,일반
AHBRTDUHKMIYUZLP6W7RM4IMFV4A,2023-10-12,VIP
AHK6Y7FOVUIRNCIYQUA4BBIKXOGA,2023-11-06,일반
AGK46AGUBC3MLDF3UJFYKYVXX7JA,2023-03-31,VIP
AGZ2OFZQWKMUV5RUP367QIUEDFWQ,2023-03-26,일반
AFA27PWZ7R6SHPUK6YI3LUPVQAXA,2023-09-30,일반
AH3YMZDQPMC4SNFHGLOEIFEO5P4A,2023-12-02,일반
AGC7U4WCJ72KSPKZJE6SA6ULCNAA,2023-07-07,일반
AF2I6FEF7CCDHSXJQCMHRDLEV4UA,2023-06-08,일반
AGZYDFV5X762ARBCKH3CXTG4QUTA,2023-08-31,일반
AGBBKPN6FHVMRRHWZVRJ7O45VG7Q,2023-03-14,일반
AHON53VQVWWCC3G7B6BF4BE7ZESQ,2023-02-18,VIP
AG57G63ZBJYDUGVZ2VRDSZD6L4ZA,2023-04-11,일반
AFVRAZD6HB5ALMMLJRZYAA45RKFQ,2023-01-02,일반
AGUO5ELH4U5ORQ4F4NYJQNZNTX3A,2023-09-01,VIP
AEKTWPXEMR5QE53HL2AV2SVFK2SQ,2023-06-25,VIP
AHWEG7FHG5CEE2TMD524HYGNU32Q,2023-08-26,일반
AGYUMZDNBIOODZYCN4GHMJ3F44VA,2023-02-28,일반
AEJM34LROKAFVQ432EM4D4JLSOQA,2023-12-19,일반
AF5W2TAYXQ3FWMTFIEHR6R2NOCKA,2023-04-09,일반
AFH5ZUO3KMVT2SYS6CNMMXZA4SZQ,2023-12-25,일반
AH2KFGXW374DTI6UT4U7V3NFJRQA,2023-01-02,VIP
AFMR44UPPEJS3KH7CZZTLBGUY7RQ,2023-08-31,일반
AFUSIVMKLXOVGMV7AEF5FRQGLJHA,2023-10-24,일반
AEP43IVDSJR5UREBLL53W5AJKZTQ,2023-07-30,VIP
AEJS5VAOH7KD6X2F3TAMXOCXSOPA,2023-05-03,일반
AHQ2K3MM7CU5KAOLTRHNV4HHMKVA,2023-08-17,일반
AFR7AVNAODFBSW5HPTITQMLUOFKQ,2023-03-23,일반
AGFKW6ILYGZKEDCK55ADC6QLYEJA,2023-05-24,일반
AE24UFIVBSESSEV7UALTKP7K5Z4A,2023-05-20,일반
AHIFIRZZSK7NK4HWJ7FCYSHQ7KKQ,2023-01-29,일반
AFHYPBJQA4XGEWJLPUSFVQU2EKXA,2023-09-27,VIP
AFIW2LGGEMKYVUE6UG2YLJ73QOLA,2023-09-04,일반
AEQFXB3NZOMW4N72EAGVDHFV7M4A,2023-01-12,일반
AGRAJW47BFWMQE426JX6TR2BCELQ,2023-12-21,일반
AGSJ64KS4SFGZOJTR4TWAMQHNTIQ,2023-12-03,일반
AETH7LKNVDPFD2WPRVL7WXXCQXQA,2023-04-16,일반
AFDQX4OPUFUN56VXCWO54Z7O2AEA,2023-02-01,일반
AGILEHPBZZUJACQFI527X6HPPS2Q,2023-03-15,일반
AEAKW6XSSNBTTT2SHXRSIYJ3P2KA,2023-06-20,일반
AHRTYUKNV36J2ZEK4CKJMQOK4S6Q,2023-12-03,일반
AEEWPCT3NI67LDWFLJ7HICLMMZPQ,2023-03-10,일반
AEOXDLAGO5YUKIJDGVRZ26GTZNRA,2023-10-28,일반
AG6KERF2BWYB52CC56DEC3KZQYNA,2023-12-28,일반
AFQNKFOMPJ7YGCSP672YCJQQEVNQ,2023-05-17,일반
AGCMYXUQA4TOC4JPIJ2NHHMDMNNQ,2023-04-10,일반
AH2JOLKV3633COTRT3L6472Q7MIA,2023-05-26,VIP
AH66PPDVLVKP2O6AYTIGA4LDLOAA,2023-01-09,일반
AGQECQXYEAY4SYHRW5NDNF36VDSA,2023-03-03,일반
AGE4ASVQOHHGYYYKQOMF2TLIXBRA,2023-07-04,일반
AHV4I63UFGYQ7AFWXLTQXSHSXCZQ,2023-01-29,일반
AGE23INNJKHQYZTU3WBTNSCAVGOA,2023-04-24,일반
AGMBBBIHMGMWKJI5OSFGKWAKJVVA,2023-05-23,일반
AHV6JQ726F6FJ2DHW4ZHKMXNUEYA,2023-04-30,일반
AFFEE53W5EYO6PULAOG7PB3ROPMQ,2023-06-19,일반
AFVAN57JZSJMCSHMVU3E5NFDIFJQ,2023-06-06,일반
AEI25R6V7XEXAAD455IWKZ3KE7TQ,2023-12-01,VIP
AHKRRFR42OZYJKV7C2IR5OCPBMYA,2023-12-15,일반
AHFWCOO3S3BKNSCQPHSFFOA2RGSQ,2023-09-17,일반
AEZ35PT3M6ROXRMLILOSFP375TLA,2023-03-23,VIP
AHPEEMPWH4HHB3T5FECTBZYUZ6PA,2023-08-30,VIP
AHD2XZWAMMQH5MHZD3ULZVEVVJCA,2023-06-21,일반
AF2JJYV2AX7CVSWYMLNZGFVHPLZA,2023-08-19,일반
AF4ZKPEZDK4MBC74G6DZYE4YPXNA,2023-07-27,일반
AFQRDDZDX24M6MLI75ZZBFLDSTSQ,2023-03-16,VIP
AHL56ROKLAVDGP3ZRN45JIXXQ2GQ,2023-09-27,일반
AEJBNCW6FFRYFFVPDZU6AYD2LRBQ,2023-04-24,VIP
AH7AIYFOHJAKH6SM4KNT6GNCHWNQ,2023-03-03,일반
AEWUBQURRQIYWSK5SBEOLZJRAP6Q,2023-12-28,일반
AHIRJYCO7S265XRVOHKEQJV6BPIQ,2023-11-16,VIP
AHFY5XAN2X4N5GXOJRN5Y7HNC57Q,2023-04-12,일반
AEQQZI7NFOSSSCFA2FOZKUDXP5QQ,2023-12-28,일반
AEM63GK5JFDGEBFKA42W5EPWBOHQ,2023-07-29,일반
AGQFO7HUNP4TATRLGLKZWTGSRZ5A,2023-09-12,일반
AFPADOOHAUZPXOLGIRLUVWJD62VQ,2023-01-20,일반
AEU72RQQFVEX4RRIWB3FIK4IOYMQ,2023-02-27,일반
AFUIVFZ4RBLB4N57ACNNJUDOXJJQ,2023-04-22,일반
AEZB53KJUQPIRSWWZ2SUY6RRAQBQ,2023-11-09,일반
AGSBS2YJLL456NQVC5B5QZPUJTJQ,2023-07-15,일반
AEWY6T2UJKGOH2ANGNTSBT6RIE6Q,2023-12-19,VIP
AHBQJUMIK5PCBS5BOXXXXZXPWSJA,2023-04-02,일반
AFUV6OAP3USNBV34JGI4IVNUVYSA,2023-02-21,일반
AHANTM5UMDC5BAOCVLTX47H4HXLA,2023-10-20,일반
AHUM7GQ3FUS2UTPCF3JPGU2PZGUQ,2023-01-08,일반
AEVKHWUPE7W4ZIG5RFWKJ2XX3UMQ,2023-10-27,VIP
AGBYWFEGGX6QM6XB3ZPQADKKXAHA,2023-04-08,VIP
AGU6LHFOEHAFE34ACLWETZLYPI6Q,2023-08-24,일반
AGSBWPW6GDRHH4Q5IAVAJPG3IRQA,2023-03-10,일반
AHRDCFOC5D7KERULZ4B6PVMKSNTA,2023-02-14,VIP
AHJAW2YYU56TKMET3QKEKKCDZHVA,2023-05-17,VIP
AFSHOA4IT5RS6KDJEVYLZQEBPR7Q,2023-08-22,VIP
AHWQOW3VMVOLL2ICO6S6E5K73HEQ,2023-02-01,일반
AF3KZ34MBMMSO6QXOKYPGYB7H3NA,2023-10-16,VIP
AHFGOH4GBUXQQ45BNRBY7MHPN4NQ,2023-05-06,일반
AHY6F4BLYRDJCSKQSQEWDPXAXKSA,2023-03-08,일반
AE4J6N4OTZMC3NVLJPGFTR5P7NIA,2023-01-30,일반
AEBI27B54C4N5R3O45S2AWCPPNPA,2023-04-24,일반
AETABFSDFJT4L2NJYWAECEX2QL3Q,2023-07-23,일반
AH67BHLOMDZFQHLSOIVQND2BCDMQ,2023-01-29,VIP
AEALKKVOIADNBRZB3EOH2VJHP27A,2023-05-11,일반
AFF7ZQGFBRXWPEJTK7JZDDT2KFJQ,2023-07-04,일반
AG2BB3Q2AQB7SBFBURGYSMFHDAOA,2023-09-10,일반
AGFXIO346VXYI35ANHRTU7FE7ZGA,2023-10-13,일반
AEZIOFC5L34FZZOMGKEHXHLG6KQA,2023-03-03,일반
AFDS7H2OSIL3I4CZBN7C7NS4XOXA,2023-01-03,VIP
AEBSIJDEVFVOC7PQYB3W36OLAHNA,2023-03-09,일반
AGHY5MD6U2E57UWJTNGFKKQ5KROA,2023-01-25,일반
AF23NVMNXHKORCJCQPGAW6PSXMPA,2023-06-28,일반
AHSOUBG4CYVABTQRPHI64FAU4NLQ,2023-05-21,VIP
AHASL3JOKSWSNG6FWBDKBPBMMSKQ,2023-08-19,일반
AFJ4DAIVDLVCW24FWODAT5O5OHNA,2023-10-27,일반
AGQ6FH5HUONZXKRXVRE7YX7ZUPLA,2023-06-12,일반
AG3ED5BPXEBU5ZAGYEEECUEK42NA,2023-11-07,일반
AGIVSHBG4BBKKXBGKVEXQB6VKDPA,2023-05-10,VIP
AHWEGITKZOSJIXJOMPY75CWMU4EA,2023-09-03,일반
AH2MFWXOR2Q2JBMEVYN5DI2VIOJA,2023-10-24,일반
AHSA2XYYOJJGPCMHTPC4KOVI54EA,2023-06-21,VIP
AEKI4KLUAOWCEBHQHFGVBZTGMPYQ,2023-03-05,일반
AFCLNH2ZECKMY5LXIR6WTDUJ6BKQ,2023-01-31,일반
AECFK7X5H4ZKSE2P4WI4SGN52XVA,2023-02-16,일반
AGK5OL7ZCDPBSM3GFB57JEDTMVGA,2023-05-10,일반
AERYRV3NSECCWSOGSJRBJDGJP4XQ,2023-12-18,일반
AHEYCWAGWOWMQL6IWZB4UBCM7N2A,2023-11-29,일반
AGQMPE5Y62H4ALYMCMPV5J25BOGA,2023-04-20,VIP
AHYJWLKBVY2CFWRJH3MNID4CRRBA,2023-03-10,일반
AHR5L5KIBZTDOOO4PR5ZHTTVTZGA,2023-02-27,일반
AGYBZE2DXTNOFDZSSKEMY5J3IWIA,2023-04-16,일반
AFRGFFGDKA4QQDI7KUNCOT3GHPLQ,2023-10-27,일반
AHHRJ2ARM7AEB4HWSZKQ4WDAMUCQ,2023-11-26,일반
AHL67UMLEYNKVUALRMYJSWUYJGAQ,2023-09-13,일반
AGZ76IWC3MJLV3HOEA5SWYXOO4CQ,2023-11-08,일반
AH4YG2VYP4IRM3YTUVLMI7XN5T4Q,2023-06-20,일반
AHONA3KJZILUFDDJONLT6IEANU4Q,2023-06-11,일반
AEGJT6ZZJCVJKSQZPBCCMRTQ4HLA,2023-10-13,일반
AFPXZY5YV6BY5MLHSOEIAOM2S2LQ,2023-03-12,일반
AF65USMMUWSGFKVXQA3ECFGFPC2A,2023-09-12,일반
AF2LFKOEV2AUJ6QNTNCZBGNSPFXA,2023-02-24,일반
AGQ4UHMMPGWZR5BVBVJPAKTKBEGQ,2023-11-19,일반
AHCQTOXOF3LBIK6IRYPKYQEK6DAQ,2023-01-03,일반
AEEZ33SWLBQZEQUUK7AM3EICB23Q,2023-01-26,VIP
AGLQFTKRKRRYQ6JHVY6DZNSNKF7Q,2023-11-09,일반
AECLI7T73FK3PR4D3GESJ6QUGW6A,2023-05-06,VIP
AF2EZXMEBWRQJLUWM24ANJCE37UQ,2023-02-22,일반
AHAL6ROBXTH3IRCBZKOLPCLEXTLA,2023-07-17,일반
AGB5RPS3YTHLDOLTXGMHP6TSMGFQ,2023-10-26,일반
AFZUYJEJPM23P4IBOOAHFINA2TAQ,2023-07-07,일반
AEJI74MP3FNPF4LD575KNKIIEF3A,2023-07-05,일반
AEHVAFNMQZ2ED7EH35D3BV23ZQRQ,2023-11-01,일반
AHT77DD5D5XKYWHYSMDHYMEZ5JXQ,2023-10-25,VIP
AF23N54DJK4PDU75O4EWJD5GHV7A,2023-07-23,일반
AGAC4PQRPELTJSFKK4GVXBT5Y6TA,2023-01-11,일반
AFKUSVMWBALVVCQCORIG2IZBAPLA,2023-12-25,일반
AG3CB7GLADRTGQEELLO5J46H5XUQ,2023-12-20,VIP
AFESIGKCPYHAG4HNKQGNS5ZFZVPQ,2023-05-26,VIP
AGY65CCPYYWCF2YOPK5S66JDT7MQ,2023-03-26,일반
AGINWV2CSFV3NMNC7GOBQGNEYT2A,2023-04-10,일반
AEGUR22KUMKPSYANRJUB4Q42DFKA,2023-04-14,일반
AHAXZDBQKLBWPQN5BFPSURNHWECA,2023-02-15,일반
AEGH2WM5MITQZBEZM5JC4XMD2DNA,2023-02-13,일반
AFT26OJLNGYQISACMZ53VFZPU7IA,2023-10-05,일반
AEPNVP5ICQGB2SDHNNEED45KH2WA,2023-06-30,일반
AFND3MO34GH3GBFVZRJEKYHX5QGA,2023-07-06,일반
AFSY2GZNTGXHQUXWYLUPH4PH2H2A,2023-04-24,일반
AF6KLDZHZNKJLRD7BKJB65NA57SQ,2023-09-12,일반
AG3Z5IUUFOD24P2S22VMAWPT7TSQ,2023-01-30,VIP
AHJNMSXBXPENCCR5EVJ63LGMQG2A,2023-09-21,일반
AFGN7L5DTGD5IJJ5VQ4IY7G2J35A,2023-04-08,일반
AGH7NWRR5Q37GMEIR26FKOLJADBA,2023-11-09,일반
AH4B45HPRXTJ5B5FX3WZKJ7K4FSA,2023-11-25,일반
AFDPHEAIYTD7MJ4LF7OK6ODJZ5KA,2023-04-25,일반
AETMASW5U6WCMX7VZA6DVRGR3WTA,2023-10-03,일반
AGSSGQZGH7RKLPAP2JFZ44PHAWDA,2023-10-08,일반
AG4M42TGS64SVYRRH7JRNHMB7CCA,2023-10-02,VIP
AHYXTDSENFWKRKDQ5KOMQ6IJLGXA,2023-09-18,일반
AGECXPAM7BHAHXRREUXEBVRADSZA,2023-11-27,일반
AF3SATPW2CO22VDANST5ZFMQ2I3Q,2023-07-26,일반
AFFQUA4I35H3PGSIRL5BL3GW2ENQ,2023-11-24,일반
AGND33SYSSFRKYSNBGB5CQOODQCA,2023-07-30,일반
AEXWB6LUEUJLRUE35I3A7PQFO3AA,2023-08-03,일반
AGAJXGDRTICIRCARGVACQLPWIFMA,2023-02-09,일반
AHAKYUK7XTHBF4GTP2BGSXCFIE2A,2023-01-26,일반
AHFGDVDHTJKY6CD6ALJ7QYIXHRLQ,2023-01-27,VIP
AFAOU74I45ATGV4STWGKFXBRHODA,2023-07-09,일반
AFO7RG5625GORMOYYYTBYXYCUDHA,2023-03-24,VIP
AF3776HZNNRKUL4UWNIVU4Z6ZVZQ,2023-06-19,일반
AH2XARVUUCZGIBNTL4MQQWNRYABA,2023-06-16,VIP
AHIDFZK6JPIY7FCTPZQJR6MSWV7Q,2023-07-07,일반
AGWW4VSBX2UUCMM5VFMMRKV6I34A,2023-06-18,일반
AHCLIYZDVIIFV3V4X4VPUFCRPP2A,2023-10-16,일반
AFKZM7TNSX7OVVQP26GUA2NULWFA,2023-08-17,일반
AEOWAV5QL6F5QH5VGY4XNKWX7ABA,2023-04-07,일반
AHPNZU4TQSKOFPXCED37ADH7NSYQ,2023-01-16,일반
AHFF2NUJXGN5BFX76OICF6XVEBOQ,2023-10-06,일반
AFS7B5AZ62CAX22H7LCYNQXVCQAQ,2023-05-15,VIP
AGLMS3QIE4S7KPWOXGHTANI7764A,2023-01-26,일반
AGBA7KYAPLBYCCWKRBEAIWCBFBLA,2023-12-18,일반
AG7ZZIXCIBRUJ57VCGVUKDTGVIFA,2023-01-12,일반
AHNJSC2JCU5WZS36B2ICX24355IQ,2023-03-13,VIP
AEMO7DWHWH5OGU427HN45WBERE3A,2023-05-13,일반
AGKTT2MYU4G25XFWMD5S6DETTTGA,2023-04-16,일반
AG64ADZBDOLMMQKFPD6JFZDTHVHA,2023-08-08,일반
AEM2OFBD5ABDZGYUPPUYMCBFDEXA,2023-06-26,일반
AHWRUBKKFE6ZTAPAAR5RCSTAPQUA,2023-10-09,일반
AGCJW7IHJTEFPCN67EP75IOGIF4Q,2023-05-13,일반
AEX2AWDGQSN3Z3FHJPJMDTDHUJFA,2023-01-22,일반
AFNBXMGWYJWB56G33U6RTR7AI2PA,2023-09-26,일반
AHT7YN7PRTQQW4OPDLXHGJXEGJOA,2023-06-10,일반
AGOPYV5RQIH4BBSVXQVFBZLDVHVQ,2023-04-17,일반
AHNE3KUK352LFDTMI6GHAZ5DEL7Q,2023-10-06,일반
AGKZK3N7KYOTCRFGWGDF2EJIQISA,2023-12-19,VIP
AEROHELQUZSGEWF2SUDCANCFNRCQ,2023-08-23,VIP
AGPTBR4QWMDZZ3XAF4EV2UMFQQEQ,2023-01-18,일반
AEN4W53IK6DVODM4J72SQNAYMX4Q,2023-08-30,일반
AEX4AU2AULOQZB35OUHUQ73Q5VIA,2023-04-27,일반
AEK2MRB35PXPW27B5NT7O637IMDQ,2023-10-13,일반
AHPUIT2YTPFHVHVWQPFEZXZZ5M7A,2023-10-09,일반
AE2X3X56PWZY32QSRKVU4VOIKDIA,2023-05-24,일반
AFUXDVUZ2STL3ALSLWBDEAJBR7BA,2023-07-24,VIP
AF7GFM2ILS43R3R7ZWHYAUCPAVAQ,2023-02-08,VIP
AHWLGCCR7N4HTELCLTXAVQM3KJHA,2023-06-03,일반
AGY42TVO76MSDK66XDORRO3X3OMA,2023-06-25,일반
AEIHE3RYSQSHEDWWK75BDB37K3DA,2023-08-29,VIP
AFIW2ET2FNOABPCJHIJORAYTPUIA,2023-05-14,VIP
AHEC755ZTLVUV2OGFJQFWRMB2KNQ,2023-02-15,VIP
AG6CCP43BJUOX7RZVWBHLG7WGNOA,2023-02-19,일반
AGOHEKMCFFEVVEYK75KRR6JUN5LA,2023-06-15,일반
AHM5VPEM324X4ZSA2GQCBCD423PA,2023-04-16,일반
AEK4FIY6OYHQUATRL3QUSWUSQLZQ,2023-08-04,일반
AGPK7LBOP4LXMHGVL246WLA53D4A,2023-05-26,일반
AFZDTYSBA3OFABW3ISFCOOKQK76A,2023-03-13,일반
AEYYA6E4ING5KL43ZEGPYXKBDSBQ,2023-11-26,VIP
AH7YJB6PZG5KP4GCWMQCHRIO3I4Q,2023-09-30,VIP
AGXITCDLYCTWJZOTV5ZF7ZR7O3MQ,2023-09-04,일반
AEXIMD2ECDFFF6J2U7TZ5IXA2GSQ,2023-07-05,VIP
AG27ECFAKUL5MDR4P7O33R52MEMQ,2023-03-11,일반
AFTWSUMWZSYW6GG3YXVDAXHVIWFA,2023-05-30,VIP
AE7DUUZF744LA3EMVCLI3UJDCIDA,2023-09-03,일반
AFY63CMR45TQ44JBPYWHGUBOQUEA,2023-09-19,일반
AEPIMEBYBSIKSJF7NFEQPCLPDF7Q,2023-01-26,일반
AHKQBTJ7JR3SO57H22GOC7SIWG6A,2023-05-20,일반
AEDPJXQWX34LSNG4ZOIRO2DMYZBQ,2023-04-09,일반
AFUH5D4EYPVUKL6RIODLMEAZDVEA,2023-10-05,일반
AG75QN74MJP35SGZVQCK7S24TBPQ,2023-02-20,VIP
AFR3PNU34Q3NU4MZDAQTEVQGYJNA,2023-05-31,일반
AFEGTYZ3KEHM3T6Q47CE2F3QDTZA,2023-04-14,일반
AFJE6BAJEFG4B2OMCFXYFXBSWR5Q,2023-03-30,일반
AG72HBSOIRQFGJN2NY3GPAEEHZTA,2023-05-21,일반
AGXAO67Z7IZENINTB4FWJ53Y3V3Q,2023-08-01,일반
AHGR7SEDTEDIYX573IXYTQL3OWUA,2023-08-21,일반
AHYDO3OKLMDU6UJQ6YTMQWNUITPA,2023-07-02,일반
AGSZKOHJZVCRZGZDDCDPNSHZLOOQ,2023-09-08,일반
AE4PB3GAZFWQPTCFXFFJMMZOSU5A,2023-01-09,일반
AH7GI2ERU3IXB3L3UMCM7UFQT6XQ,2023-03-20,일반
AEJDGQU75PMFGJILLZKBUARMLQOQ,2023-02-21,일반
AECTTIBADJRR6PNCGQM3KLJT65XQ,2023-09-26,VIP
AHH5S3NZXPTNEMV5ACI2OUFQPESQ,2023-08-14,일반
AGX67OWD4YQDA7GEIGCMB5DYUJZQ,2023-02-20,일반
AHVN4Q73CBYLXS6PD7JYBNQJOXSQ,2023-07-05,VIP
AHDJXSEX24G3F2AMLX7H4VFW6Q4A,2023-02-03,일반
AEF46GENYIQSETB5QV7U3BFPRLWQ,2023-10-18,일반
AHU2YNBLYGUZR45OTIEIAG76NCTQ,2023-08-18,VIP
AGFPDBO7Q4GQBCWMY3OPORD74ROA,2023-05-11,일반
AF4B327ZIB5IJWIFEVY6BWMB75VA,2023-04-30,일반
AGDV7VQGI42G6HVOGW2OSWKHBPWA,2023-11-22,VIP
AGPK4QIB6E5RFJAYZCNS7XRT5OVQ,2023-09-04,VIP
AHN2VCYDPYHUDXSLFOLGIN5J46XQ,2023-07-11,일반
AFYLAHK2PMQOEZJNIM4V7N7ZETYA,2023-11-19,일반
AHZBOE4W3PUVBX7VYDBE57VDPMBA,2023-07-29,VIP
AFQDUFM2UWWPT2WM2ETLFVSEAVUA,2023-04-13,일반
AHVI4UXZR4TUQT7MQLVDZXKWTOOA,2023-11-25,일반
AHCSFNVYY5Z4MC3YQWCKQXN43UKA,2023-05-13,일반
AGRXFT44MBP4EAAKW4AUMJ43HASA,2023-11-19,일반
AHCJ4SBFDS4JQ3KM3TB6JPV7LCWQ,2023-05-19,VIP
AEMRVATZMCTFHHWR4RGUBJ6EIY6Q,2023-05-01,VIP
AEJTHOGZUGNSJ4U35D4JDA254VNA,2023-04-04,VIP
AEBRKCEYVLKRYEX4DVFRH3UUWPVA,2023-05-09,VIP
AEULXBJRVQTUU7LYUNJK4VQD2LLA,2023-04-01,일반
AEGU57M3ITWK676QUCVQYF4ZMM3Q,2023-04-02,일반
AGLUPY33OM375F64CHDCQW3KF64Q,2023-03-04,일반
AHL6DKFWYVLNGVHHQMGWVVZY5D4Q,2023-01-29,일반
AEV7DR7CDJFYPKCDK2Y5WGUR6BDQ,2023-07-29,일반
AFTAR6G52NZQDC6ITEORXUZHXURA,2023-01-12,일반
AHFKFHJR6Q3FYXQH42N6O2RHLAYA,2023-11-29,VIP
AFSIHCK5KXPIX5PVODLGUIIHVWIQ,2023-10-24,일반
AGX4KI4YQ2MBM4CMZEFHPLQBGPTA,2023-05-10,일반
AGMLCKCSUIFBF3A67WZ7OLGFYRYA,2023-10-20,일반
AFZBWPKSEOJ3ZXAVS7IA5QMLX6SQ,2023-06-22,일반
AH4H673QHNMNQEBK6XKODER4TXBA,2023-07-27,일반
AFF3RSHZGO4BAR2KYIOVYD3VGZVQ,2023-01-24,VIP
AFEVGT6SALVKATPAPCZQCUOZFA4Q,2023-04-09,일반
AGLKS2YBV32Q5F36ESVSZKN7YZVA,2023-12-22,일반
AF3DKAW7MUAW6MB7HC4YEPY6IN3Q,2023-05-19,일반
AGVNDZ4Y2VJXWYSIDOP4GXJYF5DQ,2023-11-10,일반
AHNCY56JLPCF2AHRH3SO2RIKHYFA,2023-06-23,VIP
AEBZKKPXROE4RBTBFJ6E5F5BGALA,2023-01-29,VIP
AHMGJ3N5TJ5YYHGONQ4YANYH6EFA,2023-05-23,VIP
AFLOWV4SAZ4GJHBZZJLRC3UYJPPA,2023-11-12,일반
AHJERQSJBOQHOWKP4BHQUZNAK32A,2023-12-17,일반
AF53E744SCKUPF4AKF4LL3VPKRDQ,2023-02-11,일반
AFJQMCVVZBRSBACG5CHFJ653CXVA,2023-10-26,일반
AG7YXM3CTKIWDRFUWCMM5KGHAP3Q,2023-07-27,VIP
AHAB4O4T3BB2LJCQJ2IULLRC2ELA,2023-11-26,일반
AFY3BGO4YZABQCIIIVYMRYDQ3QWQ,2023-07-11,VIP
AGQHA7FMMURNYMQ2SM2LJV372TTQ,2023-06-09,일반
AFFD52Y7MQO7ET2RYGACLHCZTRTA,2023-03-05,일반
AGPWQPY5N7CBNPKJ3RLDSLUWKOOQ,2023-08-31,일반
AH6WHKS34WZIDXRKN3YKSRQCBLEQ,2023-09-15,일반
AFXIU2GNQU5FDRWNQR2RKY5NBG6A,2023-06-01,일반
AER7IMDKY6Y2NLWEIAOEOEMWPTQA,2023-08-03,일반
AFGIZWFPMU77SMMBFMVKCNRBXPOQ,2023-11-18,일반
AEHV36BG2B5DD6MRSRAJMEFNF2GQ,2023-06-15,일반
AEDONSL33XUU6IK7HCDLQEPV7GGA,2023-01-31,일반
AFIXIYJE5BEMYL2TLUYPGAPYPC6A,2023-08-20,일반
AGT2K7XLOKTPWOWG32DBORMMK4AQ,2023-10-09,일반
AEPSOFO2EJJOVKNXXBISGJWVHCWA,2023-01-29,일반
AHD7UBRNLFOB46RIRLFXKJY6N53Q,2023-07-14,일반
AETPMOGJUEKAM3X4BMFBSHTDQ3BA,2023-11-30,일반
AEUUSCC65BXKCGFTNKBRKYCWIZYQ,2023-09-13,일반
AHFSOIYBAXZ3WLROODW5ATRX2XKA,2023-10-08,일반
AEKIANKK2HHKU6TJ2U2ERPAMQKKQ,2023-10-31,일반
AGGBFQHKXHD3VWPDNLO423V4TCPA,2023-11-17,일반
AHSMRFFHYS3UI6RA4KJSF7VDC4MA,2023-11-19,일반
AEBEEXG4EBJXPW7PBL4FL62NOGXA,2023-12-12,VIP
AH7CVQ6755UNVDKSBS2CKWMHOCZQ,2023-10-21,일반
AFMAYVBVIPFZYBTDGWSRCTASMZ2Q,2023-03-28,일반
AHEZ2YIPI6Z3RJH22BSRYMSPEWOA,2023-05-29,VIP
AEHUTTWMDAOEZMG66NSX74CVMGQA,2023-09-06,일반
AH7T3ST2K7B725YJN7TRBAV7WTXQ,2023-11-17,일반
AGM4CQWT4HY2YVGKXBPKH3FFSL7A,2023-10-10,일반
AEXAE6XNUYOTIWU4SAWYRHN3TVZA,2023-12-28,일반
AFSTYN76L3OSI4XWVZFQ2YIBIL6Q,2023-07-17,일반
AFO6ORYOBVJCCFQJXDFUDDVWPNAA,2023-02-13,일반
AF5CFHHUVY7M2WGITP23UH6SJ5UQ,2023-12-22,일반
AG4KXXU3X2W7U5GHPFTQUH7B74QQ,2023-01-28,일반
AGVNR5BV6PXJKH2OXB6HYQN5VJCQ,2023-01-17,일반
AGPKKHWDHRBTTI6H2PMDX32QHSSA,2023-05-07,일반
AEBE2BCPPVJ4IPBU2J5EPU44WQJA,2023-06-17,일반
AELG7IFYME5AQB2B576XLNQDAKBA,2023-09-01,일반
AFGKUIIJE6RZVXZ3ZZ4SNSTXE4BA,2023-03-17,일반
AFT3A5EEJX2ZDXDFARRX2HR5I6BA,2023-08-19,일반
AG5W4UZE7KIEFTWZQAPHOOCNBHGA,2023-07-23,VIP
AEVX4JV3C4QR3Y3V3RJXQ2WZAR4Q,2023-09-05,일반
AHR5JZBK66QYZSEJ37GM3K2DXDIQ,2023-10-29,일반
AEAOSBMIGWQY5HFXDMBRQUE3L52A,2023-08-02,VIP
AGUEJAHXS2LL652SUQTCM52FOZHQ,2023-08-03,일반
AGRMA5YXQJV53ZJHIRAIZTBPJ6DQ,2023-06-07,일반
AEVLNW7OEHU23QZWBPF2ZLYHTBHQ,2023-03-10,일반
AGD6G2GDZX44OOJJCN4TLROEP7OA,2023-03-26,일반
AGTISTATRBDCRY35BAIENJ3YZLXQ,2023-09-24,VIP
AEV77VMKNNCQ5VIEWG3WOSCCVIBQ,2023-03-10,일반
AG23ZRBLDYWQAUQHZH5QYDKSFTPA,2023-04-09,일반
AFGW5PT3R6ZAVQR4Y5MWVAKBZAYA,2023-12-13,일반
AETYH4YVGJXWRIRQJQUZ7OR5JPNA,2023-08-04,VIP
AFRYPUMXJ7GTS5G4YBN5B6A6UZIA,2023-06-10,일반
AH2AVOZLB7HONYWXE36LNSSH3W5Q,2023-04-04,일반
AG6XZKNID4KTQYM4ZI4EYKUIMPCQ,2023-06-23,일반
AGGOQNG25MN3SQK67LCMYO2ANTNA,2023-06-14,일반
AGFGMHAZIHB4LSRP3ICDFTVOEYRQ,2023-04-25,일반
AGNDEWYGSKM75CIOKTG7OQ2JLMBA,2023-08-08,일반
AFHXOJYSPDBZUBOUC44SVFGLXFYA,2023-01-31,일반
AGRACQ6KUYCYWALI5HNKD5QLJ25A,2023-01-11,일반
AGQFBYYNUJXJSAWYO5LHEQDFEHKQ,2023-12-09,일반
AECNIS47DOPIKSIDCNYXX7B7PIKQ,2023-05-10,일반
AGXCVMSWE3C7GSLFIZZQAIPXK23A,2023-04-15,일반
AGLUHXCJJDHZGCCQWBKUF7NAKL3A,2023-01-27,일반
AEE4VC52GEZBJ62O6SCO43EWMT6A,2023-08-15,일반
AFOQTS7SC5AGY5QHWAOGODRYPSYQ,2023-01-02,일반
AEDWSW43DK26XB4AM4TRHLPEJ3HQ,2023-12-25,일반
AEUFRVIZEZ32IEDWOE3KGCZXPRKQ,2023-04-11,일반
AGXY2N4QLW5M2KWTEAYKQSRBLOIQ,2023-01-21,일반
AFCWPBRLAMVOA6L27EPNMTLS3IYQ,2023-02-27,VIP
AEJEWDZIQ3OTE47W62ZJ2HFOLRZQ,2023-06-29,일반
AFZOUV6DSSLIWTHCEQED5RR6HGHQ,2023-12-07,일반
AFL4I5P7WCRS6SYIW4ZNKWADKV2Q,2023-12-15,VIP
AGFKMDMUPNFM5JWT6BBY2SEVMHMQ,2023-01-20,일반
AFKUC4MUHKKVBKYKGLJ3W52G6SVQ,2023-09-12,일반
AHBS5ADSTPJ6C5GUYBPG3VBTVX2A,2023-11-13,일반
AHUM2M2XXYNDAMBYGMNREX3XIYBQ,2023-02-07,일반
AFCQXQUIMMCKM6Y743IKFKIMAYWA,2023-05-28,VIP
AHSBMJGIRPF66VB6VR76KHJAB3SA,2023-01-25,일반
AE556ASSODHNECNYDEABP6Q7Z75Q,2023-05-01,일반
AESPTUXAQMTJ64NCR4QI5N6WL6HA,2023-01-26,VIP
AEOVKYUJ6EB3K2D3CALSVWOITV6Q,2023-06-18,VIP
AEAUQLBFFDELPJFM3F6JAIX4VWKA,2023-11-19,일반
AFEQDV6CWBY2Y4WS6ALF2BXU7VAQ,2023-08-13,일반
AHRRDBQR6IU4V4XBBLSJRRML3GQA,2023-01-01,일반
AH5BI7KKCSC6IZ2AS4XJZSQ7QO3A,2023-11-03,일반
AH2OKG3SYK3EHZWPVLNDVBVJCTSQ,2023-09-18,일반
AEZUK5C5IY67OZ35JX7BP2WBG6JA,2023-01-13,일반
AEEVM3YPIPIVWHVUE4HARBANNZHQ,2023-02-17,일반
AH634NGKAQR32XMOCSUF6LZB3RWA,2023-11-09,일반
AEIVSZGOPMZLJCLU5F6NNB7AXZLA,2023-10-18,일반
AGSG3TQTQT32FRNXOONXQ4YWXM3A,2023-11-28,일반
AG5B4QNGCUV5VYRNLLOPULVJ5N7Q,2023-04-04,일반
AEPZI55CSYXEU74X4FXNAOIP4COA,2023-09-18,일반
AEP2DVN55BAR3JCNCHH4VDNORE7Q,2023-10-05,일반
AGV2QERVROHQ3E44IHQIUKCEEO3Q,2023-12-25,일반
AE7GOXE6DZEYGOHGHKUAODAOWECQ,2023-07-24,일반
AHNY4SVAISG2VQGF2Q4ADDFZIU3A,2023-07-04,VIP
AHGCRVLMGOBN45HUKZJJX5WK2TMA,2023-06-24,일반
AGDLVWA7M4G3IWDMTUODZ2BQEBOQ,2023-11-05,일반
AGZNR56VGSBVUSPZ7ACSMX3FFFPA,2023-03-10,일반
AHDRIG7FTS342HRYFJSA2PVXEOTA,2023-04-14,일반
AF64JDHZPT4WFDN6FBVNFGIAQXQQ,2023-09-03,일반
AHJX6GE7IGMLFM75SMKATV5ZRZ2A,2023-06-10,일반
AGTYFIQ3EIVLCEU4GJXBMWRBWDTQ,2023-07-19,일반
AHOP3ZSYI4ZWF4GAU6Y7U33ZLTFQ,2023-08-04,일반
AGAMVFFHI7EL23RQYBA4JTXR6GLA,2023-07-31,일반
AHCBSXZTXE7A6XUG2V4664YZHESQ,2023-01-16,일반
AGEXNA5HHXTVUSHJNWFCDPCJOOYA,2023-11-28,일반
AGOARXYHOENO6YEI7N64HK5CDQCQ,2023-07-24,일반
AGKFFX6PBTWUNBMN53YLUH45U6VQ,2023-12-31,일반
AFGVIUCA3RTCKMTDTO3XGNTHYFWQ,2023-02-08,일반
AE3AF67Y5YK6UG7I6HIVMWU4NWVA,2023-03-30,일반
AHPYT77JL5UZQ6QHBEZMYGK6WPRA,2023-09-13,VIP
AFSXOLLBT7WLD5M6GMY4BKJP3RHQ,2023-09-11,VIP
AHORF7KU5KCVPIXFW5LRQKGTKVFQ,2023-08-04,일반
AEKXXDCFC7X7LKTIFHISM4LZGYXA,2023-10-30,일반
AEEWUDXSGNJ3CNRK3PKT5NPCLNJQ,2023-06-21,일반
AHGOIGUEHWNGMJV3KAMYFP2CBJPQ,2023-05-17,VIP
AGS4PLUFYAXTS4Y7Y4Q6ZT37BYHA,2023-06-27,일반
AECLI5ARPX2YOZANEVKSRVV36QJA,2023-03-18,일반
AGTOUKATNU32FIJPOWKQKZKPPJ7Q,2023-07-07,일반
AFM5HEUWEZMBGCZ3GGAXKAUZASGQ,2023-01-15,일반
AHSZV233OGYLM4RVHF7F6YJZM5NQ,2023-10-19,일반
AHYBTPEMPO3DK4PDH62ZYMP3LG7Q,2023-11-15,일반
AHUECKMZOFXYUTC6M3LUATLL6X7Q,2023-11-21,일반
AFRB32NPLQW24ZGJTXRYK6OUI2HA,2023-08-02,일반
AG2PGVWTVLRVZRJCJH3YOWP5FNQA,2023-07-27,VIP
AGWINPX6IU25IAPSX2FK5NO44NBA,2023-06-18,일반
AEORIJHEIQAZQL6IQ2R4IMSB457A,2023-11-26,VIP
AHLGTVWW4EB3Z3HM6JEPVMFXUB5Q,2023-10-07,일반
AH57EC5U62WSRLNIPBXDLBCJQ65Q,2023-11-01,일반
AFWSPLLT7BYEGPY2VJGQEMRIW3BA,2023-05-26,일반
AFMJDR7VSOX3M5WH2WTORPQ37V4Q,2023-09-20,일반
AHYDKTW3WJO4HNGBHBOAFCJ3LOSA,2023-01-04,일반
AE3EGXXGRBM43FWMTLQB37JMC7OQ,2023-03-31,일반
AGIHOZJO4PWX5Z37R4I4RQXIZWRA,2023-03-01,일반
AE3CC3KBP4BWJZJMRJD4W6DYTXUA,2023-11-07,VIP
AGMKONPE5QC455TBAZN4QNR73KXQ,2023-01-16,일반
AFH3GSHTIVQMKDP27TOCVV33JPOA,2023-08-15,일반
AED36GWWMN3IDN6MHKBLYHYCTTYQ,2023-01-29,일반
AHOIB4NI2LLE52QK6Y3ISJQUH2RA,2023-05-31,일반
AE64UCDJJ5GO35UI7VJ2OCCZMGFQ,2023-09-02,일반
AHQNBEQHTS5HDSNP3LMLQA4H4YPQ,2023-09-27,일반
AEPSO6AT7QUTF6LYRISXUYQKHM7Q,2023-03-20,일반
AE6X7T342OTM3RULX5KQPVUT7TTA,2023-10-16,일반
AFIWBQHKNAVWZTU7RYW3TJLJVPOA,2023-06-02,일반
AH6SPM32C4XZBAFVXZXENRZ54LSA,2023-10-04,일반
AGWQXJIDWICZWNZWNO7SKP3YFEYQ,2023-10-06,VIP
AG7XS62BBYTJDLOVUFYPSQ2DZZZA,2023-02-26,VIP
AHIQFVEC26UUHE433ZSICDBIB36Q,2023-07-05,일반
AG6LT2H74ZN26WM5OVCIJ6O6A3GQ,2023-04-03,일반
AGV66D5F6ULOSDAODDACCVNQ3V4Q,2023-10-03,일반
AFFCMTSY6Y6SGHYK7FNX2HBZ3NJQ,2023-06-07,일반
AHJC3EZMZ4YKHBUHTQEZQ3BQMZJQ,2023-10-02,VIP
AELGICL2JENHDPFKWMURBPFAUSDQ,2023-06-30,일반
AF6I3MZF3P2HMDTVRZR77JNTYUCQ,2023-12-25,일반
AFEXRCHGLYKM5ZGHJBVX6L5VIOXA,2023-03-18,일반
AGVUL37HNVQISEF42ENXXXXMDPRA,2023-05-31,일반
AGLL2HRMUMQ5JRZ7Q7DPQLM2MIEQ,2023-08-26,일반
AGQQKGDKYF7X7I4LCCCA52XMHQ7A,2023-10-16,일반
AEFAWUMPU4OZI76XQ37T5D7JHLEQ,2023-08-19,일반
AGXJMJ3ZVCCFNNCTGL4JX2FYEKWA,2023-01-18,VIP
AHFQU7X3BLUNYBPNEBVXRU7U5QPA,2023-03-14,일반
AFGT22JJOXW56REVEYUUUEME2ABA,2023-07-08,일반
AGQ7ATXOIGSUWEFDGJLYRLPICJRA,2023-01-17,일반
AFIK7KPO3RADGPXCTCIJAVH42RLQ,2023-01-19,일반
AHTWRA4ZWELHIXKE22VC65Y5C34Q,2023-08-07,일반
AG6Y7W6NMR5NHG7WBAC6A4FL37PQ,2023-11-22,일반
AE2FPXNWO4ROL5WOAVLZWUE4OIAQ,2023-04-30,일반
AF6X5BYG5LOTGQA6NAX23M6MBIAA,2023-04-11,일반
AGB2NK7XN5VYFYWIZMGLT2GOSZAQ,2023-02-03,일반
AGYYINJ6VW75W5MDDPE6PJR2QPUA,2023-03-25,일반
AH7NGYY4AFPLEZ3NC5GNDLENBCQQ,2023-07-15,일반
AF7VPS5PMKH5UYES6FA7ZBWEHDBA,2023-11-26,VIP
AHU6RJTP3WGFQSGLWI322N7QZYWA,2023-07-21,일반
AG6OZOGIQT4YSME7I3M7EHU36AMA,2023-12-10,일반
AEX23SMNPHAF7B7TZFQDWKF5ONEA,2023-12-07,일반
AEZ5ML7WBTQQFSTJQVN5VVYDE5BA,2023-01-11,일반
AEBPX652YIDCC2QXOBBBXXZREV5A,2023-12-13,일반
AHB35252LHDGWNDLIDUOMDN7RCWQ,2023-08-06,일반
AECO65DQ3UZY67KSSN3RSKVWKXYQ,2023-09-10,VIP
AHD4I5YSPMHXVVRGS4TYHZXV5KJA,2023-08-10,VIP
AGLW6Q6I2EB54QMWQJTIQIV5WPHA,2023-03-21,일반
AF2Y3I2R34UUCFXU4B2SBYXIRIFQ,2023-01-07,일반
AFI36ZLFDFH42B4RA7PAXXRQTDAA,2023-09-29,일반
AETDNAYCLJMDIBHBHDDOHYNDNFTQ,2023-08-15,일반
AEOBCJAUHKQ3VOH4XXCLGXUUDXCQ,2023-01-16,일반
AFFPSASZUMB7UWM5JQETXHG6LA4A,2023-01-12,일반
AGYH7DGFYWVOZIPJG4JTAWZPZ7RQ,2023-10-18,일반
AEFUJZ7AZW6MNREF2KOJDSJSYW5Q,2023-08-29,일반
AHIKGYNU6WNPXPTNQ754PCL6LKQA,2023-01-21,일반
AGZG456A7LZTCMX4PFFQJDOOAHTA,2023-06-27,일반
AFEB2FWJDNEWTE53GMSW5WEZ6AUQ,2023-08-16,일반
AFQDNUZPX7U57MYDFE6G63KARMJQ,2023-09-30,일반
AHWLTHKYKXVQESLJVESM5URXROEA,2023-10-15,일반
AFEFEZTZWJLYZGIVR7HLHRI3W5IQ,2023-10-24,일반
AFZLSCVPVJVKTHLW27QNQ7NCKILQ,2023-05-14,일반
AEAX5Y7DTTQZQWVZQMUAJ5OCQWXQ,2023-10-10,일반
AH22UNUP6EJE65PJ6DWGBZL2A3OQ,2023-06-02,일반
AEMRAWUZLEF3OUDOHGY6R2K5J6QA,2023-03-07,일반
AFCZVT5Q2S2GGB4UUZE6ZFHFJDYA,2023-05-17,일반
AENBJYCQHVQ53U7RS7BITRH7MDJQ,2023-04-02,일반
AHLSYCYRDNSLULX4Q5KSDKLBPP6Q,2023-11-13,일반
AHLTVQ6ZLVJWC4WDVY7SLO34XJCA,2023-09-16,VIP
AFFUD4FDZRW3XZWBLQZSWI7AGFVQ,2023-04-13,일반
AH5LM3I7HGYK3YAX2ZANUO2KCZ4Q,2023-02-24,VIP
AFH5ZTE3LQMVPCB6QL2KFB52KQBQ,2023-09-14,VIP
AHOBQSYNMOKA7BB6ZZLLDWPMBUYQ,2023-04-11,일반
AHRW66EALO2DVLGGMFXH72MZZFEA,2023-07-17,일반
AH2TJNSBMF5HQIGCT7GTQEQDVXTQ,2023-10-28,일반
AEZWAAKKFCXMULYUT7J5ZD3RGU5A,2023-08-14,일반
AFFU3N2R3CXUIL4HQJUM2FTMZDYA,2023-08-25,일반
AHR75VP33NISTO46J4HNQS5CGPLA,2023-01-26,VIP
AEZLJ6HCUWVZCDN2QPW4AE7HGRJQ,2023-05-01,일반
AFIWT3CLAKB55S43VYSJ53PPBPQA,2023-07-01,일반
AF576I7SULY4ATULSJBW7KGAK4VQ,2023-07-18,일반
AFZCIFS5Q5VKKUK7X3MAEIUK4WYQ,2023-10-29,VIP
AGHU5JLUIGVJY4VSZ43QHW2Q64VQ,2023-09-12,일반
AFSITWWNNRRRYZ6LBPGPBIZAQDXQ,2023-05-02,일반
AEKOYL2NITTWDV2725B6QLTUYGBQ,2023-01-31,일반
AH5FY7IIP3DJVNWTYOJ46P5M3WAQ,2023-11-11,일반
AEH37ZM7QT7HC7PJUDD2OMJUQ3ZQ,2023-10-12,일반
AHQ6V572IRATWTVUSX4ZHTEOJ6LA,2023-04-16,VIP
AFP7UACKVYT7LCUSAEQ43ALJK5BQ,2023-08-12,일반
AEG2WHR5FSYCEYGD3KEKGENVLP7Q,2023-09-30,VIP
AFPPIAJJ3UPHOS4GKNCSCB6WEVKQ,2023-08-20,일반
AGA7WBYRWAQ3J3OQ3DWKJUZK3ICA,2023-09-13,VIP
AFOTWKP3UAWSJWRUK25NQLUAM6QA,2023-01-24,일반
AF5KBBY2ZAPSPXB6U7B4VLO2VT6A,2023-04-19,일반
AFDH62TEDBX5SJ3FSKZSAX33DH2Q,2023-07-10,VIP
AH2SDDRNAZIYHVJYBDDCBH4KRQNQ,2023-12-13,일반
AG7SOO7BTPB4YXKS4G5UITCFX4GQ,2023-01-25,일반
AHHBMYHNLEWTUVSATQ2JSLH6N7LQ,2023-07-06,일반
AGIBUV2VEAGMLKIACL7LEE2P2RQQ,2023-10-15,일반
AFNF7FSMSFXXMWH5IKX37LUXMG4A,2023-04-26,일반
AHGGMK5IGT2IKSYYR62ABGCO4HZA,2023-12-04,일반
AE3FL6OXMXKQCWOBJCDYMJWNA4EA,2023-02-06,일반
AHU44INII7PA363NXXQYT4LH7FSQ,2023-10-09,일반
AGSGVTPC7VEW2IQVST3XMCNBZCDQ,2023-05-17,일반
AHPVM7CXQYY2UPGMQCIN3CYZMCBA,2023-08-15,일반
AENNXW426LQ63GMKZIY7YEECRBUQ,2023-11-16,일반
AGAQKYRZFYPLG7NL3P5PPBBAWIRQ,2023-11-24,VIP
AHDPIFU3ZXS54PZ2TX26RCZQ4HLA,2023-07-01,일반
AGIMQYYJFZUX57YLHEQKRD4MEZMQ,2023-12-28,일반
AHESRTFWPTZDAFJBW47UFMLQLEMA,2023-03-27,VIP
AE4X4RZZDN6H2D7NHKZ66VLDES7A,2023-02-22,일반
AFUT5RC32UT3SXTXUMYXYLS2Z3OQ,2023-12-14,일반
AFDIQRC5FKMI2FC442TCIH7FID6Q,2023-12-21,일반
AHSGCVKHDAXRUG4R7V3RB6WYLZCQ,2023-08-23,일반
AHFTHBS5KCQWNQIYBUXWLMS6VJNA,2023-09-24,일반
AGQAZKHJRJ44EBAFG5NLJWB6VORA,2023-10-14,일반
AHZO434YNBOOY33A2IHP3RCV6FOQ,2023-04-10,일반
AGNUIVLVQZXACC7UBK6KUYONSKFQ,2023-03-28,일반
AFHTHDZC4BOFGJAGPN5EGVLT76NQ,2023-01-15,일반
AGR7ZWKS6IANTUZJ26FNMG74IUOA,2023-04-11,일반
AF2NMGMO6GOFFYU3TYVZYX6KU25Q,2023-06-14,일반
AHXO56F7SD2DIP32TF2DYFXQRYLA,2023-01-29,일반
AF2JRVSNIBOLEQ7JJAMEDYI6KFNA,2023-04-24,일반
AG2KZIEWJBPZO4LANZZXK7YITI7Q,2023-04-17,일반
AE6HZIWCKGIK6A5E2O3FKGEOXWMQ,2023-12-30,일반
AF3K2H5T4WJA34CWHVX5GP7UR5BA,2023-05-10,VIP
AF5B57TLTYLJQ2ZKIKWG7Z3X33UA,2023-03-25,VIP
AHQRQ7SYZACJCC7C24RA7UIAJQDA,2023-09-28,일반
AHAJEE66NTLWNOEFHFRCXAEWBCIA,2023-09-01,일반
AGW2ESCSKYPOEDCQW2H3CYYA3QBQ,2023-08-02,일반
AFWNPTLGMCGHXXZKYKCF2C7BLBFA,2023-11-02,VIP
AHSBHHTVA7JAYRS6BXGOSRKYHO5A,2023-06-15,일반
AGBPYYXPYFPYEL5GPMNEFGUBHUIA,2023-10-06,일반
AFLAE4TFD7YC22INZXE2MTEVRBQA,2023-02-28,일반
AFJ5MWRUWPXTC7NZYKXRXMNOKV6Q,2023-03-31,일반
AFBKPWYCMY4EJHOAHFRWNEUOPCMQ,2023-11-27,일반
AH4YHJP32KW47POTN2WRWIKJV4WA,2023-07-13,일반
AH3ZSUV53ESBP32X2A35F2JJQGZA,2023-05-03,일반
AEFLSGZLX2IZ46ZHEXXAGLAWX5XQ,2023-05-16,일반
AFPSNIOJFCYMXZ4Y5KYAYOYMCHMQ,2023-05-19,일반
AFXDV4IJ5XF3PUIJXXTBDPB2QWNA,2023-08-17,일반
AEVP7TTOWOQMU24YS23JQSIHG5EA,2023-10-01,일반
AFIB2L4BUCFPIG5U73AN2BVJ3QSQ,2023-02-19,VIP
AEI3YYFPUCPXOK5MAJVB2CKZHBYQ,2023-04-28,일반
AFWTLKVVJSYFOHJGGWNK67SCX4NQ,2023-07-21,일반
AEANG43WACMLOHWRIT6NS5P2SEYQ,2023-07-10,일반
AET5DGQJSXDH3XCLPQBTUPRXW6FA,2023-12-30,일반
AHS2NCPC5DU6FFUEWEJ2DVCWBFLQ,2023-11-19,일반
AHYAZBKFP25QVIQLCDEJ6UDI52SA,2023-06-30,일반
AFSPVLIMFSGKQR6ETXLQ23M53NGQ,2023-03-19,일반
AE2TW6ATJ4SP2DNK4TH4DFYENOBA,2023-03-16,일반
AHIXHFFI5L4PB2TCIFILOKL2JQQA,2023-10-22,일반
AFPXOI3VE6B3BVBLXEM2LPXNSX7Q,2023-10-08,일반
AF4T2X4ERS7QGU6JMK3GRNIMH2AQ,2023-01-21,일반
AGVN4E6XEWZFGGBQRKLBDQDRJW4A,2023-06-20,일반
AF3LTXGROTRPTNO747RCWCTEONUQ,2023-01-15,일반
AEIM7QAPGI5IXJG5XRJCLPBNDNZQ,2023-07-30,일반
AGWGB5WLNQZEBFOISXW562TNCKNQ,2023-02-17,일반
AFBZ5YXV5MZWW3BL6D74PJDKEM7Q,2023-03-27,일반
AFAQNP7A3V3LBMYSP2GNUNTQIZ2Q,2023-05-29,일반
AHYFD4V3SISZ2UMN2RLAF472Q4IQ,2023-07-07,VIP
AERJZJB2VKDQ53SXTPGMBWV7Q7VQ,2023-11-02,VIP
AGG6QX23VMVZKIKG4SJU4UBNM4SA,2023-05-31,일반
AHX2T2DQRBQPRTNZ64BQE5C7PKDQ,2023-05-21,일반
AGAOBZI6ANRCGVDMCJXTSAKF4GHQ,2023-03-10,일반
AE5NYBPJTJOSK4VJU4OTM75E4OBQ,2023-09-17,일반
AEVRANATL7R2NNKWWLDL5XHSG66A,2023-11-30,일반
AH3SY72KQ65HR7YHYZ2MINDATYKA,2023-01-09,일반
AHFEHKYNESEZDPVMXT7UVI6U6KLA,2023-05-01,VIP
AHXCBTJQZHWSZ45OSYZA4PGMC4UQ,2023-04-11,일반
AFKCVK2XABWVJXQC4AHL37WW2FPA,2023-05-29,일반
AHVWDCCSUSY33GE2QNV5BUQ5OB5Q,2023-05-26,VIP
AELWEKQLTYE7G73II3CIQS726XKA,2023-12-19,일반
AG47744WDABVHDCDS7565VQQMQEQ,2023-08-31,VIP
AFU3SQTJRUHU6A5SSPEXSO2YZWJA,2023-08-29,일반
AFOAABE5YGL22LDEWBCJFVDBHS5Q,2023-12-03,일반
AGVMPCT4JBSS73OFHXFO7ETF5DOQ,2023-02-12,일반
AGHRHCHAT6IPHIIAOXM2GKHOUCCA,2023-04-05,일반
AGAOWLGAUJ7WGZNAEUHHSWYYORAQ,2023-08-14,일반
AEVQJEWD6UXEKBEG7RAJA62DJZEA,2023-01-06,일반
AGNWSHTGWUQFVMEEWNPCPYUDI2WQ,2023-08-02,일반
AEYG24SMQANBEU3UKLVWZEYOPW3A,2023-07-25,일반
AH4HN4GYUN2DR2DRBIX2P2SSQM2A,2023-03-08,일반
AGNHDWQOX4UYZVQ4IZVKARWE2Y7A,2023-04-10,일반
AFQDUDTKYRT5XACIAVGGUJGMTIJA,2023-01-12,VIP
AFJLDRIDWU5X34BNJZSWOG3FHLRA,2023-08-25,일반
AHXKIRJTURRXQ7DQD7U4NARBKULQ,2023-11-18,일반
AFQO7DAL3YEZNXXLN7TFQIWVO3IQ,2023-09-15,VIP
AEYEAXP3BZLJKEWT5IPHCOH2KTXA,2023-12-03,VIP
AFDGNLHZOGP6EQITYFRG7NVKFJWQ,2023-05-15,일반
AHRMTJI2P2FYQXZF7P6PE3DCVGSA,2023-08-10,일반
AEPVE4Q7HRVR3QMCG6ESOSXYDQDA,2023-06-05,일반
AFX24UUAJRY7IISDXX3BFEDKLDBA,2023-05-22,일반
AFD544VTKFVTUBCBN3HKF2KO33TA,2023-06-07,일반
AFGRUPW5QB7WCNB6QKBQJWLRD4SQ,2023-11-22,일반
AGRR6GRZAAPRWPGGLWWM6CDWN7RA,2023-12-10,VIP
AGJGG57T4EJP24EKCE3C2CK4NW7A,2023-09-19,일반
AHVU5PK5OI6FPAUBWIMRVJI6R6TQ,2023-10-10,VIP
AHMOWP3T2SGVWPONQFVMQF7VXWKQ,2023-12-04,일반
AEZVTURO3RCW36HWUQCQOZNUVTUA,2023-12-10,일반
AHW4IKM2QWQX22HWYCOLRRSLHPGA,2023-08-17,일반
AHVVQSZB3JHHISCLVRS6TQ3C4U5Q,2023-10-07,VIP
AGZBGKOW4VXFSEF7XEZVSQ64QYPA,2023-12-24,일반
AHCWZE3EM52ZUVKJW7SOXP6VR6LA,2023-10-17,일반
AEVLA6TQL2TPG77DKRJJZAW4TAFA,2023-06-17,VIP
AFNNCGL5JBORWSOVSUZOR3QLDPXA,2023-02-16,일반
AFZG5KAKVPLZDANPRWUKN5BWXD2A,2023-07-22,일반
AE4CX4G4C5JU6S4MBHE5YZO3AHXA,2023-08-02,VIP
AGA33ZYLMIQ3HBG5ACKY5VEETEUA,2023-09-03,VIP
AHL4FIBWH6TPOJZ476FTXTHNENWA,2023-01-24,일반
AEXAHI5CKWRYPNEQ44TTTRH2P2BA,2023-11-17,일반
AHQEKWKDWXOSWBYR3NWYXYNBHMEA,2023-10-01,일반
AHPBB6JQ4LLIUNNIDVY4JLISWOKA,2023-02-13,일반
AGHFLMM7R26ILT3NQZCK66RG6LSQ,2023-11-28,일반
AGMXXCHBISHJY74CBGESRTYDPFXQ,2023-11-09,일반
AEE3AO34SPLLZWYEDMWH5JJWGQNQ,2023-12-29,일반
AFXCPBDKDKLHFF6T4IBIOSNWH6SA,2023-06-05,일반
AGS4ODHNPY3TQGAIJFDY4I33URHA,2023-07-18,일반
AFFSSRKP2H3OGXCIJXFM4EJPPYOA,2023-06-11,일반
AFZ3M7CZNIRAIQ7MRL5IOMSSDREA,2023-08-22,일반
AGCI75IEZFCJRJTO6PEM5QECBNEA,2023-06-12,일반
AGCDE6OVTHMBS6JH5ML2LK6ITAEQ,2023-04-26,일반
AG3NJTJII7WAT5XWQ2K5AATDZTXQ,2023-04-03,일반
AGVNPLKC3QPYKKS6K6WXYP4LCCAQ,2023-02-11,일반
AGHEWBWCR2RQ6TTCX6RYM2Q4TZAQ,2023-10-11,일반
AE7FJN3NTELV6LEGHCJEF3KVHDTQ,2023-07-29,일반
AHKROJWBVJVV7IKLAA25VSE6D3DQ,2023-07-25,일반
AGVKMZBRHV3SFV4YC5BYJPTXY6CQ,2023-08-08,일반
AFFWY6CWXFXPQZ6FP4RDR3FHTCUA,2023-10-07,일반
AFHIHV565WL46UIVDWGV5UZHZFXA,2023-05-16,일반
AGPWCDNDTSD6WCMHDWECMEE7WQTQ,2023-04-16,VIP
AEMUKHRIKGIUXS6PTQTYDTMGPNMA,2023-04-28,일반
AERBIKQOWRHZIFLPTJF2KBWMMN3Q,2023-08-25,일반
AG33A6XPV67G77FOMXFCNTTPNT4Q,2023-11-05,일반
AEOZ6IIJSUVKY2DNOQELNMP5IOQQ,2023-04-10,일반
AHCYUIAHUVSXADLSWJDVSHMJFLJA,2023-09-18,일반
AHGEW4CMLQ7VCFGGWB3DZNZKG34Q,2023-11-01,일반
AH4RT3Y2GD6IHEFNW3U3YFR2GG5Q,2023-12-20,일반
AE3PDSVEERSBHPUPUMIXEGBQCB5A,2023-10-13,일반
AE5HUIXKA7KHNJP7S6ON4CEY4R4Q,2023-11-24,일반
AFWLTMPGTO2JIFW3KVLCHQRKKT7A,2023-04-13,일반
AFOFEXFKGILFV2MXRWKIQNUBGBIQ,2023-03-04,일반
AFF6RNKHPURFSB5UIHSDV57IS3QA,2023-06-24,일반
AF6JFHLKQS4FIBNZL2RXHSP2JWBQ,2023-10-09,일반
AEPPIQQURP47JFRUYVS6AA2SM4AA,2023-10-20,일반
AHUKPJSLGRSR3QF4RCUALWBOTCBQ,2023-08-14,일반
AFV32V72IHKH2ZAH2IEVBKFU3Q4Q,2023-01-07,VIP
AGKHS73PPCIKJQ7QX235SKK7YMHQ,2023-05-07,일반
AFZXGY75HWOEPDLC22OUNIQJR2QA,2023-04-02,일반
AE33HJDC2ZFONU6UHWESJ4GJ25ZQ,2023-07-09,일반
AFFYMSNEPTYBAA3XSKSKTTKL4IMQ,2023-12-25,일반
AFWLEJQMVZSV4NECM7C4TABYGHOQ,2023-02-22,일반
AHJGMKHBETYL4Z62HIET2F5A26LA,2023-08-30,VIP
AH3NI5PJBOIMZUQC5QQ5KXDHDXDQ,2023-05-12,VIP
AHYFYPIPAAEIIOCW7BEE7UHNOGHA,2023-12-30,일반
AGVTOMJQZYE44OZJMCZQTAQSHWHQ,2023-04-22,일반
AF3X5V6QWE5IUSPU5AHGCLIYQMAA,2023-01-07,일반
AHVZ5IAOQDTXLG7AYCDLY5WD5PHA,2023-08-18,일반
AHS3LX2IOLEOR2UHJYGGCX2NI6HQ,2023-06-05,일반
AEVSZHH3OHO4MIVQF6SGZDVVRFVA,2023-07-16,일반
AHKH6KARYAE2LBQTRJTOQQ4A2KHQ,2023-11-19,일반
AHMI2FIEMNMACC3DTD5FDHX344EQ,2023-12-30,일반
AFGD7XWANZCPZOJOTM5PO7TCC4SA,2023-08-11,일반
AFWULLB4WTCWUBS3KIZWV7RMFAAA,2023-09-07,일반
AHV7VFXJYDBTWGFGTXFVC65CQIVQ,2023-03-24,일반
AGW6QL436PWO4PTS75F4GYFM6TPQ,2023-08-28,일반
AEET56DWLVEJJRK3CQLKWYUG5W4A,2023-12-26,VIP
AGBRFUHELLXUZJTMN2XOV5IHEUVA,2023-11-19,일반
AGRGKOV4SZL6UI3OMEMDQKJUOMWA,2023-09-20,VIP
AH72U56SHLQV4MOIZHY7OJODJUAA,2023-07-08,일반
AFSWFVAHMN3MNN457KL457SXEXOA,2023-10-17,일반
AHHOQFQAQ5UY2BHG4MLKV7M6LOFA,2023-12-28,일반
AEBNUYHIR7GVMMLJXH5ONPDIJF7Q,2023-02-27,VIP
AGPI7NG4ZSTCPPICRFVFF3BZZKJA,2023-01-09,일반
AF2ZSXZS5476YN4AMMKPGHYPSUNA,2023-10-31,일반
AGI5JYP2PTBS5BOW72RQ5IOS5WDA,2023-04-25,일반
AHLV2WM2F4G6ZNVZQ5QFP54YKIYQ,2023-07-29,VIP
AFQBR22IILK5VURY2SHERMQK4GQA,2023-02-10,VIP
AE5MAL4I5X3GDH2YF3MSDC5BPQCA,2023-10-31,VIP
AG3VYIAF4Y62PHDG5OAJK2KF4X3A,2023-06-22,VIP
AEFNT7TWJYDOX5RL3Y5YW77IZT5A,2023-08-22,일반
AETQ6J6XGXAXMOQCY3VCPLOJ6WFQ,2023-10-08,일반
AFHA226SDRCFNI2A6W5IBCVKEOCQ,2023-03-19,일반
AH7CI34EC4Z364IYMFO6LBNA67VQ,2023-04-18,일반
AGN4KBBUYAKJFPC3QCNLXJ24Z4YA,2023-10-08,VIP
AFKFBTTWJBF4ZULRAQ5HQ6JUUMUA,2023-02-08,VIP
AGECQN4Y2J63ODHOTCU6EK3MX5ZA,2023-04-29,일반
AEEGGJUP3XKWMPAPJDTY5TEICVNQ,2023-12-01,일반
AHFX5HMDRZADFXH5XYJLGRDZFM3Q,2023-12-02,VIP
AEAK4OYOCJC43VRIH3NDSRTPNIAA,2023-01-27,일반
AHT6ZEDKJSMRZZ5QDQDQ77KPIX5A,2023-04-14,일반
AH4JTC3HW6JOKBIRQQD65TQA6YVQ,2023-03-15,일반
AE2LOPNSKMI6BX2SCFLMGUOITKIA,2023-07-10,일반
AFAMW5VFGUDWD5EG3XOVTETFW3KQ,2023-11-20,일반
AHBRVKDGN2EY76OONE7QQSLLBEVQ,2023-05-27,일반
AGE5HMZHE7YBYMEAQJ5B4CP7HG7A,2023-09-12,일반
AGYYUWOUJKKTMI5CXTJHL6S5YKXQ,2023-10-11,VIP
AFNA3KTCXDH5PVLFM3OD2T6CGYVA,2023-08-01,일반
AE3CY2RS5BHE5G25RBAQFUY2FDCQ,2023-05-03,일반
AEENNI7W6SOEI77V5T55AFK62DUQ,2023-07-25,VIP
AG37OII7FSO3PNOBDK34OCKYHFMQ,2023-08-28,일반
AFPINFUHYQXL62GQ5WIJIIAOGBTQ,2023-12-05,일반
AGNI5MF4JAOPSC4YENVQ66JSXMOQ,2023-10-13,VIP
AFHAHH2DM5FFTGWJWMQBFMPZJE4A,2023-01-22,일반
AGWWAYI5PN6JJ6UDW7QGDYYH5LHQ,2023-09-16,일반
AHFV5ARR3PS2ARXNE6ZUZWY4WTSA,2023-12-23,일반
AHRCI5GQKXZVJF3CJZTTJPDLVAMQ,2023-04-15,일반
AGAX7R5GL5K2RGHQSQTDMPYC72PA,2023-09-15,일반
AGYHKR66NKJAPKDC55IEHLPVQBHQ,2023-07-23,일반
AHGV2ZMWXKZRSG46I5AFRD5GBFPA,2023-11-06,일반
AF2Y6OLJTC5NXEHBTQINTOFXPV3A,2023-09-19,일반
AHLVFDJW36WQI2EAJURC4Q4525JA,2023-04-17,VIP
AEPLCTMJT4PB45KID6LD2QCXWFRA,2023-09-08,일반
AFTPT6SDAPBP56ITOKZY3442VXDQ,2023-08-09,일반
AEAXGTO24BDGSEOOQZQD66GYWOMQ,2023-08-10,VIP
AGRFU2E5332IPYIHMDTNR5CLRAFQ,2023-09-15,일반
AER6BVYOQILND5BWBPLW23VBZUHQ,2023-07-20,일반
AH3WCF4HQWRGOSXW5I3L4QNGT6EQ,2023-09-15,VIP
AHM3BXOUUDTBKLOHL25BC3ROQRXQ,2023-12-15,일반
AHZKJ2F3AH7NRAMA5QYV5DKOBMAA,2023-08-13,일반
AFQWELRSJ2U4E2GUXWDKEGNYOGJA,2023-07-21,일반
AEHD5BWCDLH2JHNRTU4CYG77GKXQ,2023-08-14,일반
AHFBHTJ6XSO77AL7PDKEF2O2QAFQ,2023-08-24,일반
AEAAA47F4XDSXNLTFKAEKQXYDDCA,2023-07-02,일반
AHETDOMLHXT6JQVMKG2U7NOSSZOA,2023-07-19,일반
AGK7SKRMUPZU3HWIBRGRQPBO6ATQ,2023-12-23,일반
AGEO4GF6QGKGSKFR3TPV2QB5RO6Q,2023-09-03,일반
AGV7SFITZ2DQMTXD57LWEKIXHE6Q,2023-12-19,일반
AEDWGHRREZFUGG26RHCC755HN7HA,2023-04-21,일반
AEHCKIGIFLT2FLLRLX7SPCJESYGQ,2023-01-06,일반
AE7SGVKTAI4S2KFUR322Y2MCWYFQ,2023-08-24,일반
AG5BGJGG7C2RVJR4EFQIISIJ2YYQ,2023-05-07,일반
AHKUTOCV35GQXKKER66MS7NYIUXQ,2023-04-14,일반
AHNDAZGEJUCDIFQ5CVONDFNJQHOA,2023-08-25,일반
AHHQSBPLDA34RFVGLUJTK7JWFWXQ,2023-06-04,일반
AHQNLR3YPZ4EQS27FI6K5K3JCMIQ,2023-09-14,VIP
AHIVX7Y7GNWVU36D4RNPEFSHHQCA,2023-08-23,VIP
AHJDB2E42D2O4IUV5IV5HDN75O3Q,2023-10-16,VIP
AHQASZSLIQF46BI7YVMMTXZIXXUQ,2023-02-09,VIP
AH3Q23KAOXY4OMDBKJR4DIU7RIEA,2023-10-15,일반
AHJDQ4YHS7U7JGX6HJY5OU5IBVGA,2023-07-16,일반
AFWQOENTTFZVSVZPJGTHXDV7G5JQ,2023-09-30,일반
AFJRZNL7J4OL63FWNNUFK5PPJZGQ,2023-09-21,일반
AG4KR7KOATA2RKEX5D2NQICRFZ3Q,2023-02-26,VIP
AFRIWQJKFSDZKTRTU5RSBKSQMIVA,2023-10-25,일반
AHFQXP2EQZOT7NTNHK5TMB6QA5QQ,2023-04-08,VIP
AGLL6YL7RHHSDDGKWQO7ZIG3TXDQ,2023-05-17,일반
AGT4T2NBHXL5XVSRRCKSIGW7LDJA,2023-03-28,VIP
AEAZZCC5KRGSGXGTGBRNK2O6IDAQ,2023-08-30,일반
AGBESE5F5QORNV2B6HE4UL4AMZ7Q,2023-07-18,일반
AE7QJ5FKTIU6K26GFQWGMXKO2MGQ,2023-11-06,일반
AHKMDKVJS3O2FONH6P2GLWKV7BGA,2023-03-25,일반
AF34WPWTTDCKLYAOTG56T2KNCBRQ,2023-08-30,VIP
AG4L77PETD6JPT4LLTVG4WDS72PQ,2023-10-08,일반
AFK7BE52MSABKTBBCCFFW6SINUYQ,2023-11-19,일반
AHYIUARUTB7FHBZNQDO2RVV72XFA,2023-09-09,일반
AGJW572HJZWB6REZMBNPGF2PEYPQ,2023-07-09,VIP
AGTPLNZTYUEFVBGKKKMV5O66LJIQ,2023-06-01,일반
AGYWNEMMI425KXXTZCVB7FOQBWNA,2023-10-29,일반
AHLPIV7SYJYC4OPSLCRAC3YVJ2YA,2023-10-05,일반
AFNXN32OITFCDL37ZNCO5GVSWGBA,2023-05-19,일반
AEHYZUICPG76APEFLWIJM2VEL44A,2023-06-25,일반
AHN7KDVM3CXUADMOVMT45XTTPQQA,2023-01-08,일반
AFPPFPKUIMU7J2Q5XECEA2OAWGQQ,2023-10-22,VIP
AH2NDKEF6SAXWMINDMG7S6YD7IMQ,2023-08-23,VIP
AEACEPNVLWUZDAPOTC4PB6YMDU4A,2023-06-12,일반
AH4HHPHQEEW6TGP4SIWHZPZAUM3Q,2023-02-18,VIP
AHQOM5PWAU6KFW3HTQIT4BOV2XEQ,2023-10-29,일반
AERKVDGB67MRPUA7EHTNJYGY7JAA,2023-02-07,일반
AF6MFZXNYSO5M47G6B3UUTJAINPQ,2023-05-16,일반
AF2EXNHBVW22JUI2M3SOSBOLFKTA,2023-11-06,일반
AGIJXNFC5UX7UAPUWQCEFE2IN43A,2023-08-07,VIP
AFU2G5BSSM76EG3V5K6ZIZ3NVIRQ,2023-12-14,일반
AGWJM4UXHNXL35HZ2RI6VJSH5KLQ,2023-10-23,일반
AH5Y43O2IZ3KNXE766GJMNEVTYZQ,2023-02-03,일반
AGHZSEUC44TVE5MU6KPGKEPS6ORA,2023-12-18,일반
AEJHCNCKOWWSZBGYQZF34SCZVKZQ,2023-03-20,일반
AEOAQQUIW5XQW2XAAIMHD34MNHAA,2023-08-24,일반
AEHANMVD4Q7UEQ2XXSW7XW72EJKQ,2023-09-30,일반
AF6LRVDRKYWPTZXZLQERZ3LXCWDA,2023-06-10,VIP
AG7FU75LA5ONPMNEVH6X47PHPHYA,2023-06-24,일반
AG3YRWMWYEW3G2WELWCNIU2H7HQQ,2023-11-04,일반
AGXZDH5CDJHVZVCYA6555BIZIWTQ,2023-08-09,일반
AEP6P6MBRADJL3SDICYEMQUWXVEA,2023-01-09,일반
AEVOU4VDGD6M5VOUU47DZ7JRABEA,2023-10-16,VIP
AGA3BZEL7AM75FQS67KO32HQKWHQ,2023-04-23,일반
AHYU5NW2HTBFSIBPELM5BWRVFHDQ,2023-07-24,일반
AGG6B7ZD5FGH7KFHMESWE3VMHGBQ,2023-07-05,VIP
AFEETHDN6SAGGKCZIRQGUDEOI2CA,2023-12-07,일반
AGTEW64WBNTZFGCWJFDWLOYQQXWA,2023-07-16,일반
AF3B6IE43CRY3EPVX6IXI2L453KQ,2023-09-23,일반
AH4F52IVOKDLXOGFBNZTNC3FHSJQ,2023-09-19,VIP
AHNXK47JHYPTN7OEUHPGH4KKQUWA,2023-09-05,일반
AH3WE6333SFYEWEFIND2BCGNGJLA,2023-04-25,일반
AFHMVP4622IBCZIZ2BQ2DQYMRXYQ,2023-05-01,일반
AF7UYUVEZZUXIIOJWWI776NZPTRQ,2023-05-21,일반
AH6UCH7MNAI4EDGZ2Q52KI4MDDBA,2023-03-06,일반
AHAC5FGED7HOO5GSKRTNCX7RMQFA,2023-10-03,일반
AFCQT3WCIYIHW4QJCMZSEXJ2A6QQ,2023-11-09,일반
AFNH4WZFYWT7D2WDKDIWY4YTR3CQ,2023-08-27,일반
AFKSVLIYFZUL6NT2QFBSXMWYZUCQ,2023-10-29,일반
AGXUG6UVU2G7J3OXP4REN3VZCE6Q,2023-01-10,VIP
AHRFHGMEBL54OW7P2XZGYOFE7WKQ,2023-08-21,일반
AGK7PREKINHWXGPFNGY22DD3HBKA,2023-07-14,일반
AH4R4F2GBWKTYFEROXDJIFWWCTBA,2023-01-12,일반
AGCUJWCPKIL2XXCLVNXIIA7HHRRA,2023-06-26,일반
AGBHIIDMDAHDT54JKNQNZ4VK2S3A,2023-06-26,일반
AG3TNZMW4L6MIHXZG4BLGEXDGJPA,2023-08-05,일반
AFAK7LP652JWFHXYGYD6DRPSUTVA,2023-01-11,일반
AHLDPH6DDZRW4YJZSSOINP64R23Q,2023-04-28,VIP
AFC3FOLK4BMVVGOHLENHL5ZUXK5Q,2023-06-13,일반
AHURA5DMKF4YWCDDT44ACQDCBJAQ,2023-02-08,일반
AEQS4LQQWZZFTAEDZWPGCLOHIY4A,2023-02-22,일반
AGURD6PDFJNKIME6ZWOELPMKRYPA,2023-08-06,VIP
AG7YGYMECZTW3ZHP6BK4BNREWP6Q,2023-07-25,일반
AFXUNDGJZ2S2L33AQDVM4G4PFA5A,2023-11-08,일반
AGRI64OJMOPQH24IHN2A5IB6LQAQ,2023-12-26,VIP
AGNFSGP5VLI35V7BNL2K3XXHGG4A,2023-02-25,일반
AEC273TXQHQG4ZDMVD5VILLPYQAQ,2023-04-28,일반
AEHOZYTOH5VUWA2Z7OB672WX4F5A,2023-09-10,일반
AEF3QNOCDEMLINRVML6H7XIGWYPQ,2023-10-13,VIP
AHX4KZVASMGQQOST4T2RAQUZTLCA,2023-09-25,일반
AFW6K3O37RXWAJP5JDCSPNPENYDQ,2023-10-18,VIP
AHELMAOGW7CMAPA6PJOO3INMBRBQ,2023-11-29,일반
AE4DX3LKPJLQMTSMMVZISY3Z4LAA,2023-06-29,일반
AEZVKCBQBC3W5IQIFD4ZFTL6IFAQ,2023-12-24,일반
AHX47N6TUNADPXMMQKVASVBNIHJA,2023-08-23,일반
AECFYIUCHSZXDLACTYPEUSM5DIKA,2023-12-09,일반
AF546S43YKYCJWRD7WSYO2ITLIYQ,2023-07-15,일반
AFLIE3ETZWXFSR27QFUUOHKSUR7A,2023-11-04,일반
AF4PRU3C3T6I4MXOKQSUH56QVIHA,2023-03-21,일반
AECDY7FOZSIRF26RIVPKPTJBAR2A,2023-05-15,일반
AFPDX4B54JY4ZIBKARJPJUUPPBWQ,2023-01-22,VIP
AFPKIF7E3TYXUT52HM46PVZ7LIVA,2023-11-27,일반
AF6SB3YM3WFAJT5QWKS44BGB5RNA,2023-08-13,VIP
AFCTMQKPVJI6Y2JPIGDKRKIAV43A,2023-02-27,일반
AF6XUHN32GSFA7LFG7MHGNXSKBEQ,2023-04-03,VIP
AE7CCWXTUAVBDTLXQJEP7M5M7FPA,2023-07-11,일반
AH6PG4VBSGWZNZWULXHBO772JP6A,2023-04-13,일반
AFLHQI5WLHXYFRFITHAHJL5PSDSQ,2023-01-07,VIP
AGDIZUYGIWBTV55BOB2GOTNY6ZTQ,2023-05-08,VIP
AHYXOMUJUKZHBWHP43ZAB265EDGA,2023-02-24,일반
AG4C27NTZZ7HTG6W3ADZYHAUEZCA,2023-08-19,일반
AFYACVFEH3NFVZ5LGOPEBKBCLSSQ,2023-12-28,일반
AHTHUJC6TX2WAQ5SO24MVWJONMEQ,2023-03-03,일반
AHIJ2RAFZZHMUPJJKYHE2CU7ZNEQ,2023-08-28,VIP
AENGHEFJVZDD5IE57TJ62DY7CY2A,2023-03-31,일반
AHOKBMECKUGAAX2ERFRKMQZNSR4Q,2023-08-20,VIP
AE4PHOB4VRRT6W2L4E5TT4QROAWA,2023-08-21,일반
AE5FZ5B3EEES45Q26PNUBTJ5DRYA,2023-12-20,VIP
AGL2B432J2VDHOSUWTQ6KOAS6AMQ,2023-11-29,VIP
AFWPWQ32B7BLW23MWYFHGYLNGUCA,2023-10-19,일반
AFNUTTGM5CBUQEYWPEQ57UABIHAQ,2023-12-11,일반
AFYLL7VANUJZ6M4L3277TRRERA5Q,2023-06-01,VIP
AH3VEJH6HMUCM37ZZNCMRNPY6S3A,2023-05-25,일반
AE4BFRYLLJQRZJLJ755OH7DYIE4A,2023-05-10,일반
AF2LCSDV3YQRDO3B3ZTEEFLFNLLQ,2023-05-21,일반
AFPKVN5KLHB4MHSYDS25Q5MIWWKQ,2023-04-03,일반
AHITFY6AHALOFOHOZEOC6XBP4FEA,2023-04-24,VIP
AFRABBODZJZQB6Z4U5FLWEWBAFCA,2023-10-11,일반
AHECHWNSEMINYA7KJCRNVT5HCJ7A,2023-05-23,VIP
AHZE7X4JEEFGO55ORGHVUFLEKD3Q,2023-08-11,일반
AG6T7YJGBNIZFYN3IETCMEP4ASJA,2023-08-20,일반
AE5JV64MRH475HD7BRHX43UG5U4A,2023-02-02,일반
AES5H357DGWET4IZXLW4IEQ4QYIQ,2023-10-03,일반
AEB3GRL6Q7FDMQSWGOPRAZ3VUL7Q,2023-06-19,일반
AFG5FM3NEMOL6BNFRV2NK5FNJCHQ,2023-05-20,일반
AGEINTRN6Z563RMLHIZEHMNU5UOA,2023-12-23,일반
AHOV63EYPKKFN2RY43FLDEO5XSYA,2023-07-20,VIP
AECUT2M2ZMO76YUEXUVPCKGFOHMA,2023-01-23,일반
AGGQG3GYBNP6LFX4FYECSABC27PA,2023-08-12,일반
AG2JLSQXNIT6S4LCGHMOGFTHOOPQ,2023-09-27,일반
AHKGLRHEHJ2FLFRMXYW4JTAQIFQA,2023-12-13,일반
AED6PKQYUIQOV6YB4NAZTJQ2VCIQ,2023-06-02,일반
AGVPWCMAHYQWJOQKMUJN4DW3KM5Q,2023-11-29,일반
AF4Q3E66MY4SR7YQZSWBBRU5XQKQ,2023-03-26,일반
AEM2ZDSQE4QZIGTCTE4HSNZOS7DQ,2023-04-19,일반
AEHMIAQFYXW3CY6Z37ABRXSOJRPA,2023-01-31,일반
AHJCYSNMFLZM7CA4FGDPU7A4UHYQ,2023-08-17,일반
AEQTWNQ6GKTOSJO3ZEPHRTH56VCA,2023-08-28,일반
AHIHPBLP6PPV66Y3AWOSYFBVZPFA,2023-12-29,VIP
AGHBKUHIWVOPUQYFRA6PXIIC6R5Q,2023-11-06,일반
AF2JQCLSCY3QJATWUNNHUSVUPNQQ,2023-05-21,일반
AHMWJ32LQF2YEADFPUML4EKXUC3Q,2023-06-05,일반
AFXERFNWKFFWECCPZJBRP2N23XJA,2023-10-26,VIP
AG74HALEHHRAVFNXFHBM75RWZD6Q,2023-12-11,일반
AEDOS7O5DUVDYA7EHU6VERPRAFMA,2023-04-09,일반
AFKWDCNGBBYBDQBKMFJUVJYY77XQ,2023-02-16,VIP
AGQCHAIK5FZZOA67FTG7HET7VVJQ,2023-11-23,일반
AG7QNJ2SCS5VS5VYYBNV4HDSIJ4Q,2023-03-08,일반
AFUDGN5MEXLKUULNTM7Y2G5P7TYA,2023-03-03,일반
AHXCDNSXAESERITAFELQABFVNLCA,2023-04-19,일반
AGRZD6CHLCUNOLMMIMIHUCG7PIFA,2023-06-16,일반
AEALVGXXIP46OZVXKRUXSDWZJMEA,2023-02-06,일반
AGEFL3AY7YXEFZA4ZJU3LP7K7OJQ,2023-04-29,일반
